transaction_id,timestamp,hour,day_of_week,is_weekend,amount,atm_location,card_type,pin_failures,transaction_success,velocity_1h,velocity_24h,distance_from_home_km,balance_after,account_age_days,is_fraud
6253,2024-11-23 13:15:06,13,5,1,252.19,Shopping Mall,Amex,0,1,3,2,15.68,12266.93,1138,0
4685,2024-07-07 07:54:44,7,6,1,114.0,Gas Station,MasterCard,0,1,2,3,48.08,29428.76,474,0
1732,2024-12-05 11:30:51,11,3,0,278.66,Remote Village,Visa,0,1,2,3,44.24,38240.28,2482,0
4743,2024-05-12 10:16:29,10,6,1,390.8,Shopping Mall,Visa,0,1,2,6,23.04,33746.64,1740,0
4522,2024-01-17 16:53:17,16,2,0,312.17,Hospital,MasterCard,0,1,3,1,30.95,44673.37,1525,0
6341,2024-06-24 05:50:49,5,0,0,171.6,Hospital,MasterCard,0,1,3,2,15.59,17191.8,2673,0
577,2024-07-28 18:21:52,18,6,1,128.41,Train Station,Visa,0,1,3,6,16.67,15211.12,256,0
5203,2024-08-25 04:04:03,4,6,1,175.95,Train Station,Visa,0,1,3,1,13.56,9725.91,2506,0
6364,2024-07-12 08:29:28,8,4,0,456.08,Train Station,RuPay,0,1,3,3,14.85,34308.44,540,0
440,2024-08-26 09:16:55,9,0,0,23.18,Downtown Branch,Amex,1,1,2,6,24.62,49269.53,2383,0
2751,2024-07-24 14:26:00,14,2,0,405.04,Train Station,RuPay,0,1,2,3,18.26,40055.65,1994,0
7488,2024-04-01 10:35:21,10,0,0,471.41,Airport Terminal,MasterCard,0,1,3,5,27.23,17117.06,2907,0
5273,2024-06-11 14:42:02,14,1,0,175.61,Suburban Branch,MasterCard,0,1,3,6,23.1,21537.47,188,0
5654,2024-01-15 09:12:29,9,0,0,34.2,Remote Village,MasterCard,0,1,2,7,1.83,37915.4,3561,0
4000,2024-09-07 21:03:01,21,5,1,259.24,Remote Village,Visa,0,1,1,1,3.58,44224.77,3569,0
6034,2024-07-11 23:32:21,23,3,0,31.5,University Campus,Amex,0,1,3,2,47.2,3125.98,3210,0
583,2024-09-29 08:33:36,8,6,1,331.42,Downtown Branch,Visa,0,1,1,8,30.56,41784.07,291,0
9931,2024-02-12 21:26:25,21,0,0,121.16,Train Station,RuPay,2,1,7,7,720.34,-464.88,4,1
7052,2024-09-18 04:33:03,4,2,0,309.99,Shopping Mall,Visa,0,0,2,2,3.0,12634.41,3208,0
8159,2024-10-14 11:26:42,11,0,0,470.3,Airport Terminal,Amex,0,1,3,2,33.91,10669.42,2904,0
9897,2024-10-09 03:59:15,3,2,0,1755.24,Remote Village,Amex,3,1,10,12,1359.49,462.48,107,1
2250,2024-03-25 19:06:46,19,0,0,117.8,Suburban Branch,Visa,0,1,1,7,20.09,15007.01,1988,0
4641,2024-02-26 01:56:30,1,0,0,303.16,Suburban Branch,Amex,0,1,3,3,16.33,45591.02,2241,0
9486,2024-01-29 16:34:24,16,0,0,335.36,Hospital,RuPay,0,1,3,1,18.62,48624.31,2034,0
4948,2024-06-15 00:58:07,0,5,1,413.19,University Campus,RuPay,0,1,1,8,36.73,12098.53,2570,0
9921,2024-01-15 10:28:14,10,0,0,291.03,Gas Station,Amex,1,1,4,7,3045.73,1187.56,69,1
1964,2024-07-06 10:26:46,10,5,1,409.84,Downtown Branch,Amex,0,1,3,2,17.81,34309.4,800,0
8244,2024-08-22 07:06:34,7,3,0,423.13,Airport Terminal,MasterCard,0,0,1,6,37.12,49032.9,114,0
6591,2024-07-06 20:58:31,20,5,1,309.78,Downtown Branch,RuPay,0,1,3,5,47.48,19736.66,757,0
8848,2024-05-19 10:51:11,10,6,1,452.06,Downtown Branch,Amex,1,1,3,6,33.44,15980.36,1567,0
322,2024-07-26 23:21:21,23,4,0,349.79,Remote Village,Visa,1,1,2,5,3.95,45148.58,2955,0
2679,2024-06-02 10:29:04,10,6,1,464.09,Gas Station,Amex,1,1,1,2,29.97,7742.53,2203,0
4626,2024-01-31 12:50:35,12,2,0,228.6,Downtown Branch,Visa,2,1,2,1,47.5,2002.28,3009,0
4950,2024-09-07 18:39:17,18,5,1,160.28,Train Station,Amex,0,1,2,5,6.06,44443.21,1750,0
8329,2024-06-10 10:04:24,10,0,0,94.54,Train Station,Amex,0,1,2,2,27.51,44743.42,1353,0
3338,2024-09-29 13:37:52,13,6,1,167.47,Suburban Branch,Visa,0,1,3,7,20.16,31249.64,2257,0
5590,2024-04-28 02:13:28,2,6,1,274.16,Shopping Mall,Amex,0,1,1,1,3.57,44799.35,1712,0
252,2024-08-27 18:14:14,18,1,0,102.81,Gas Station,Amex,0,1,3,2,33.61,15727.97,1007,0
3974,2024-03-22 21:18:57,21,4,0,240.96,Shopping Mall,MasterCard,0,1,3,2,21.11,34082.66,322,0
6631,2024-06-12 02:07:56,2,2,0,200.21,Gas Station,Visa,0,1,3,2,44.5,39406.55,2722,0
5548,2024-11-09 17:56:23,17,5,1,80.86,Hotel Lobby,Visa,0,1,1,3,6.74,29709.2,1490,0
36,2024-11-14 15:57:12,15,3,0,401.77,Downtown Branch,Amex,0,1,2,6,13.93,3564.1,3197,0
8363,2024-09-30 01:13:00,1,0,0,460.37,Remote Village,Visa,0,1,2,3,15.26,9782.28,3391,0
1514,2024-07-26 18:22:53,18,4,0,498.06,Suburban Branch,Visa,0,1,1,4,36.9,11001.68,426,0
9318,2024-11-07 16:48:19,16,3,0,234.39,Hotel Lobby,MasterCard,0,1,1,2,4.0,26670.19,459,0
40,2024-08-30 00:13:45,0,4,0,170.68,Gas Station,MasterCard,0,1,3,7,16.31,34890.7,2300,0
4820,2024-08-14 10:11:53,10,2,0,317.3,Shopping Mall,Amex,0,1,3,2,41.03,19494.3,2785,0
3466,2024-04-28 13:30:30,13,6,1,219.15,University Campus,Visa,1,1,1,3,40.01,4477.23,1042,0
1761,2024-11-23 17:09:48,17,5,1,242.63,Airport Terminal,MasterCard,0,1,2,2,37.38,2276.62,1515,0
2305,2024-08-27 23:20:24,23,1,0,234.28,Shopping Mall,RuPay,0,1,2,5,17.86,25667.67,1108,0
3724,2024-06-11 14:53:58,14,1,0,289.11,Downtown Branch,Visa,1,1,3,2,21.37,20079.1,2173,0
8285,2024-03-04 15:32:26,15,0,0,480.95,Downtown Branch,Visa,0,1,3,6,37.72,34187.02,395,0
4994,2024-02-08 06:30:59,6,3,0,36.83,Shopping Mall,RuPay,0,1,2,3,4.05,17098.57,385,0
8128,2024-07-19 20:06:12,20,4,0,238.87,Downtown Branch,Amex,1,0,2,7,17.86,7440.75,2144,0
3033,2024-08-29 23:15:29,23,3,0,440.13,Train Station,Amex,0,1,3,1,42.04,24695.09,612,0
7939,2024-11-05 05:20:00,5,1,0,387.07,Shopping Mall,Amex,0,1,3,3,41.28,15187.84,2250,0
3040,2024-07-18 09:06:01,9,3,0,164.92,Airport Terminal,Visa,0,1,2,5,39.96,18556.59,760,0
9656,2024-11-12 01:55:36,1,1,0,389.52,Gas Station,MasterCard,0,0,8,19,2165.95,832.6,127,1
2546,2024-02-10 11:12:37,11,5,1,106.55,Suburban Branch,Amex,0,1,1,2,31.11,39947.52,1274,0
2593,2024-08-12 07:47:14,7,0,0,433.75,Suburban Branch,Visa,0,1,3,6,30.44,43968.98,1994,0
1189,2024-09-04 07:03:18,7,2,0,129.4,Remote Village,RuPay,1,1,3,1,12.97,36084.85,3083,0
7967,2024-05-17 17:33:19,17,4,0,360.28,Suburban Branch,MasterCard,0,1,3,3,33.6,27423.64,2177,0
6078,2024-05-22 17:32:17,17,2,0,276.94,Hotel Lobby,RuPay,0,1,3,4,25.31,27973.12,3546,0
108,2024-04-17 16:23:19,16,2,0,432.03,Shopping Mall,Amex,0,1,1,2,33.05,1386.43,90,0
1316,2024-05-29 21:30:26,21,2,0,292.35,Remote Village,RuPay,0,1,3,7,28.75,40061.76,647,0
8188,2024-08-21 13:36:04,13,2,0,395.71,Suburban Branch,Amex,0,1,1,3,35.3,6760.71,1454,0
2754,2024-07-28 16:39:27,16,6,1,409.33,Train Station,Amex,0,1,3,8,10.15,39899.29,342,0
9754,2024-01-15 02:40:29,2,0,0,1304.13,Airport Terminal,Amex,2,0,6,23,970.56,1535.65,36,1
6232,2024-01-15 17:36:46,17,0,0,350.64,Shopping Mall,MasterCard,0,1,2,5,34.07,35954.34,526,0
2877,2024-08-21 15:43:53,15,2,0,418.68,Remote Village,Amex,2,1,2,2,28.22,32210.59,628,0
5324,2024-06-25 18:20:34,18,1,0,105.68,Remote Village,MasterCard,0,1,3,8,2.84,44531.36,1040,0
800,2024-06-25 13:46:21,13,1,0,47.58,Shopping Mall,RuPay,0,1,2,7,7.85,5626.12,2227,0
3571,2024-04-04 02:49:27,2,3,0,379.98,Remote Village,Visa,1,1,1,2,25.94,24605.12,2897,0
2895,2024-05-08 02:51:19,2,2,0,421.5,Hotel Lobby,Visa,0,1,1,3,6.66,39679.85,2293,0
2928,2024-04-06 10:37:31,10,5,1,342.17,Hotel Lobby,Amex,1,1,2,6,2.55,48479.31,899,0
8179,2024-08-16 02:48:41,2,4,0,148.63,Hotel Lobby,Amex,0,1,3,6,18.81,7124.06,3334,0
972,2024-07-26 22:27:00,22,4,0,423.42,Hospital,Visa,0,1,3,1,13.75,46755.3,2599,0
6688,2024-04-16 05:15:24,5,1,0,377.58,Suburban Branch,Visa,0,1,3,2,6.18,43196.8,3459,0
8576,2024-08-09 15:54:04,15,4,0,487.33,Hospital,MasterCard,0,1,3,1,27.02,42193.27,2081,0
2021,2024-04-23 05:41:04,5,1,0,317.46,Airport Terminal,MasterCard,0,1,1,1,20.18,36875.15,3159,0
9055,2024-06-11 06:53:17,6,1,0,188.73,Airport Terminal,Visa,0,1,1,5,10.24,16648.04,1943,0
953,2024-10-21 14:49:02,14,0,0,348.16,Shopping Mall,RuPay,0,1,1,5,20.25,14987.01,2947,0
5360,2024-08-18 16:11:35,16,6,1,260.74,Shopping Mall,Amex,1,0,3,3,17.82,31343.15,46,0
3858,2024-08-18 20:18:50,20,6,1,213.6,Train Station,MasterCard,0,1,3,6,31.64,25261.94,3550,0
5862,2024-05-14 20:43:10,20,1,0,474.71,Train Station,RuPay,0,1,1,6,31.66,35882.4,2397,0
3146,2024-07-19 00:28:44,0,4,0,150.65,Downtown Branch,MasterCard,1,1,3,4,14.41,7555.74,642,0
3306,2024-03-14 10:52:55,10,3,0,194.29,Shopping Mall,RuPay,0,1,2,8,13.11,22518.8,1185,0
3007,2024-06-21 02:05:19,2,4,0,75.07,Gas Station,Amex,0,1,3,4,31.21,47108.78,2854,0
9002,2024-09-24 19:15:17,19,1,0,185.17,Hotel Lobby,RuPay,0,1,1,3,5.77,25919.63,145,0
7771,2024-08-08 10:30:16,10,3,0,346.36,Gas Station,MasterCard,1,0,1,3,37.88,49644.83,2286,0
7439,2024-09-16 19:28:20,19,0,0,76.19,Downtown Branch,Amex,0,1,3,5,16.77,22817.12,79,0
7943,2024-03-30 10:56:17,10,5,1,307.04,Hotel Lobby,Amex,1,1,2,3,10.37,43984.41,3063,0
9239,2024-07-10 12:35:03,12,2,0,221.55,Remote Village,RuPay,0,1,2,3,44.68,25229.51,2255,0
1057,2024-02-14 08:46:52,8,2,0,30.22,Gas Station,RuPay,0,1,2,5,41.36,4316.22,1173,0
3155,2024-08-02 23:21:13,23,4,0,32.12,University Campus,RuPay,0,1,2,4,27.7,26410.64,2122,0
3788,2024-09-14 23:45:44,23,5,1,459.38,Shopping Mall,Visa,0,1,2,3,6.94,20774.47,996,0
9190,2024-10-31 04:05:42,4,3,0,138.86,Hotel Lobby,Visa,0,1,3,2,19.3,45407.49,240,0
7826,2024-02-25 11:09:48,11,6,1,244.52,Remote Village,RuPay,0,1,1,8,17.22,40750.84,806,0
7540,2024-12-29 18:32:54,18,6,1,483.4,Train Station,MasterCard,0,1,1,7,44.03,32764.33,2365,0
7232,2024-04-08 03:19:02,3,0,0,126.62,Shopping Mall,MasterCard,0,1,1,5,29.24,30265.3,3041,0
765,2024-03-17 11:01:29,11,6,1,98.95,Airport Terminal,Amex,0,1,2,1,29.63,31352.23,1399,0
5020,2024-01-17 15:53:13,15,2,0,340.94,Gas Station,RuPay,0,1,1,1,35.46,12156.47,1175,0
4904,2024-09-09 18:20:44,18,0,0,388.33,University Campus,Amex,0,0,1,4,5.77,23201.0,1342,0
8094,2024-05-10 23:15:06,23,4,0,478.84,University Campus,RuPay,0,1,3,7,6.92,48477.64,2829,0
6844,2024-08-30 20:07:37,20,4,0,475.56,Shopping Mall,Visa,0,1,2,4,42.3,43444.84,1112,0
2166,2024-01-11 09:38:43,9,3,0,497.06,Airport Terminal,MasterCard,0,1,3,8,9.49,18456.43,2517,0
1863,2024-07-11 18:53:36,18,3,0,212.44,Remote Village,RuPay,0,1,2,2,20.99,10145.18,1453,0
7851,2024-09-08 22:27:59,22,6,1,27.3,Airport Terminal,Visa,1,0,2,3,14.9,18966.53,2140,0
9124,2024-09-07 22:56:58,22,5,1,110.02,Suburban Branch,Amex,0,1,3,4,34.28,30516.91,1345,0
2341,2024-07-26 10:57:57,10,4,0,167.24,Airport Terminal,MasterCard,0,1,3,3,18.18,25899.46,508,0
5528,2024-03-15 04:54:59,4,4,0,237.27,Suburban Branch,RuPay,0,1,3,4,45.6,27275.8,2150,0
6744,2024-07-09 16:46:35,16,1,0,232.41,Hospital,Amex,0,1,3,7,12.64,7714.02,2951,0
4004,2024-03-07 04:12:23,4,3,0,193.42,Suburban Branch,RuPay,0,1,1,5,19.82,6814.11,1846,0
1124,2024-07-25 02:20:50,2,3,0,57.54,University Campus,RuPay,0,1,3,5,35.57,42009.82,2325,0
8710,2024-10-06 00:45:47,0,6,1,138.87,Hospital,RuPay,0,1,2,1,3.34,48584.63,1420,0
4050,2024-11-01 12:41:57,12,4,0,350.47,Shopping Mall,Amex,0,1,2,2,14.56,19843.32,3308,0
7641,2024-09-24 09:39:20,9,1,0,461.86,Hotel Lobby,Amex,0,1,3,5,1.22,19939.85,3649,0
766,2024-04-05 23:38:17,23,4,0,71.76,Hotel Lobby,RuPay,0,1,2,4,47.18,38809.9,2567,0
2345,2024-04-17 11:17:27,11,2,0,337.7,Hotel Lobby,Amex,0,1,2,4,17.81,41758.48,407,0
4072,2024-06-08 15:52:56,15,5,1,373.86,Hotel Lobby,RuPay,0,1,2,2,16.12,1561.88,2054,0
7217,2024-02-23 05:00:42,5,4,0,306.94,Suburban Branch,Amex,0,1,2,6,15.39,48563.95,1206,0
4217,2024-10-08 03:41:24,3,1,0,124.44,Downtown Branch,MasterCard,0,1,3,3,41.32,6880.56,618,0
7953,2024-06-16 16:48:32,16,6,1,301.19,Train Station,RuPay,0,1,1,7,12.28,18814.4,762,0
5971,2024-05-25 03:58:15,3,5,1,376.37,University Campus,MasterCard,0,1,3,1,13.05,16887.8,1241,0
3351,2024-10-28 18:46:58,18,0,0,420.42,Hospital,Amex,0,1,2,1,13.71,32570.6,981,0
4696,2024-05-02 08:26:09,8,3,0,79.81,Remote Village,MasterCard,0,1,3,7,1.37,26198.24,1478,0
3400,2024-05-02 16:59:16,16,3,0,391.98,Hospital,Amex,0,1,3,6,33.4,31096.57,2960,0
4082,2024-05-03 12:20:41,12,4,0,79.16,Hospital,Amex,0,1,2,7,7.58,28669.78,3617,0
9150,2024-03-09 03:35:21,3,5,1,212.93,Downtown Branch,RuPay,0,1,2,7,29.49,28065.76,1869,0
1225,2024-10-18 03:32:53,3,4,0,497.77,University Campus,Visa,0,0,3,6,23.9,25485.89,1901,0
6293,2024-05-19 21:28:41,21,6,1,274.37,Downtown Branch,MasterCard,2,1,3,4,25.08,3425.68,912,0
3123,2024-01-17 01:23:47,1,2,0,339.55,University Campus,Amex,1,1,3,2,46.78,23612.11,1517,0
511,2024-07-21 04:48:04,4,6,1,72.47,Downtown Branch,Visa,0,1,1,7,49.19,2058.66,1616,0
5795,2024-02-21 01:36:07,1,2,0,314.4,Remote Village,Amex,0,1,1,4,10.34,23285.92,1066,0
8182,2024-04-01 05:01:51,5,0,0,61.38,Shopping Mall,RuPay,0,1,2,7,38.82,35185.29,44,0
9418,2024-06-02 18:30:35,18,6,1,291.66,Gas Station,Amex,0,1,1,4,4.7,40195.14,742,0
97,2024-08-31 23:41:48,23,5,1,66.64,Downtown Branch,Amex,0,1,2,1,28.98,36644.75,399,0
6682,2024-09-23 20:53:00,20,0,0,490.38,Shopping Mall,MasterCard,0,1,3,7,14.96,48421.32,937,0
1513,2024-03-29 09:10:39,9,4,0,226.8,Airport Terminal,RuPay,0,1,1,4,20.54,2289.45,1943,0
8792,2024-12-24 05:14:39,5,1,0,347.62,Suburban Branch,Amex,2,1,1,4,41.06,33135.95,192,0
120,2024-01-28 00:34:59,0,6,1,88.1,Downtown Branch,Amex,0,1,3,4,18.81,22736.92,674,0
7792,2024-11-29 00:42:14,0,4,0,130.59,Hotel Lobby,Amex,1,1,3,8,34.55,9234.61,2371,0
6518,2024-12-25 13:24:51,13,2,0,452.03,Suburban Branch,Visa,0,1,2,3,33.77,8725.83,3113,0
34,2024-11-06 15:29:14,15,2,0,409.17,Downtown Branch,MasterCard,1,1,2,7,40.11,43216.8,3350,0
7888,2024-06-10 08:25:54,8,0,0,272.36,Hotel Lobby,Amex,0,1,1,7,10.89,46774.27,1300,0
6831,2024-08-15 09:19:36,9,3,0,47.54,University Campus,RuPay,0,1,1,7,37.75,29284.84,670,0
5422,2024-09-01 21:11:23,21,6,1,143.2,Airport Terminal,MasterCard,0,1,1,8,46.01,41764.01,3565,0
1069,2024-01-28 17:25:57,17,6,1,328.11,Shopping Mall,Amex,1,1,3,6,16.75,20466.06,2700,0
1348,2024-05-23 12:37:08,12,3,0,291.36,Downtown Branch,Amex,0,1,2,4,10.47,16377.41,986,0
4748,2024-08-23 03:26:07,3,4,0,381.39,University Campus,Amex,1,1,1,2,22.67,26479.53,3167,0
6006,2024-04-07 07:19:25,7,6,1,94.0,Hospital,MasterCard,0,1,1,8,43.41,15270.06,2011,0
6040,2024-12-21 04:30:53,4,5,1,45.65,Hospital,Visa,2,1,1,5,17.25,4262.26,1803,0
3818,2024-11-19 07:41:43,7,1,0,340.88,Airport Terminal,MasterCard,0,1,1,5,38.4,18475.79,1763,0
8447,2024-06-30 08:11:00,8,6,1,337.92,Shopping Mall,Amex,0,1,1,8,36.89,28370.76,217,0
5270,2024-10-18 04:38:29,4,4,0,100.07,University Campus,Visa,0,1,2,7,49.29,2559.96,2369,0
6898,2024-11-20 18:44:43,18,2,0,146.14,Train Station,Amex,0,1,1,8,13.0,12663.68,1927,0
5310,2024-08-08 00:45:24,0,3,0,245.65,Remote Village,Visa,0,1,1,3,18.85,20630.3,2557,0
32,2024-08-05 20:01:51,20,0,0,24.64,Shopping Mall,Visa,0,1,2,3,21.49,2187.26,1523,0
5675,2024-03-22 05:13:45,5,4,0,233.09,Hotel Lobby,RuPay,0,1,2,1,33.1,44456.76,232,0
4387,2024-01-24 01:47:14,1,2,0,422.78,Airport Terminal,RuPay,0,1,2,7,35.57,13462.83,184,0
30,2024-04-15 18:28:09,18,0,0,155.24,Hotel Lobby,Visa,0,1,3,5,25.27,12630.95,3495,0
4203,2024-08-03 07:06:51,7,5,1,93.72,Downtown Branch,Amex,2,1,3,8,24.23,34239.84,2906,0
7508,2024-09-02 17:13:38,17,0,0,464.95,Remote Village,MasterCard,0,1,1,4,26.03,7744.09,2491,0
736,2024-08-10 01:14:01,1,5,1,159.0,Airport Terminal,MasterCard,0,1,2,5,14.7,1496.09,615,0
2068,2024-01-06 17:17:52,17,5,1,101.46,Gas Station,Visa,0,1,1,4,43.82,48204.04,694,0
107,2024-01-27 15:29:34,15,5,1,418.31,Remote Village,Visa,0,1,1,6,38.72,39453.32,2471,0
9645,2024-11-10 01:12:24,1,6,1,395.89,Hotel Lobby,RuPay,2,0,12,9,4178.87,1999.63,134,1
8895,2024-03-07 14:28:04,14,3,0,127.17,Shopping Mall,MasterCard,0,1,1,4,14.0,16554.89,95,0
8021,2024-10-17 21:01:17,21,3,0,166.33,University Campus,Visa,1,1,1,2,11.66,26411.83,3453,0
2233,2024-01-12 20:07:31,20,4,0,234.87,Shopping Mall,Amex,0,1,2,1,6.55,17730.64,287,0
994,2024-09-04 08:22:20,8,2,0,234.45,Suburban Branch,RuPay,0,1,2,8,48.82,16163.38,3023,0
9413,2024-02-11 19:24:12,19,6,1,392.11,Shopping Mall,Amex,0,1,3,7,29.87,40867.32,2521,0
7059,2024-12-18 04:35:37,4,2,0,27.76,Downtown Branch,Visa,0,1,3,5,9.81,4635.79,726,0
6790,2024-05-01 22:59:18,22,2,0,237.75,University Campus,MasterCard,0,1,1,2,37.54,46755.79,3612,0
361,2024-03-12 00:27:59,0,1,0,74.64,Train Station,MasterCard,0,1,2,8,39.99,32477.44,3294,0
305,2024-09-30 04:39:21,4,0,0,356.27,Remote Village,Visa,1,1,1,8,27.11,8860.28,185,0
2628,2024-05-26 01:28:22,1,6,1,35.47,Train Station,Amex,0,1,1,2,12.67,36688.29,2079,0
8966,2024-02-09 10:38:26,10,4,0,383.63,Gas Station,MasterCard,0,1,1,4,44.4,47866.7,52,0
4514,2024-06-01 22:37:40,22,5,1,347.01,Hotel Lobby,RuPay,0,1,3,2,13.44,12555.67,1532,0
5911,2024-01-27 10:45:43,10,5,1,128.38,Train Station,Visa,1,1,2,5,26.86,32242.07,3342,0
8314,2024-06-05 21:51:17,21,2,0,424.37,Remote Village,Visa,0,1,2,4,21.78,29015.9,2520,0
3101,2024-10-27 10:00:12,10,6,1,389.02,University Campus,Visa,1,1,3,6,30.7,31542.04,1174,0
5704,2024-09-14 08:16:00,8,5,1,266.49,Hotel Lobby,Visa,0,1,2,3,30.12,18097.63,3463,0
3899,2024-05-16 19:42:33,19,3,0,111.82,Hotel Lobby,MasterCard,0,1,1,4,7.17,47238.4,2978,0
5441,2024-06-08 01:08:24,1,5,1,436.88,Airport Terminal,Amex,2,1,2,8,17.15,32544.72,315,0
7931,2024-09-18 21:55:49,21,2,0,68.2,Shopping Mall,RuPay,0,1,1,3,8.88,11452.22,1257,0
622,2024-02-24 04:51:54,4,5,1,421.05,Shopping Mall,RuPay,0,1,2,6,3.31,48008.76,3127,0
7236,2024-04-21 09:22:14,9,6,1,272.01,Downtown Branch,RuPay,1,1,1,6,41.16,33118.57,67,0
2499,2024-06-07 11:31:41,11,4,0,310.27,Suburban Branch,MasterCard,0,1,1,1,0.68,47616.06,2647,0
714,2024-03-31 03:21:28,3,6,1,263.67,Hotel Lobby,RuPay,0,1,3,8,6.56,14740.36,2943,0
8404,2024-07-04 07:48:39,7,3,0,426.0,Downtown Branch,RuPay,0,1,2,8,1.82,38903.08,1106,0
2856,2024-12-28 21:49:27,21,5,1,440.92,Hospital,Amex,0,1,1,8,0.78,46939.71,2744,0
4270,2024-12-23 22:48:55,22,0,0,189.44,Airport Terminal,MasterCard,0,1,2,4,39.71,41425.89,2379,0
2909,2024-03-23 00:56:01,0,5,1,270.02,Suburban Branch,RuPay,0,1,3,6,44.13,7362.14,1527,0
8081,2024-04-15 16:50:27,16,0,0,238.16,Airport Terminal,Amex,0,1,3,2,42.87,1113.98,1695,0
4517,2024-12-12 11:31:12,11,3,0,380.21,Hospital,RuPay,0,1,2,2,7.14,33019.71,1855,0
1262,2024-10-25 11:58:30,11,4,0,400.95,Suburban Branch,RuPay,0,1,3,7,37.67,39070.31,734,0
3161,2024-12-27 17:01:54,17,4,0,166.83,Gas Station,RuPay,0,1,1,4,3.46,39805.26,3512,0
971,2024-01-10 19:43:07,19,2,0,376.32,Train Station,MasterCard,0,1,2,3,11.99,44905.67,1246,0
3913,2024-08-13 04:08:47,4,1,0,405.66,Hospital,Amex,0,1,1,7,42.3,11860.46,1586,0
5199,2024-08-18 04:03:38,4,6,1,309.4,Train Station,Visa,0,1,1,3,41.31,6281.25,2855,0
8847,2024-10-10 15:56:03,15,3,0,53.56,Gas Station,Amex,0,1,3,5,10.51,35217.45,2064,0
260,2024-08-27 06:56:43,6,1,0,86.83,University Campus,Amex,0,1,3,6,26.61,29883.2,719,0
3791,2024-06-12 07:17:43,7,2,0,82.37,Downtown Branch,MasterCard,0,1,2,5,13.37,11238.17,1524,0
9203,2024-02-08 14:29:15,14,3,0,154.32,Hospital,MasterCard,0,1,3,5,12.21,36908.76,2904,0
488,2024-12-24 00:27:54,0,1,0,390.03,Hospital,RuPay,0,1,1,4,37.38,42488.96,76,0
7908,2024-06-12 04:27:05,4,2,0,360.74,Downtown Branch,RuPay,0,1,3,8,4.87,47607.96,2369,0
519,2024-06-08 06:53:16,6,5,1,232.1,Downtown Branch,MasterCard,0,1,3,5,30.99,27921.68,3410,0
8343,2024-08-10 12:57:48,12,5,1,421.95,Remote Village,Visa,0,1,3,2,24.15,4090.13,3308,0
312,2024-11-15 02:26:35,2,4,0,360.3,Hotel Lobby,Visa,0,1,2,4,12.48,3482.96,1081,0
3232,2024-01-06 18:48:44,18,5,1,415.79,Suburban Branch,Visa,0,1,3,2,44.24,42280.81,3049,0
7933,2024-03-22 14:30:58,14,4,0,204.6,Hospital,RuPay,0,1,3,1,39.67,1866.4,2614,0
7458,2024-09-03 16:46:06,16,1,0,102.93,Shopping Mall,RuPay,0,1,2,8,43.9,34894.52,1010,0
9784,2024-09-19 06:31:14,6,3,0,275.85,Train Station,Amex,2,1,7,24,236.6,1178.58,167,1
5184,2024-02-10 09:16:51,9,5,1,316.86,Airport Terminal,RuPay,0,1,1,4,1.32,38825.3,3548,0
8077,2024-12-04 03:05:20,3,2,0,351.73,Hotel Lobby,Visa,0,1,2,2,43.73,35414.37,2717,0
6502,2024-03-29 14:51:00,14,4,0,413.34,Train Station,Amex,2,1,2,1,29.08,13734.93,1294,0
6791,2024-12-08 02:09:03,2,6,1,481.21,Hotel Lobby,Visa,0,1,2,2,15.5,13165.49,124,0
7773,2024-04-27 15:24:13,15,5,1,282.71,Downtown Branch,MasterCard,0,1,2,4,15.0,13789.41,3361,0
2738,2024-11-13 12:50:58,12,2,0,298.27,Train Station,RuPay,1,1,1,2,5.38,24257.43,2389,0
7842,2024-09-26 18:27:03,18,3,0,157.65,Hospital,MasterCard,0,1,3,1,31.93,5739.97,670,0
6262,2024-11-15 20:18:11,20,4,0,330.41,Gas Station,MasterCard,0,0,3,7,35.51,3450.75,1808,0
8206,2024-03-27 11:35:48,11,2,0,410.34,Remote Village,RuPay,2,1,3,2,34.72,34748.37,202,0
1248,2024-01-01 03:17:45,3,0,0,55.94,Gas Station,RuPay,0,1,3,2,2.96,20577.74,618,0
9336,2024-09-25 22:38:55,22,2,0,65.61,Gas Station,MasterCard,0,1,2,5,4.1,16892.28,3494,0
4195,2024-09-05 19:52:25,19,3,0,135.19,Hotel Lobby,Visa,0,1,2,3,33.2,39152.71,2736,0
8001,2024-06-24 02:11:11,2,0,0,231.93,Hospital,Visa,0,1,1,4,9.43,18896.15,3224,0
7378,2024-03-09 23:50:21,23,5,1,64.82,Hotel Lobby,MasterCard,0,1,2,4,7.03,34836.84,1226,0
3435,2024-09-19 23:32:18,23,3,0,208.81,Suburban Branch,MasterCard,0,1,2,2,27.01,6329.51,3172,0
5382,2024-09-06 05:23:06,5,4,0,298.05,Hotel Lobby,MasterCard,0,1,1,8,29.91,17383.11,3603,0
959,2024-09-27 11:20:52,11,4,0,282.12,Hospital,Amex,0,1,1,4,48.59,28884.14,88,0
417,2024-12-07 04:17:49,4,5,1,365.38,Gas Station,MasterCard,0,1,1,8,30.33,23623.53,2002,0
5742,2024-10-20 11:50:24,11,6,1,475.0,Shopping Mall,Visa,0,1,2,4,2.65,3096.28,3568,0
6728,2024-11-09 21:08:35,21,5,1,155.74,Hospital,MasterCard,0,1,2,2,8.44,34577.07,2130,0
4382,2024-01-06 01:27:17,1,5,1,347.39,Airport Terminal,MasterCard,0,1,1,1,6.04,9125.63,3131,0
5197,2024-10-03 06:55:18,6,3,0,361.94,University Campus,Visa,0,1,3,5,26.78,42039.83,1741,0
1113,2024-12-03 18:38:59,18,1,0,486.52,Hospital,RuPay,0,1,3,8,6.99,43723.33,1742,0
2689,2024-04-25 21:49:54,21,3,0,435.26,Hotel Lobby,Visa,0,1,2,2,49.71,33233.11,479,0
6473,2024-05-23 21:19:46,21,3,0,97.25,Suburban Branch,Visa,0,1,1,4,29.43,38439.82,2560,0
8820,2024-01-23 05:26:58,5,1,0,455.89,Suburban Branch,RuPay,1,1,1,5,2.13,6169.9,1818,0
7808,2024-04-17 16:23:38,16,2,0,378.67,Gas Station,Visa,0,1,2,8,31.04,19385.74,3108,0
3411,2024-02-24 21:20:30,21,5,1,424.36,Train Station,Visa,0,1,3,3,19.86,6890.19,2767,0
81,2024-12-08 02:05:07,2,6,1,355.16,Remote Village,Visa,0,1,3,3,15.54,782.36,1701,0
4614,2024-09-16 05:15:27,5,0,0,310.75,Airport Terminal,RuPay,0,1,2,5,15.64,27721.48,821,0
1374,2024-12-27 05:24:01,5,4,0,467.48,University Campus,Visa,2,1,3,1,44.01,46608.95,745,0
1510,2024-08-31 16:54:14,16,5,1,258.58,Shopping Mall,MasterCard,0,1,2,7,28.4,172.88,822,0
6443,2024-11-29 13:38:08,13,4,0,220.38,Downtown Branch,Amex,0,1,3,2,32.23,10829.67,1842,0
3071,2024-03-04 18:39:14,18,0,0,37.56,Downtown Branch,RuPay,0,1,3,4,13.65,13638.86,663,0
3016,2024-10-30 14:14:15,14,2,0,74.65,University Campus,RuPay,0,1,3,6,23.65,10186.22,2490,0
4823,2024-05-09 20:09:36,20,3,0,476.71,Gas Station,MasterCard,0,1,1,6,46.36,33056.28,850,0
7822,2024-07-12 22:52:13,22,4,0,339.94,Airport Terminal,Amex,0,1,1,1,39.82,25708.03,800,0
93,2024-09-15 23:24:21,23,6,1,24.51,Gas Station,Amex,0,1,1,2,22.09,17343.72,2436,0
9421,2024-12-08 11:31:20,11,6,1,153.43,Downtown Branch,Amex,1,1,1,5,46.9,38849.59,2796,0
6600,2024-04-27 23:23:20,23,5,1,47.2,Hospital,Visa,1,1,1,3,9.7,8677.72,2104,0
4443,2024-12-12 12:10:10,12,3,0,267.42,Hospital,Visa,0,1,3,2,44.37,4174.07,2487,0
7602,2024-01-26 21:38:01,21,4,0,61.96,University Campus,Amex,0,1,2,8,20.39,12848.03,3417,0
3835,2024-07-31 09:49:53,9,2,0,393.56,Remote Village,RuPay,0,1,1,6,47.53,27204.08,1827,0
9702,2024-12-08 23:37:14,23,6,1,246.16,Suburban Branch,RuPay,1,1,7,26,3979.5,1100.53,163,1
4322,2024-09-17 01:28:52,1,1,0,379.14,Hotel Lobby,Amex,0,1,2,6,23.94,26216.21,2592,0
3394,2024-11-12 17:51:20,17,1,0,198.36,Airport Terminal,MasterCard,0,1,2,2,44.88,23784.01,118,0
4752,2024-09-04 20:20:08,20,2,0,194.54,Airport Terminal,Visa,0,1,2,6,39.96,13098.79,3462,0
7229,2024-02-11 20:50:51,20,6,1,165.94,Airport Terminal,Amex,0,1,3,2,8.48,18850.39,3358,0
9191,2024-06-17 11:26:06,11,0,0,290.41,Airport Terminal,Visa,0,1,3,1,10.65,7288.08,921,0
2361,2024-03-25 20:06:33,20,0,0,177.75,Downtown Branch,Visa,0,1,2,2,8.49,39284.84,2369,0
1148,2024-04-27 00:09:17,0,5,1,167.61,University Campus,Amex,0,1,3,4,7.71,27811.88,3206,0
5666,2024-08-26 03:02:44,3,0,0,120.42,Hospital,RuPay,0,1,3,4,6.29,36603.13,1045,0
8075,2024-10-19 02:43:01,2,5,1,417.38,Downtown Branch,Visa,0,1,3,5,23.34,46753.67,421,0
4943,2024-09-12 06:34:13,6,3,0,231.07,Remote Village,Visa,0,1,3,6,1.81,19253.01,2552,0
3663,2024-01-06 03:42:25,3,5,1,188.07,Suburban Branch,Visa,0,1,3,3,17.92,3481.42,384,0
1563,2024-05-18 04:15:10,4,5,1,44.98,Suburban Branch,MasterCard,0,1,3,2,24.27,42386.84,1768,0
4113,2024-07-15 07:28:28,7,0,0,331.48,Hospital,Visa,0,1,3,7,0.56,18982.24,1664,0
9050,2024-11-09 18:01:31,18,5,1,230.53,Airport Terminal,MasterCard,0,1,3,2,38.29,44816.23,3582,0
9276,2024-05-22 03:28:47,3,2,0,404.48,Hotel Lobby,Amex,0,1,2,3,31.94,27151.91,2924,0
8538,2024-03-23 12:23:27,12,5,1,90.81,Suburban Branch,Amex,0,1,1,6,43.56,1047.3,435,0
795,2024-06-23 18:02:32,18,6,1,429.41,Shopping Mall,Amex,0,1,1,5,47.17,583.09,3349,0
5854,2024-04-24 08:28:05,8,2,0,328.62,Train Station,Visa,0,1,2,6,40.07,21768.8,3579,0
7619,2024-07-14 02:14:48,2,6,1,55.72,Suburban Branch,MasterCard,0,1,3,1,44.64,3483.7,765,0
1594,2024-12-05 17:06:17,17,3,0,414.82,Airport Terminal,RuPay,0,1,1,6,20.42,16989.72,2374,0
7418,2024-03-02 11:26:26,11,5,1,69.34,University Campus,RuPay,0,1,3,6,49.93,12507.69,1369,0
5267,2024-10-09 18:50:02,18,2,0,372.29,Remote Village,MasterCard,0,1,3,5,11.03,33138.29,2943,0
7147,2024-06-26 07:22:12,7,2,0,303.55,Suburban Branch,Visa,0,1,3,8,40.84,21898.8,663,0
89,2024-11-27 00:23:49,0,2,0,343.69,Hotel Lobby,Amex,0,1,2,1,30.87,11815.04,2833,0
8695,2024-09-02 21:24:34,21,0,0,71.56,Train Station,MasterCard,0,1,1,4,2.79,39109.4,2121,0
9732,2024-07-01 01:55:53,1,0,0,281.58,Train Station,Amex,2,1,3,22,3434.36,644.86,303,1
9446,2024-11-21 17:24:37,17,3,0,416.76,Airport Terminal,MasterCard,0,1,2,6,33.99,10981.84,886,0
6754,2024-05-25 08:24:19,8,5,1,248.3,Shopping Mall,Visa,1,1,1,6,34.74,20809.15,2278,0
3502,2024-11-13 12:49:27,12,2,0,494.88,Train Station,RuPay,0,1,3,7,17.95,40868.94,1508,0
2234,2024-07-14 17:19:15,17,6,1,195.28,University Campus,RuPay,0,1,1,8,11.52,36319.2,399,0
2803,2024-07-27 22:01:45,22,5,1,305.07,Hospital,RuPay,0,1,2,4,27.74,5782.7,2111,0
4424,2024-07-20 00:54:48,0,5,1,163.1,University Campus,MasterCard,0,1,2,7,2.32,26835.17,992,0
5663,2024-01-18 08:37:40,8,3,0,374.46,Hospital,MasterCard,0,1,1,5,18.77,30533.02,2137,0
7170,2024-04-23 04:12:24,4,1,0,429.04,Hospital,MasterCard,0,1,3,5,15.81,8689.7,1381,0
8337,2024-03-10 06:04:44,6,6,1,448.88,Train Station,MasterCard,0,1,2,5,42.95,24176.08,3536,0
2148,2024-10-08 23:51:49,23,1,0,153.69,Remote Village,RuPay,0,1,1,4,23.85,3974.86,2782,0
7969,2024-07-06 23:39:17,23,5,1,474.72,University Campus,Visa,0,1,3,6,22.71,31320.69,1447,0
6551,2024-05-25 15:54:17,15,5,1,322.48,University Campus,Visa,0,1,1,5,29.26,21258.2,1939,0
7643,2024-01-09 23:56:31,23,1,0,128.07,Hotel Lobby,Amex,1,1,2,8,6.48,6080.41,1389,0
6164,2024-04-27 22:42:23,22,5,1,346.52,Hospital,MasterCard,1,1,2,7,28.36,33443.34,1036,0
1495,2024-02-11 11:42:56,11,6,1,447.87,Hotel Lobby,MasterCard,0,1,1,5,7.94,46988.89,3282,0
7696,2024-06-16 13:53:36,13,6,1,119.39,Hotel Lobby,Visa,0,1,2,1,2.4,12556.83,3247,0
7094,2024-05-02 07:30:33,7,3,0,303.63,Shopping Mall,MasterCard,0,1,3,7,37.93,16756.97,2423,0
1409,2024-01-26 18:16:38,18,4,0,289.61,Shopping Mall,Amex,0,1,1,6,13.87,14113.59,2693,0
6691,2024-09-05 07:18:22,7,3,0,34.46,Remote Village,MasterCard,0,1,1,4,49.18,7259.74,1364,0
3401,2024-04-14 21:50:15,21,6,1,372.59,Airport Terminal,Amex,0,1,2,6,10.48,38183.12,3625,0
109,2024-11-02 19:11:26,19,5,1,398.45,Downtown Branch,Visa,0,1,1,3,37.09,26351.67,3084,0
5636,2024-02-12 05:57:30,5,0,0,210.83,University Campus,Visa,0,1,2,3,39.65,40542.06,2500,0
8482,2024-12-26 08:37:38,8,3,0,439.27,Shopping Mall,Amex,0,1,3,8,40.8,34324.0,73,0
6604,2024-11-04 18:00:59,18,0,0,281.93,Hotel Lobby,MasterCard,0,1,1,1,22.26,46600.75,484,0
1091,2024-08-15 17:06:58,17,3,0,200.58,University Campus,MasterCard,1,1,1,8,40.69,36704.68,1187,0
5560,2024-11-09 16:57:53,16,5,1,302.19,Suburban Branch,Amex,0,1,2,4,40.82,21176.18,3149,0
9412,2024-05-06 11:25:55,11,0,0,227.05,University Campus,RuPay,0,1,2,6,29.33,34062.64,204,0
8143,2024-12-04 16:59:50,16,2,0,187.59,Suburban Branch,MasterCard,0,1,2,4,18.87,37811.86,2769,0
8664,2024-09-19 10:17:31,10,3,0,258.59,Airport Terminal,MasterCard,0,1,3,1,6.28,46146.03,3293,0
6596,2024-05-29 23:22:22,23,2,0,347.78,Gas Station,Visa,0,1,1,5,40.66,26478.26,3581,0
624,2024-03-13 05:42:19,5,2,0,419.5,Train Station,Visa,0,1,2,5,24.71,37018.82,949,0
6871,2024-08-24 12:40:55,12,5,1,402.21,Downtown Branch,MasterCard,1,1,3,4,36.24,12329.95,3042,0
4814,2024-05-18 21:10:38,21,5,1,308.21,Airport Terminal,Visa,0,1,2,3,0.83,25495.33,1235,0
6553,2024-12-24 21:46:27,21,1,0,315.37,Airport Terminal,RuPay,0,1,1,4,3.97,18187.98,1303,0
7530,2024-07-05 15:32:45,15,4,0,137.42,University Campus,Amex,2,1,3,5,3.19,18680.55,1049,0
5796,2024-11-02 00:51:23,0,5,1,356.06,Suburban Branch,RuPay,0,1,1,8,8.22,15006.53,172,0
7437,2024-09-20 18:58:45,18,4,0,334.48,Gas Station,MasterCard,0,1,1,7,32.03,32377.77,2865,0
4218,2024-12-29 22:13:08,22,6,1,359.23,Hospital,MasterCard,0,0,2,1,3.18,18567.61,3512,0
5941,2024-08-17 10:09:33,10,5,1,142.68,Train Station,RuPay,0,1,3,6,36.31,9954.11,3270,0
8501,2024-11-16 05:09:58,5,5,1,474.38,University Campus,Visa,0,1,3,3,11.48,20704.29,2226,0
6429,2024-11-07 17:47:52,17,3,0,364.36,Gas Station,Visa,0,1,1,4,5.97,17397.56,480,0
6827,2024-08-25 20:49:36,20,6,1,107.64,Hotel Lobby,Amex,0,1,2,4,19.83,10020.02,2867,0
4131,2024-11-20 00:23:23,0,2,0,277.47,Suburban Branch,RuPay,0,1,1,6,32.34,12718.93,2689,0
7802,2024-02-29 07:47:10,7,3,0,21.42,Downtown Branch,Visa,0,1,1,6,25.5,46476.24,1713,0
7754,2024-08-28 22:39:30,22,2,0,228.42,Train Station,Amex,0,1,1,1,4.37,8690.6,217,0
4722,2024-02-24 21:05:52,21,5,1,380.96,Train Station,Visa,0,1,3,2,39.1,30891.3,1445,0
1651,2024-02-14 21:05:36,21,2,0,119.48,Train Station,Visa,0,1,3,3,2.68,30331.28,3085,0
4141,2024-06-07 02:52:22,2,4,0,149.47,Train Station,RuPay,0,0,2,4,15.51,28807.89,1285,0
1618,2024-03-19 13:32:47,13,1,0,71.47,Hotel Lobby,Visa,0,1,1,7,23.79,42309.18,2178,0
2030,2024-01-20 16:12:21,16,5,1,31.07,Remote Village,MasterCard,0,1,3,4,12.45,6025.16,426,0
8518,2024-06-07 21:52:40,21,4,0,373.99,Remote Village,RuPay,0,1,3,3,48.43,31959.6,2047,0
4576,2024-07-13 23:19:34,23,5,1,345.28,Shopping Mall,Amex,0,1,2,6,27.62,37797.5,925,0
3993,2024-05-31 21:49:02,21,4,0,107.61,Gas Station,Amex,0,1,2,5,46.58,12267.34,1505,0
7377,2024-04-10 17:20:35,17,2,0,187.88,Train Station,MasterCard,1,1,3,6,46.06,14190.32,1047,0
6150,2024-07-15 14:00:50,14,0,0,273.01,Suburban Branch,MasterCard,0,0,3,4,49.2,3608.78,345,0
4909,2024-11-03 14:19:20,14,6,1,360.35,Gas Station,RuPay,0,1,3,2,45.35,31908.09,1082,0
5027,2024-05-25 12:31:32,12,5,1,151.14,Hotel Lobby,Visa,0,1,2,5,30.93,19648.39,2961,0
8261,2024-09-24 02:53:38,2,1,0,154.8,University Campus,Amex,0,1,3,1,49.93,35588.31,2128,0
4732,2024-12-17 17:53:26,17,1,0,398.13,Train Station,Visa,1,1,2,6,17.76,30971.26,3111,0
7549,2024-02-27 16:16:13,16,1,0,291.1,University Campus,Amex,1,1,1,1,7.64,10267.34,2253,0
8135,2024-03-01 15:15:38,15,4,0,470.78,Hospital,Amex,1,1,2,4,16.49,29906.59,1587,0
1607,2024-09-21 16:37:30,16,5,1,271.71,Shopping Mall,Amex,0,1,1,6,2.59,13539.43,152,0
4774,2024-08-09 15:36:27,15,4,0,461.08,Gas Station,RuPay,0,1,1,3,14.73,10501.83,511,0
8110,2024-04-08 21:16:48,21,0,0,220.61,Suburban Branch,MasterCard,0,1,1,7,3.98,36385.5,3506,0
6952,2024-09-19 19:58:54,19,3,0,234.31,Remote Village,RuPay,0,1,1,5,40.73,47910.05,2670,0
6005,2024-10-13 02:13:06,2,6,1,290.45,Hotel Lobby,RuPay,0,1,3,2,39.53,7337.93,2314,0
7729,2024-06-24 03:02:54,3,0,0,59.29,Suburban Branch,MasterCard,1,1,2,8,8.02,23396.84,330,0
3542,2024-06-25 12:49:43,12,1,0,327.8,University Campus,MasterCard,2,1,1,3,28.24,5978.46,2854,0
389,2024-12-09 01:51:15,1,0,0,122.41,Hotel Lobby,Visa,0,1,3,8,49.83,41202.05,2689,0
1795,2024-09-26 20:57:57,20,3,0,306.0,Train Station,MasterCard,0,1,2,3,11.28,37621.52,55,0
8732,2024-02-15 07:26:23,7,3,0,479.3,Airport Terminal,Amex,0,1,3,8,22.39,38997.94,1251,0
4920,2024-05-17 08:19:11,8,4,0,136.81,Suburban Branch,Visa,0,1,2,8,43.77,45980.75,1413,0
5538,2024-12-18 02:09:52,2,2,0,293.59,Hospital,MasterCard,0,1,3,6,31.69,45676.79,3501,0
3873,2024-06-14 06:34:12,6,4,0,181.27,Hospital,Amex,0,1,2,6,28.21,22500.23,1027,0
8869,2024-06-05 04:08:08,4,2,0,56.46,Suburban Branch,Amex,2,1,3,4,18.58,45240.55,1292,0
2255,2024-12-08 22:30:44,22,6,1,478.5,Hospital,MasterCard,0,1,2,8,13.36,29791.13,2674,0
3413,2024-04-05 17:46:55,17,4,0,343.51,Suburban Branch,MasterCard,0,1,2,3,23.0,28703.04,666,0
5460,2024-12-30 10:02:57,10,0,0,187.07,Hotel Lobby,Visa,0,1,1,5,27.81,22411.1,1187,0
4956,2024-03-16 22:08:22,22,5,1,293.03,Suburban Branch,MasterCard,0,1,2,7,2.5,366.75,305,0
7397,2024-04-25 07:08:07,7,3,0,72.89,Hospital,RuPay,2,1,3,6,11.13,13909.03,1315,0
5415,2024-11-28 00:02:55,0,3,0,332.68,Airport Terminal,Amex,0,1,2,5,49.69,35485.84,2608,0
7400,2024-12-03 18:19:57,18,1,0,75.26,Gas Station,Amex,1,1,3,2,19.17,21079.94,3233,0
7415,2024-04-22 02:28:24,2,0,0,465.57,Train Station,MasterCard,0,1,2,3,20.21,19081.51,3463,0
9101,2024-12-08 20:46:18,20,6,1,427.0,Remote Village,RuPay,0,1,3,1,37.06,219.06,2393,0
4852,2024-12-07 09:03:29,9,5,1,68.05,Suburban Branch,Amex,0,1,3,2,26.39,45605.06,3302,0
2026,2024-06-25 02:20:22,2,1,0,134.85,Downtown Branch,Visa,0,1,3,2,6.07,6043.64,3299,0
2616,2024-01-10 17:13:25,17,2,0,147.27,Train Station,Amex,0,1,2,2,15.41,22313.09,848,0
7389,2024-10-19 16:28:46,16,5,1,75.85,Gas Station,MasterCard,0,1,2,2,31.5,17796.56,2105,0
2927,2024-12-03 14:29:47,14,1,0,91.73,University Campus,Amex,2,1,3,1,18.23,14872.38,1747,0
1122,2024-02-25 15:57:48,15,6,1,99.11,Hotel Lobby,RuPay,1,1,1,3,25.59,22040.48,2753,0
2911,2024-09-07 12:18:02,12,5,1,21.95,Remote Village,Amex,0,1,3,5,39.09,15700.38,2831,0
8147,2024-09-04 17:51:16,17,2,0,113.94,Gas Station,RuPay,0,1,1,8,40.3,33777.36,447,0
7384,2024-02-04 19:12:47,19,6,1,128.96,Downtown Branch,MasterCard,1,1,2,1,29.6,39997.29,425,0
3483,2024-11-28 00:53:08,0,3,0,300.44,Remote Village,MasterCard,1,1,2,1,6.99,13564.5,1268,0
796,2024-05-11 23:22:22,23,5,1,128.24,Hospital,Visa,0,1,3,5,16.3,1259.67,3246,0
1576,2024-01-06 19:11:11,19,5,1,289.66,Airport Terminal,Amex,0,1,3,3,38.32,40380.9,1314,0
6177,2024-12-12 16:39:49,16,3,0,132.83,University Campus,MasterCard,0,1,2,7,42.84,11836.2,3038,0
6267,2024-09-15 18:24:32,18,6,1,449.88,Hotel Lobby,RuPay,0,1,3,5,42.47,13305.39,1627,0
2459,2024-11-08 03:52:57,3,4,0,281.3,Downtown Branch,RuPay,0,1,3,8,6.25,36130.81,62,0
3313,2024-08-04 21:52:54,21,6,1,95.67,Remote Village,MasterCard,0,1,3,6,6.11,11614.84,706,0
1254,2024-10-11 04:29:27,4,4,0,309.59,Hotel Lobby,Visa,0,1,3,8,41.84,48165.9,1757,0
6835,2024-11-19 02:27:30,2,1,0,79.7,Train Station,Amex,0,1,2,6,16.19,1970.02,1780,0
8795,2024-09-12 03:30:28,3,3,0,476.68,Downtown Branch,Amex,0,1,2,3,24.18,16828.56,664,0
3838,2024-02-09 21:18:41,21,4,0,383.93,Airport Terminal,RuPay,1,0,2,1,26.32,2550.97,2241,0
4399,2024-02-04 20:21:24,20,6,1,247.86,Hospital,Amex,1,1,3,4,43.28,27249.73,246,0
3596,2024-07-23 02:43:58,2,1,0,258.09,Suburban Branch,MasterCard,0,1,2,6,49.83,44665.76,802,0
6622,2024-03-07 15:41:31,15,3,0,490.15,Downtown Branch,RuPay,0,1,3,5,10.48,47742.33,2979,0
8383,2024-02-25 16:14:41,16,6,1,221.92,Hospital,RuPay,0,1,3,1,5.49,25858.41,2883,0
2125,2024-05-17 14:13:24,14,4,0,65.73,Downtown Branch,Amex,1,1,2,5,48.0,13819.36,3648,0
3239,2024-06-18 11:19:38,11,1,0,224.66,Remote Village,MasterCard,0,1,2,8,5.87,16561.62,2430,0
5404,2024-02-26 19:18:40,19,0,0,240.57,Hospital,Visa,0,1,1,4,17.91,45192.71,35,0
5999,2024-05-29 05:02:40,5,2,0,35.88,Shopping Mall,Amex,0,1,1,6,5.06,12395.32,2428,0
5939,2024-11-11 14:47:38,14,0,0,356.23,Shopping Mall,Amex,0,1,3,1,17.58,32088.66,388,0
2046,2024-03-04 08:57:55,8,0,0,471.3,Shopping Mall,RuPay,0,1,3,3,19.71,49344.6,2116,0
1579,2024-12-18 09:00:45,9,2,0,444.91,Downtown Branch,Amex,0,1,2,4,3.75,33448.92,3365,0
15,2024-10-11 05:52:23,5,4,0,253.28,Suburban Branch,RuPay,0,1,1,8,47.34,8339.84,2191,0
2674,2024-04-28 13:41:31,13,6,1,390.7,Train Station,RuPay,0,1,3,1,28.39,26043.01,1070,0
7017,2024-03-25 11:52:18,11,0,0,81.34,University Campus,Amex,0,1,1,1,14.47,45957.48,2574,0
8721,2024-04-08 23:22:04,23,0,0,203.45,Shopping Mall,RuPay,0,1,3,7,14.23,24970.77,1022,0
8850,2024-12-06 00:08:57,0,4,0,150.84,Hospital,RuPay,0,1,3,5,13.7,11081.59,3554,0
4813,2024-12-15 11:23:52,11,6,1,331.44,Downtown Branch,Amex,0,1,2,8,18.35,26039.14,1102,0
1085,2024-04-16 08:27:10,8,1,0,253.59,Shopping Mall,Visa,0,1,2,2,46.23,33355.04,607,0
4984,2024-12-21 16:27:37,16,5,1,87.11,Gas Station,MasterCard,0,1,1,8,49.88,18758.54,419,0
7156,2024-09-20 18:11:04,18,4,0,407.74,Shopping Mall,Amex,0,1,2,2,17.56,12798.02,649,0
2885,2024-10-22 22:39:25,22,1,0,446.25,Hotel Lobby,Visa,0,1,3,6,17.67,4659.58,2935,0
334,2024-05-24 15:38:30,15,4,0,254.62,Train Station,Visa,0,1,2,6,8.18,44735.15,3097,0
7205,2024-04-01 07:32:59,7,0,0,81.22,Airport Terminal,MasterCard,0,1,1,5,26.17,39367.04,1908,0
4368,2024-03-01 09:41:08,9,4,0,177.53,University Campus,Amex,0,1,3,5,18.93,11472.23,3158,0
3080,2024-04-10 03:32:27,3,2,0,82.17,Hotel Lobby,MasterCard,0,1,1,4,23.27,44770.96,3441,0
7204,2024-07-18 02:22:05,2,3,0,199.73,Remote Village,MasterCard,0,1,3,2,9.44,13218.08,2286,0
9910,2024-01-04 02:05:25,2,3,0,4619.58,Airport Terminal,MasterCard,4,1,9,7,2345.7,527.36,137,1
8865,2024-03-25 10:53:09,10,0,0,25.09,Airport Terminal,Visa,0,1,1,5,33.59,29777.11,2375,0
264,2024-06-25 14:04:14,14,1,0,476.12,Downtown Branch,Amex,0,1,3,2,36.55,22976.62,2750,0
4338,2024-05-26 10:31:32,10,6,1,423.42,Remote Village,RuPay,0,1,1,4,33.75,19405.41,1134,0
8896,2024-08-26 18:57:54,18,0,0,324.21,Gas Station,MasterCard,0,1,3,8,26.19,23206.27,493,0
8448,2024-03-28 14:06:34,14,3,0,250.12,Hospital,Visa,0,1,1,5,44.51,39082.09,1420,0
5904,2024-02-07 21:00:26,21,2,0,27.95,Suburban Branch,Visa,0,1,1,1,38.21,48215.33,2400,0
1499,2024-08-17 10:22:36,10,5,1,217.54,Gas Station,Visa,0,1,1,7,12.75,30302.27,35,0
4191,2024-07-27 21:30:40,21,5,1,349.55,Train Station,Visa,2,0,3,3,46.94,11793.17,3604,0
7486,2024-01-19 23:27:12,23,4,0,263.0,Downtown Branch,MasterCard,0,1,3,1,26.44,8712.68,2014,0
9644,2024-10-24 19:05:02,19,3,0,107.25,Airport Terminal,Visa,3,1,11,11,4330.84,14.37,231,1
8311,2024-03-29 04:03:30,4,4,0,201.91,Airport Terminal,Visa,0,1,1,2,3.73,12894.91,1042,0
7591,2024-06-04 18:07:10,18,1,0,450.92,Hospital,Amex,0,1,1,1,24.23,33375.9,683,0
501,2024-04-01 17:35:16,17,0,0,498.08,Gas Station,Visa,2,1,3,5,43.93,44531.06,3367,0
9156,2024-03-27 04:16:58,4,2,0,171.45,Hotel Lobby,Visa,0,1,3,4,27.16,28768.24,1455,0
9415,2024-04-24 17:19:49,17,2,0,398.32,Hospital,Visa,0,1,2,8,19.03,40128.18,1234,0
3096,2024-03-18 01:05:42,1,0,0,55.75,Train Station,MasterCard,0,1,1,3,36.92,4642.89,2742,0
4632,2024-12-15 22:19:17,22,6,1,293.61,Airport Terminal,MasterCard,0,1,3,1,5.37,4198.31,3405,0
368,2024-11-28 15:59:24,15,3,0,259.26,Train Station,Visa,0,1,1,2,20.17,1888.01,2279,0
4059,2024-04-27 14:36:28,14,5,1,182.7,Hotel Lobby,RuPay,0,1,1,2,28.61,16466.1,3358,0
8175,2024-07-06 22:48:47,22,5,1,69.27,Train Station,MasterCard,0,1,3,5,43.86,41581.01,852,0
4631,2024-05-03 02:36:05,2,4,0,478.05,Downtown Branch,Visa,0,1,2,5,27.1,10278.85,1659,0
6071,2024-03-22 03:49:20,3,4,0,281.63,Gas Station,RuPay,0,1,1,6,16.29,29243.56,1657,0
2665,2024-01-17 04:59:34,4,2,0,229.66,Hotel Lobby,RuPay,0,1,3,5,34.08,41606.98,2016,0
1027,2024-08-30 04:58:08,4,4,0,350.13,Downtown Branch,RuPay,0,1,1,2,12.36,5269.99,130,0
5909,2024-11-11 21:22:15,21,0,0,343.55,Hospital,RuPay,0,1,3,8,43.81,36882.93,2513,0
5051,2024-02-23 15:03:01,15,4,0,238.67,Gas Station,Visa,1,1,2,3,12.56,32650.53,719,0
6329,2024-11-21 18:01:47,18,3,0,393.88,Shopping Mall,Amex,0,1,1,3,13.86,28129.9,366,0
9734,2024-02-17 01:30:30,1,5,1,4455.91,Airport Terminal,RuPay,5,0,13,29,1736.04,1901.67,353,1
1692,2024-03-11 13:48:07,13,0,0,160.57,Remote Village,MasterCard,0,1,3,5,41.75,18878.1,2269,0
674,2024-11-02 12:58:17,12,5,1,36.26,Train Station,Visa,1,1,2,6,35.87,43850.39,3389,0
5573,2024-02-14 18:37:23,18,2,0,431.26,University Campus,Visa,1,1,2,7,8.65,41867.58,1204,0
5767,2024-01-10 19:44:46,19,2,0,318.86,Shopping Mall,Amex,0,1,3,2,22.76,38334.09,2389,0
5157,2024-01-14 16:01:13,16,6,1,243.05,Downtown Branch,Amex,0,1,1,6,36.8,7589.84,948,0
734,2024-06-19 21:50:32,21,2,0,350.73,Hospital,Visa,1,1,1,3,24.24,22939.87,2915,0
3527,2024-11-14 18:40:41,18,3,0,383.73,Gas Station,RuPay,1,1,2,4,39.21,25564.62,3217,0
569,2024-07-31 16:07:08,16,2,0,25.08,Airport Terminal,Amex,0,1,1,2,34.27,17640.67,3000,0
9188,2024-06-28 18:14:06,18,4,0,389.83,Shopping Mall,RuPay,0,1,3,8,18.89,582.27,1731,0
2923,2024-12-10 04:15:39,4,1,0,36.02,Hotel Lobby,Visa,0,1,2,8,49.33,2190.89,639,0
7912,2024-08-03 04:03:08,4,5,1,264.49,University Campus,MasterCard,0,0,1,8,7.26,18834.69,317,0
1559,2024-02-20 12:10:36,12,1,0,269.45,Downtown Branch,RuPay,0,1,3,1,38.9,16940.84,2046,0
102,2024-12-21 10:48:12,10,5,1,312.84,Train Station,Amex,0,1,2,7,5.83,2362.81,182,0
3008,2024-02-20 20:50:08,20,1,0,374.75,Hotel Lobby,MasterCard,0,1,1,8,44.71,38704.64,2672,0
7202,2024-08-07 15:15:02,15,2,0,221.08,Train Station,MasterCard,0,1,1,4,15.03,32985.33,3484,0
304,2024-05-17 19:01:07,19,4,0,468.9,Shopping Mall,Visa,2,1,3,6,40.31,34911.57,2453,0
77,2024-07-20 13:05:36,13,5,1,332.72,Shopping Mall,Amex,1,0,2,8,48.45,23553.52,1702,0
6755,2024-08-03 03:53:39,3,5,1,296.6,Hotel Lobby,RuPay,0,1,1,3,1.59,27017.45,2033,0
8630,2024-11-30 18:32:28,18,5,1,360.75,Airport Terminal,RuPay,0,1,3,8,43.98,9105.24,565,0
1209,2024-01-18 20:45:02,20,3,0,394.99,Train Station,Amex,0,1,3,7,2.97,2900.12,1433,0
7743,2024-09-30 06:16:44,6,0,0,269.07,Hospital,RuPay,0,1,3,8,2.63,49126.71,910,0
8215,2024-12-09 02:57:17,2,0,0,221.22,Shopping Mall,Visa,0,1,3,5,3.8,43191.46,215,0
8945,2024-09-10 20:54:29,20,1,0,281.87,Train Station,Amex,0,1,1,7,35.92,28833.24,1350,0
8414,2024-03-20 11:38:12,11,2,0,343.22,Shopping Mall,Amex,0,1,3,6,47.66,7702.22,1781,0
1776,2024-09-22 02:10:50,2,6,1,105.02,Airport Terminal,Amex,0,1,1,8,45.06,39268.19,2347,0
3474,2024-09-03 03:38:10,3,1,0,245.85,Shopping Mall,Visa,0,1,2,5,6.87,26308.01,1512,0
484,2024-08-19 08:54:43,8,0,0,27.83,Gas Station,Amex,0,1,1,4,42.79,1182.9,3396,0
2190,2024-12-13 15:59:17,15,4,0,311.84,Hotel Lobby,MasterCard,0,1,3,4,48.8,30014.58,663,0
347,2024-05-01 17:13:51,17,2,0,324.56,Gas Station,MasterCard,0,1,1,3,24.48,38202.1,390,0
5482,2024-06-04 15:42:17,15,1,0,449.1,Hospital,Visa,0,1,3,3,12.46,25927.02,76,0
8362,2024-05-06 00:41:23,0,0,0,357.08,Suburban Branch,MasterCard,0,1,1,5,2.88,19476.98,2056,0
1473,2024-06-25 16:27:52,16,1,0,482.79,Gas Station,Visa,0,1,2,1,14.22,993.95,2443,0
5101,2024-10-17 19:32:53,19,3,0,142.76,Hotel Lobby,Visa,0,1,2,7,44.57,957.54,220,0
6766,2024-07-30 02:22:15,2,1,0,121.26,Hotel Lobby,Visa,0,1,1,5,31.37,47070.11,2074,0
8707,2024-04-03 17:12:35,17,2,0,118.47,University Campus,RuPay,1,1,1,7,30.36,33939.83,274,0
4930,2024-11-13 05:31:05,5,2,0,311.42,Suburban Branch,Amex,1,1,3,3,9.36,39900.76,1422,0
6330,2024-12-07 16:58:04,16,5,1,151.87,Suburban Branch,Amex,0,1,2,5,34.47,5154.47,2808,0
2610,2024-06-05 11:55:06,11,2,0,264.16,University Campus,Amex,0,1,3,2,33.71,7611.91,940,0
4,2024-02-09 16:40:07,16,4,0,64.52,Hotel Lobby,Visa,0,1,1,8,26.81,48658.48,1580,0
2214,2024-10-22 23:10:00,23,1,0,388.94,Downtown Branch,Visa,0,1,3,8,49.62,2223.75,718,0
4828,2024-10-21 22:42:16,22,0,0,410.24,Suburban Branch,MasterCard,0,1,1,3,8.63,2620.53,2108,0
857,2024-02-29 07:17:16,7,3,0,417.38,University Campus,MasterCard,0,1,1,3,42.84,36397.03,1255,0
6978,2024-03-22 11:31:58,11,4,0,232.93,Train Station,Visa,0,0,1,3,24.05,31079.21,2469,0
5886,2024-11-15 12:06:21,12,4,0,197.1,Hospital,MasterCard,0,1,3,7,9.29,11203.63,995,0
625,2024-11-03 06:42:02,6,6,1,21.17,Train Station,MasterCard,0,1,3,5,20.86,24645.14,2847,0
291,2024-06-17 22:20:03,22,0,0,337.97,Gas Station,RuPay,0,1,2,7,35.04,36794.11,1332,0
2019,2024-07-05 00:19:09,0,4,0,286.88,Suburban Branch,Amex,0,1,1,4,23.18,49956.45,69,0
669,2024-06-07 14:20:09,14,4,0,142.07,Train Station,MasterCard,0,1,3,2,15.82,21246.69,2826,0
8922,2024-12-07 07:39:59,7,5,1,477.07,Downtown Branch,MasterCard,0,1,2,3,4.33,7876.64,269,0
8265,2024-09-15 09:16:02,9,6,1,455.92,Airport Terminal,Visa,0,1,1,6,37.7,27017.72,2273,0
9697,2024-03-05 17:59:05,17,1,0,209.83,Hospital,Amex,3,0,14,18,763.83,92.42,51,1
1632,2024-06-10 07:30:37,7,0,0,145.95,Suburban Branch,Visa,0,1,1,3,38.35,20260.87,2922,0
5171,2024-05-19 20:36:13,20,6,1,466.94,University Campus,Visa,0,1,1,7,11.71,24704.12,330,0
7206,2024-10-27 01:39:53,1,6,1,394.24,Shopping Mall,MasterCard,0,1,2,5,25.91,43062.44,3239,0
2523,2024-06-01 08:04:53,8,5,1,96.7,Downtown Branch,MasterCard,0,1,1,2,30.18,21631.22,112,0
2216,2024-11-10 20:48:06,20,6,1,207.1,Hotel Lobby,RuPay,0,1,3,6,28.04,17211.22,3308,0
6969,2024-09-24 20:21:36,20,1,0,341.1,Hospital,MasterCard,0,1,2,3,43.5,45916.6,3631,0
6497,2024-01-16 05:30:50,5,1,0,66.74,Airport Terminal,Amex,0,1,2,1,42.57,30015.46,3338,0
6214,2024-06-03 18:08:06,18,0,0,136.31,Train Station,Visa,1,1,2,5,35.98,25099.79,183,0
7033,2024-05-09 12:59:53,12,3,0,194.62,Train Station,RuPay,0,1,1,4,16.9,17281.23,374,0
7421,2024-02-09 07:15:40,7,4,0,419.77,Hotel Lobby,RuPay,0,1,1,5,42.78,33684.52,2542,0
1108,2024-10-26 12:09:32,12,5,1,131.42,Remote Village,Visa,0,1,2,6,7.19,31532.7,372,0
451,2024-03-29 15:08:43,15,4,0,170.47,Gas Station,RuPay,0,1,2,5,44.38,39070.6,1517,0
6290,2024-12-28 10:23:11,10,5,1,144.11,Gas Station,Visa,0,1,2,2,19.8,31832.82,2795,0
9967,2024-05-08 01:13:17,1,2,0,4923.81,Remote Village,Amex,5,0,14,18,204.25,70.33,213,1
136,2024-04-20 08:26:30,8,5,1,140.96,Remote Village,Amex,1,1,2,2,29.14,7157.28,1462,0
1786,2024-10-05 07:43:19,7,5,1,447.09,University Campus,MasterCard,0,1,2,5,29.05,48162.69,1565,0
3405,2024-12-04 23:37:48,23,2,0,258.6,Airport Terminal,Amex,0,1,3,8,40.41,18099.54,3259,0
2907,2024-01-03 17:32:50,17,2,0,349.69,Gas Station,RuPay,1,1,1,2,37.39,36553.08,2373,0
8305,2024-02-21 00:28:33,0,2,0,260.98,Airport Terminal,Amex,0,1,1,7,0.56,48923.58,162,0
7493,2024-10-12 01:53:20,1,5,1,217.15,Airport Terminal,RuPay,1,0,1,6,35.12,33265.46,2563,0
6101,2024-08-29 17:37:24,17,3,0,400.92,Hospital,Amex,2,1,3,5,18.72,13305.27,1529,0
4505,2024-06-16 20:10:43,20,6,1,99.76,Shopping Mall,MasterCard,0,0,3,4,9.84,36063.95,368,0
5054,2024-04-12 04:57:35,4,4,0,197.6,Train Station,MasterCard,0,1,1,4,15.43,10921.7,833,0
5206,2024-06-25 20:47:16,20,1,0,460.24,Shopping Mall,RuPay,0,1,3,5,46.67,39450.58,2851,0
4081,2024-10-05 17:17:42,17,5,1,42.69,University Campus,Visa,0,1,1,6,46.35,30990.84,3646,0
6919,2024-10-24 12:04:42,12,3,0,185.37,Remote Village,Visa,0,1,1,3,15.5,39955.9,1695,0
6803,2024-05-18 21:50:13,21,5,1,239.7,Gas Station,Visa,0,1,3,7,28.0,5875.54,136,0
5207,2024-08-29 20:45:35,20,3,0,67.65,Suburban Branch,MasterCard,1,1,2,2,33.58,13312.62,2856,0
533,2024-11-18 03:06:14,3,0,0,476.35,Gas Station,Visa,0,1,2,1,38.89,45676.36,1847,0
4831,2024-01-06 18:30:07,18,5,1,357.59,Shopping Mall,Visa,1,1,1,3,13.75,4965.11,209,0
4039,2024-06-17 19:11:33,19,0,0,459.12,Airport Terminal,Visa,0,0,3,3,1.37,9509.43,974,0
4085,2024-05-30 09:03:42,9,3,0,314.93,Train Station,RuPay,0,1,2,4,41.12,45309.94,3561,0
3205,2024-11-13 17:49:13,17,2,0,411.54,Airport Terminal,Visa,0,1,3,8,21.81,24198.64,2214,0
7111,2024-11-02 23:56:03,23,5,1,404.94,Airport Terminal,Visa,1,1,3,6,42.99,4071.58,3350,0
331,2024-06-20 13:05:49,13,3,0,121.47,Train Station,RuPay,0,1,2,1,25.76,8032.72,1304,0
4958,2024-07-04 03:40:46,3,3,0,58.99,Remote Village,MasterCard,0,1,1,2,47.68,26760.86,3615,0
3034,2024-12-20 16:53:30,16,4,0,280.03,Hotel Lobby,MasterCard,0,1,2,5,17.8,49946.91,491,0
7685,2024-05-17 23:07:12,23,4,0,278.92,Gas Station,Amex,1,1,2,3,11.82,23096.52,1305,0
1598,2024-01-06 18:14:44,18,5,1,393.1,Train Station,MasterCard,0,1,3,5,20.25,7601.99,328,0
9920,2024-08-13 01:27:38,1,1,0,3241.76,Airport Terminal,Amex,4,0,10,6,2416.96,395.46,240,1
3598,2024-01-24 18:00:31,18,2,0,262.21,Gas Station,RuPay,0,1,3,5,12.49,32669.31,3573,0
9039,2024-06-22 02:52:13,2,5,1,108.64,Shopping Mall,MasterCard,2,0,1,5,39.08,44511.94,776,0
8002,2024-06-13 05:53:59,5,3,0,113.05,Remote Village,Visa,0,1,2,8,31.95,814.36,933,0
591,2024-09-23 02:56:04,2,0,0,425.02,Train Station,RuPay,1,1,3,1,2.7,18273.23,888,0
648,2024-09-13 17:43:04,17,4,0,380.77,Train Station,Visa,0,1,3,8,24.51,13157.1,1437,0
9103,2024-03-10 04:26:05,4,6,1,191.61,Airport Terminal,Visa,0,1,3,2,29.25,32767.3,3645,0
8016,2024-03-13 09:41:56,9,2,0,441.39,University Campus,MasterCard,0,1,3,7,14.1,27030.21,3097,0
3772,2024-07-08 08:08:30,8,0,0,381.96,Downtown Branch,Visa,0,1,3,1,16.18,27137.81,2457,0
9040,2024-04-03 00:48:23,0,2,0,339.89,Airport Terminal,RuPay,0,1,2,8,10.5,7054.49,1829,0
5083,2024-07-17 16:42:05,16,2,0,60.15,University Campus,MasterCard,0,1,1,3,24.65,41224.44,1009,0
7883,2024-06-04 17:43:49,17,1,0,254.96,University Campus,MasterCard,0,1,3,8,0.1,49251.11,2542,0
9363,2024-09-06 08:01:39,8,4,0,161.01,Hotel Lobby,Amex,0,1,2,5,25.78,24130.3,2370,0
4211,2024-05-23 01:50:50,1,3,0,406.87,University Campus,Amex,0,1,1,4,30.49,12186.44,1925,0
8835,2024-12-29 19:10:54,19,6,1,280.27,Hospital,RuPay,0,1,2,4,1.51,22537.29,2145,0
8700,2024-06-17 03:53:13,3,0,0,288.95,Downtown Branch,Visa,0,1,2,4,5.76,10671.6,1921,0
1796,2024-03-14 10:01:41,10,3,0,227.1,Airport Terminal,Visa,1,1,3,3,3.38,45354.53,2178,0
2587,2024-05-28 10:39:05,10,1,0,361.34,Hospital,Amex,0,1,1,6,11.69,26909.25,412,0
8356,2024-05-09 13:08:44,13,3,0,279.8,Airport Terminal,MasterCard,1,1,3,6,6.93,36217.76,473,0
2317,2024-08-11 08:40:27,8,6,1,368.48,Shopping Mall,RuPay,0,1,1,7,18.86,23038.02,2486,0
4186,2024-02-17 06:51:39,6,5,1,210.71,Hospital,Visa,0,1,2,1,16.58,3024.34,515,0
8828,2024-06-09 14:14:09,14,6,1,378.43,Airport Terminal,Visa,0,1,3,5,43.79,31285.27,2927,0
7073,2024-10-23 19:03:19,19,2,0,68.05,Remote Village,Visa,0,1,1,5,42.56,10521.6,2870,0
5235,2024-10-26 18:37:11,18,5,1,74.38,Shopping Mall,RuPay,0,1,1,4,35.61,6355.31,2552,0
8744,2024-10-12 05:58:58,5,5,1,41.12,Airport Terminal,RuPay,0,0,2,6,23.49,42802.52,3460,0
8671,2024-02-05 18:12:21,18,0,0,170.74,Suburban Branch,Amex,0,1,2,7,22.92,29430.62,2218,0
4769,2024-01-20 08:50:22,8,5,1,266.42,Shopping Mall,Visa,0,1,1,6,4.4,35029.69,2562,0
9973,2024-03-19 03:31:24,3,1,0,4153.73,Airport Terminal,RuPay,5,1,9,6,4293.43,-496.07,5,1
7145,2024-08-24 12:33:32,12,5,1,414.6,Suburban Branch,Visa,0,1,1,1,30.43,3499.18,2338,0
2914,2024-04-06 21:22:29,21,5,1,183.62,Suburban Branch,Visa,0,1,3,6,47.74,31877.84,3561,0
9872,2024-03-25 01:20:22,1,0,0,3043.02,Remote Village,RuPay,3,1,8,6,4493.93,1031.41,210,1
9894,2024-12-19 17:28:56,17,3,0,238.59,Train Station,MasterCard,1,1,7,7,4506.0,1692.03,206,1
2076,2024-03-31 08:39:55,8,6,1,168.73,Downtown Branch,MasterCard,0,1,1,5,45.6,21088.49,3178,0
4303,2024-11-03 21:17:27,21,6,1,108.24,Suburban Branch,RuPay,0,1,2,6,12.5,15903.42,3419,0
5823,2024-10-31 11:36:58,11,3,0,321.58,University Campus,MasterCard,0,1,1,5,39.96,23131.83,3226,0
2150,2024-04-17 02:42:39,2,2,0,121.89,Hospital,RuPay,0,1,2,6,43.92,12894.72,1726,0
145,2024-12-09 13:20:49,13,0,0,187.8,Downtown Branch,Visa,0,1,2,4,19.31,4172.11,949,0
4964,2024-01-25 07:33:42,7,3,0,64.56,Shopping Mall,RuPay,0,1,2,6,5.51,10803.45,479,0
8160,2024-05-12 04:24:45,4,6,1,61.17,Suburban Branch,Visa,0,1,3,2,9.69,320.61,2482,0
9031,2024-06-25 10:20:05,10,1,0,128.63,University Campus,Amex,0,1,3,5,1.76,4820.17,3027,0
4776,2024-12-05 14:14:16,14,3,0,497.77,Airport Terminal,MasterCard,1,0,3,8,36.96,31300.38,826,0
8934,2024-12-26 03:25:49,3,3,0,446.61,Suburban Branch,Visa,0,1,3,1,26.02,12960.93,1161,0
7750,2024-05-13 22:39:42,22,0,0,290.94,Suburban Branch,Visa,0,0,2,2,23.66,25478.44,1967,0
9829,2024-06-07 18:44:00,18,4,0,211.8,Airport Terminal,RuPay,1,1,12,13,1173.93,984.57,272,1
9215,2024-06-23 22:39:38,22,6,1,325.9,Remote Village,RuPay,0,1,3,8,22.44,5817.65,902,0
6061,2024-07-27 12:33:00,12,5,1,455.2,Hotel Lobby,MasterCard,0,1,2,1,1.82,22995.49,2237,0
9476,2024-02-18 23:14:26,23,6,1,164.88,Remote Village,RuPay,2,1,1,5,11.32,8197.66,3555,0
6410,2024-04-05 07:02:34,7,4,0,145.1,Hotel Lobby,Amex,0,1,2,5,48.24,5062.86,1255,0
3318,2024-10-11 16:44:04,16,4,0,397.86,Hotel Lobby,MasterCard,0,1,2,7,9.32,30629.38,837,0
7465,2024-07-14 05:20:03,5,6,1,484.39,Gas Station,Amex,0,1,1,5,6.84,49946.85,3357,0
3062,2024-09-19 04:43:17,4,3,0,447.25,Gas Station,RuPay,0,1,3,1,24.38,28885.2,505,0
1356,2024-08-31 01:42:59,1,5,1,203.37,Train Station,RuPay,0,1,1,5,22.8,9969.26,2514,0
4515,2024-12-03 15:45:31,15,1,0,194.27,Hospital,Visa,0,1,3,3,22.9,46941.86,2735,0
5506,2024-03-14 22:24:50,22,3,0,380.72,Airport Terminal,Amex,0,1,1,8,36.78,5555.68,2943,0
5251,2024-09-23 04:42:29,4,0,0,58.39,Shopping Mall,Amex,0,1,1,6,32.79,49387.31,2673,0
4512,2024-05-20 08:34:16,8,0,0,293.78,Shopping Mall,MasterCard,0,1,2,3,11.25,37078.78,2818,0
1731,2024-09-06 05:53:17,5,4,0,349.4,Hotel Lobby,Amex,0,1,3,2,7.35,22879.02,2087,0
1759,2024-03-03 11:51:44,11,6,1,350.65,University Campus,Amex,0,1,2,2,19.47,46704.62,3285,0
6651,2024-01-04 06:37:40,6,3,0,453.29,Train Station,RuPay,0,1,3,3,6.2,7592.39,66,0
6647,2024-05-22 18:05:14,18,2,0,148.61,Remote Village,RuPay,0,1,3,8,16.46,40455.89,784,0
9861,2024-02-08 21:02:55,21,3,0,167.23,Airport Terminal,Amex,1,1,9,26,252.68,295.98,81,1
4140,2024-10-18 15:53:40,15,4,0,455.68,Train Station,Visa,1,1,3,5,0.05,7426.48,167,0
9394,2024-11-20 03:26:54,3,2,0,199.75,Gas Station,MasterCard,0,1,2,4,8.89,9772.57,2679,0
5124,2024-09-18 22:47:58,22,2,0,147.79,Shopping Mall,Visa,0,0,3,7,45.44,39201.55,1073,0
1,2024-09-05 07:53:23,7,3,0,73.44,University Campus,RuPay,0,1,3,2,33.83,44619.76,386,0
1865,2024-01-15 14:47:02,14,0,0,302.65,Gas Station,Amex,0,1,3,3,48.14,22124.83,480,0
544,2024-07-04 21:21:38,21,3,0,241.4,Hotel Lobby,Amex,0,1,1,2,20.28,35742.23,468,0
350,2024-02-09 21:18:36,21,4,0,204.1,Shopping Mall,Amex,0,1,1,5,47.42,22850.72,2161,0
6907,2024-06-17 18:14:49,18,0,0,329.89,Hospital,MasterCard,0,1,2,5,37.81,7083.89,3632,0
9766,2024-10-23 18:19:47,18,2,0,168.76,Airport Terminal,Visa,2,1,11,13,3884.38,353.85,335,1
2524,2024-12-24 10:29:27,10,1,0,316.86,Airport Terminal,MasterCard,0,1,2,1,15.54,1721.06,1381,0
3465,2024-08-19 00:58:47,0,0,0,416.9,University Campus,MasterCard,0,1,2,5,1.74,19057.19,1991,0
458,2024-10-20 09:30:57,9,6,1,248.99,Hospital,RuPay,0,1,3,4,39.84,27455.79,802,0
3024,2024-02-13 12:03:03,12,1,0,134.81,Shopping Mall,RuPay,0,1,1,5,47.63,13248.48,1536,0
7262,2024-07-07 16:07:34,16,6,1,145.88,University Campus,Amex,1,0,2,5,31.93,36879.14,3299,0
9516,2024-09-02 03:33:03,3,0,0,3813.17,Airport Terminal,Visa,4,1,8,30,2588.78,1836.34,168,1
7873,2024-08-19 09:39:55,9,0,0,142.95,Gas Station,Visa,0,1,2,8,29.59,34993.05,2034,0
6626,2024-04-28 15:25:16,15,6,1,70.87,Train Station,RuPay,0,1,3,3,14.35,1227.63,2228,0
2535,2024-07-08 06:11:16,6,0,0,20.47,Hotel Lobby,Amex,0,1,3,2,18.66,9905.19,1071,0
132,2024-04-30 13:12:39,13,1,0,241.64,Hotel Lobby,Visa,0,1,1,2,30.75,25402.68,1925,0
3705,2024-02-29 08:54:37,8,3,0,450.52,Remote Village,Visa,0,1,2,5,42.36,797.89,342,0
1373,2024-10-15 02:30:37,2,1,0,440.69,Hospital,RuPay,0,1,2,1,44.93,15172.3,1106,0
6201,2024-09-22 18:01:23,18,6,1,253.68,Hospital,MasterCard,0,1,1,6,11.72,12940.57,3156,0
4857,2024-09-12 09:49:49,9,3,0,267.57,Train Station,Visa,0,1,1,5,12.72,25186.06,3466,0
4713,2024-08-02 08:37:50,8,4,0,232.68,Train Station,MasterCard,0,0,2,2,24.5,18780.9,2014,0
5545,2024-06-27 06:03:21,6,3,0,120.14,Shopping Mall,MasterCard,0,1,3,2,24.98,13783.7,91,0
1414,2024-03-14 18:36:42,18,3,0,349.81,Suburban Branch,Amex,0,1,1,8,29.09,8753.44,2997,0
4114,2024-12-05 21:51:43,21,3,0,455.3,Downtown Branch,Amex,0,1,1,6,8.59,33632.03,1575,0
656,2024-09-25 07:19:07,7,2,0,344.05,Suburban Branch,MasterCard,0,1,3,6,8.33,15046.09,1815,0
8138,2024-12-11 09:20:07,9,2,0,374.43,Hotel Lobby,Visa,0,1,3,8,23.41,45963.38,1589,0
4099,2024-06-23 00:20:50,0,6,1,128.54,Remote Village,Visa,0,1,3,3,33.72,8990.55,864,0
593,2024-07-07 09:05:59,9,6,1,267.15,University Campus,MasterCard,0,1,3,6,20.95,37379.63,1364,0
8709,2024-11-23 04:33:29,4,5,1,177.41,Hospital,MasterCard,0,1,1,3,25.98,23051.18,1430,0
3124,2024-05-29 15:47:10,15,2,0,94.16,Suburban Branch,RuPay,0,1,2,2,3.41,45915.14,772,0
3048,2024-07-26 19:18:02,19,4,0,196.47,Downtown Branch,Amex,0,1,2,8,1.07,39520.67,823,0
3888,2024-03-27 13:22:34,13,2,0,448.79,Suburban Branch,Visa,0,1,3,2,33.97,27520.84,1524,0
5736,2024-03-31 05:46:22,5,6,1,123.97,University Campus,Amex,0,1,1,8,2.94,43135.87,1347,0
2185,2024-12-19 22:35:37,22,3,0,430.55,Shopping Mall,MasterCard,0,1,1,5,9.3,26269.3,785,0
2146,2024-06-11 08:14:37,8,1,0,288.52,Train Station,Visa,0,1,3,7,36.7,13384.4,2704,0
7048,2024-09-18 03:00:56,3,2,0,278.52,Downtown Branch,Amex,1,1,3,6,35.5,20492.28,3065,0
3106,2024-10-14 10:41:55,10,0,0,235.69,Suburban Branch,Amex,0,1,3,4,48.83,13744.6,3369,0
9234,2024-04-10 14:59:47,14,2,0,225.7,Downtown Branch,RuPay,0,1,3,6,16.31,17868.05,2718,0
9097,2024-05-19 01:50:08,1,6,1,362.91,Airport Terminal,MasterCard,0,1,1,7,23.84,47494.19,2854,0
2770,2024-08-21 12:25:48,12,2,0,58.27,University Campus,RuPay,1,1,1,5,32.66,47628.24,3272,0
5222,2024-01-09 10:39:12,10,1,0,98.61,Suburban Branch,RuPay,0,1,3,4,28.22,1192.06,824,0
5834,2024-08-27 12:18:33,12,1,0,357.5,University Campus,MasterCard,0,1,2,7,18.99,36116.63,3233,0
1733,2024-04-28 20:49:34,20,6,1,496.74,Remote Village,Amex,0,1,2,2,13.71,22525.77,593,0
266,2024-08-07 20:49:36,20,2,0,429.16,Downtown Branch,RuPay,0,1,3,8,0.81,46478.7,677,0
5145,2024-09-19 10:33:12,10,3,0,186.2,Remote Village,Visa,0,1,1,7,46.72,8439.87,655,0
8268,2024-10-07 04:45:59,4,0,0,273.31,Downtown Branch,Amex,0,1,1,7,31.78,45731.88,1686,0
3938,2024-05-06 19:30:42,19,0,0,376.4,Gas Station,Visa,0,1,1,6,44.18,22070.99,1207,0
762,2024-09-21 08:24:02,8,5,1,288.86,Hospital,RuPay,0,1,3,1,42.69,16217.66,3488,0
7221,2024-12-02 18:30:22,18,0,0,420.64,Downtown Branch,RuPay,2,1,3,5,5.01,25649.68,1742,0
8440,2024-10-18 19:55:42,19,4,0,302.49,University Campus,Amex,0,1,3,8,20.96,421.33,261,0
3258,2024-06-05 15:43:51,15,2,0,169.26,Remote Village,RuPay,0,1,1,7,39.61,29208.47,75,0
4339,2024-11-22 16:21:22,16,4,0,262.98,Hospital,Amex,2,1,1,8,25.91,11674.06,352,0
4363,2024-11-16 14:41:49,14,5,1,106.48,Hospital,Visa,0,1,3,7,40.31,32361.32,2063,0
317,2024-09-13 13:13:07,13,4,0,155.13,Downtown Branch,Visa,0,1,3,8,7.68,18105.36,1781,0
8070,2024-04-30 06:52:42,6,1,0,171.29,Remote Village,Visa,0,1,2,7,29.41,7696.76,1160,0
1852,2024-05-29 22:51:53,22,2,0,50.36,Train Station,Visa,0,1,2,5,28.43,39984.18,2594,0
2485,2024-08-22 19:50:32,19,3,0,234.98,Shopping Mall,MasterCard,0,1,3,2,37.35,7082.55,1759,0
9874,2024-04-22 02:26:04,2,0,0,4927.06,Remote Village,Amex,5,1,13,15,4331.47,1064.99,171,1
9575,2024-06-23 01:02:16,1,6,1,288.92,Shopping Mall,MasterCard,1,1,9,24,1994.33,1241.11,166,1
1079,2024-05-17 14:56:49,14,4,0,81.18,University Campus,Visa,0,1,1,6,44.87,44927.86,2452,0
8359,2024-08-12 00:26:34,0,0,0,353.06,Downtown Branch,Amex,0,1,3,8,23.91,26419.95,836,0
7334,2024-07-13 23:35:07,23,5,1,82.33,Downtown Branch,RuPay,0,1,3,3,17.43,9828.33,3105,0
1072,2024-09-12 04:14:12,4,3,0,368.6,Airport Terminal,Visa,0,1,1,7,26.95,6149.99,3628,0
104,2024-08-16 02:24:31,2,4,0,376.29,Hospital,Amex,0,1,2,7,46.95,14059.03,2857,0
5749,2024-12-27 02:22:36,2,4,0,216.56,Airport Terminal,MasterCard,0,1,1,2,20.62,22019.75,793,0
1419,2024-01-16 22:28:13,22,1,0,426.64,Suburban Branch,Visa,0,1,1,2,46.29,34367.54,869,0
1659,2024-05-30 10:32:18,10,3,0,167.33,University Campus,MasterCard,1,1,2,2,44.41,38948.2,135,0
5285,2024-05-23 21:39:24,21,3,0,259.17,Hotel Lobby,MasterCard,0,1,3,4,5.48,46455.86,944,0
1150,2024-10-01 06:29:08,6,1,0,136.52,Hospital,RuPay,1,1,1,7,38.66,44911.26,3387,0
7151,2024-09-16 05:41:48,5,0,0,151.84,University Campus,Amex,0,1,2,5,1.75,22415.07,2888,0
1569,2024-08-12 23:16:37,23,0,0,204.37,University Campus,MasterCard,1,1,3,2,14.72,38637.75,1298,0
1088,2024-06-21 14:09:19,14,4,0,446.66,Airport Terminal,MasterCard,0,1,2,2,48.42,40201.69,3078,0
6086,2024-03-20 20:39:53,20,2,0,135.08,Shopping Mall,MasterCard,0,1,3,3,13.41,37328.86,565,0
8675,2024-09-21 18:34:38,18,5,1,98.52,Gas Station,Visa,1,1,1,6,35.14,28512.32,1336,0
8342,2024-12-06 13:26:27,13,4,0,185.08,Airport Terminal,Amex,1,1,2,8,19.82,29667.12,2716,0
7812,2024-12-10 21:06:12,21,1,0,107.48,University Campus,MasterCard,2,1,2,5,34.61,37961.2,1381,0
6085,2024-04-24 03:06:35,3,2,0,45.8,Train Station,Visa,0,1,2,8,45.72,19291.5,2253,0
8774,2024-11-01 19:44:01,19,4,0,213.13,University Campus,RuPay,1,1,3,8,46.94,18258.76,1972,0
8758,2024-12-24 04:33:13,4,1,0,134.69,Downtown Branch,Amex,0,1,3,2,30.39,13280.64,688,0
1693,2024-10-06 18:11:40,18,6,1,147.12,Downtown Branch,Amex,0,1,3,5,7.58,22252.93,656,0
4735,2024-08-23 18:33:42,18,4,0,69.72,Hospital,MasterCard,0,1,2,8,23.47,13651.7,1149,0
3388,2024-11-15 21:40:45,21,4,0,474.66,Gas Station,RuPay,0,1,2,8,4.11,40279.7,511,0
3647,2024-12-01 07:51:19,7,6,1,209.64,University Campus,Visa,0,1,3,7,17.16,17062.83,3212,0
1684,2024-01-09 16:54:20,16,1,0,370.86,Remote Village,RuPay,0,0,3,1,40.77,42584.89,2268,0
9,2024-03-23 13:49:22,13,5,1,334.61,Train Station,RuPay,0,1,1,4,37.25,26994.97,3089,0
6063,2024-04-15 18:49:18,18,0,0,453.39,University Campus,MasterCard,0,1,2,1,6.29,34953.15,1251,0
6517,2024-04-24 12:47:03,12,2,0,409.47,Shopping Mall,Amex,0,1,1,4,24.52,19380.14,1042,0
4124,2024-11-22 12:11:06,12,4,0,249.45,Shopping Mall,Visa,0,1,3,5,48.27,12676.36,834,0
8730,2024-11-10 08:16:08,8,6,1,405.38,University Campus,Visa,0,1,3,2,29.59,30470.96,2112,0
6046,2024-12-18 09:59:19,9,2,0,395.04,University Campus,Amex,0,1,3,8,1.85,45730.83,1294,0
568,2024-09-11 02:55:17,2,2,0,300.4,University Campus,Amex,0,1,3,4,26.0,33918.14,766,0
9162,2024-06-08 06:23:51,6,5,1,302.08,Airport Terminal,Amex,0,1,2,7,11.77,25685.81,277,0
1804,2024-09-29 06:43:58,6,6,1,24.9,Downtown Branch,MasterCard,0,1,3,4,48.93,13922.21,2956,0
8502,2024-07-31 22:37:33,22,2,0,201.87,Airport Terminal,RuPay,0,1,3,8,4.9,22232.33,1719,0
4901,2024-12-14 20:13:48,20,5,1,439.68,Shopping Mall,Amex,0,1,2,5,39.33,29793.81,1324,0
1600,2024-04-01 08:24:06,8,0,0,226.38,Gas Station,Amex,0,1,1,3,6.34,45937.44,3515,0
7932,2024-10-29 14:55:20,14,1,0,339.63,Downtown Branch,RuPay,0,1,1,7,21.88,18109.52,1568,0
9548,2024-09-13 02:54:47,2,4,0,1572.96,Remote Village,Amex,5,1,8,26,4137.58,741.77,312,1
2824,2024-10-02 14:18:16,14,2,0,280.29,Shopping Mall,RuPay,0,1,1,8,26.36,14766.25,1158,0
5468,2024-04-30 16:02:22,16,1,0,54.02,Hospital,MasterCard,0,1,2,8,27.38,15793.91,2643,0
3530,2024-08-30 01:03:37,1,4,0,133.96,Suburban Branch,Visa,2,1,3,4,14.15,35698.48,2657,0
8684,2024-01-13 15:45:39,15,5,1,210.11,Gas Station,MasterCard,0,1,3,6,1.03,39480.85,317,0
1156,2024-06-13 01:35:06,1,3,0,390.25,Gas Station,Amex,0,1,1,8,25.1,39072.08,2946,0
6548,2024-12-15 08:07:06,8,6,1,392.25,Gas Station,Visa,0,1,2,4,45.41,34319.58,189,0
9089,2024-08-16 22:03:41,22,4,0,38.97,Shopping Mall,Amex,1,1,1,2,12.95,36714.92,1738,0
7621,2024-04-27 09:58:24,9,5,1,88.41,Downtown Branch,Visa,0,1,1,7,36.79,44065.56,3507,0
8297,2024-10-14 05:18:45,5,0,0,246.04,Hotel Lobby,Visa,0,1,2,4,15.69,18189.8,1420,0
4541,2024-07-19 12:42:45,12,4,0,269.98,Gas Station,MasterCard,1,1,2,5,31.13,40046.05,1114,0
9135,2024-09-14 07:23:47,7,5,1,35.12,Remote Village,RuPay,0,1,2,7,32.66,37334.95,1091,0
6483,2024-09-01 22:52:09,22,6,1,226.45,Hospital,Visa,1,1,3,7,21.06,136.6,1998,0
5827,2024-08-22 17:54:25,17,3,0,99.53,University Campus,Amex,0,1,1,7,3.6,20204.73,2546,0
1191,2024-12-04 04:16:44,4,2,0,272.11,Hospital,Amex,0,1,1,6,11.24,10400.82,644,0
7445,2024-08-05 09:50:43,9,0,0,311.07,Suburban Branch,RuPay,0,1,1,6,39.86,42884.52,2402,0
8521,2024-09-21 18:45:33,18,5,1,190.84,Suburban Branch,MasterCard,0,1,1,8,19.01,28786.88,1133,0
961,2024-05-16 18:50:47,18,3,0,417.53,Hotel Lobby,MasterCard,0,1,1,8,21.42,8927.07,2466,0
7455,2024-03-27 18:23:06,18,2,0,449.74,Suburban Branch,Visa,1,1,2,1,34.63,15147.35,424,0
37,2024-05-16 08:55:08,8,3,0,327.91,Suburban Branch,Amex,0,1,1,2,43.85,13134.64,2408,0
7517,2024-01-03 11:19:51,11,2,0,276.5,Hospital,Amex,0,1,3,7,35.14,7187.76,1951,0
7645,2024-07-27 01:32:53,1,5,1,58.61,Shopping Mall,Visa,0,1,1,8,21.5,6358.26,557,0
4439,2024-11-26 13:57:00,13,1,0,489.38,Remote Village,RuPay,0,0,1,8,0.13,38952.05,549,0
6162,2024-02-24 11:51:22,11,5,1,443.37,Hospital,MasterCard,2,1,3,6,47.04,23183.92,1039,0
7745,2024-09-07 17:06:29,17,5,1,233.98,Hotel Lobby,MasterCard,1,1,2,7,27.18,8923.82,443,0
9588,2024-09-01 16:38:52,16,6,1,292.31,Hotel Lobby,Visa,2,1,13,29,1015.83,506.29,280,1
8120,2024-05-27 23:44:17,23,0,0,272.66,Downtown Branch,Amex,1,1,2,8,11.01,33716.79,2507,0
6968,2024-06-08 00:24:51,0,5,1,257.04,Suburban Branch,MasterCard,0,1,3,4,0.57,31353.77,1663,0
5719,2024-07-09 18:22:43,18,1,0,244.81,Shopping Mall,MasterCard,0,1,3,7,30.61,41984.24,3076,0
578,2024-05-21 21:21:31,21,1,0,276.62,Airport Terminal,MasterCard,1,1,2,4,8.83,2062.63,1603,0
9834,2024-09-11 10:00:33,10,2,0,298.46,Remote Village,Amex,3,0,3,25,2097.18,1754.13,76,1
4103,2024-12-15 23:07:02,23,6,1,374.83,Remote Village,Amex,0,0,2,6,47.62,27640.97,510,0
7647,2024-08-09 23:16:12,23,4,0,351.93,Downtown Branch,MasterCard,0,1,1,3,19.25,9163.32,3172,0
4152,2024-04-20 08:48:12,8,5,1,267.54,Hotel Lobby,Amex,0,1,2,2,18.08,42446.09,2195,0
3131,2024-11-23 05:07:13,5,5,1,124.23,Suburban Branch,Visa,0,1,2,2,47.07,44508.84,3178,0
4891,2024-02-09 08:34:14,8,4,0,273.93,Train Station,MasterCard,0,1,3,8,23.8,34932.05,1978,0
9976,2024-05-21 02:35:45,2,1,0,1236.38,Remote Village,MasterCard,2,0,10,26,1794.71,145.44,235,1
7472,2024-06-15 17:19:50,17,5,1,23.6,Hospital,RuPay,0,1,3,3,38.09,45659.52,183,0
1834,2024-04-18 05:16:28,5,3,0,457.29,Downtown Branch,Visa,0,1,3,6,40.76,40702.2,2229,0
9149,2024-04-04 01:35:35,1,3,0,66.57,Remote Village,MasterCard,0,1,2,6,37.65,49289.85,3072,0
4892,2024-09-04 09:00:24,9,2,0,70.68,Remote Village,Visa,0,1,2,6,30.48,24567.89,1724,0
2288,2024-03-26 11:08:28,11,1,0,333.81,Remote Village,RuPay,0,1,3,1,49.03,44206.78,963,0
1331,2024-11-09 02:34:37,2,5,1,385.79,Shopping Mall,Visa,0,1,1,4,38.94,43198.15,69,0
2772,2024-09-03 17:57:02,17,1,0,166.74,Hotel Lobby,RuPay,0,1,3,8,25.94,8323.07,3581,0
3687,2024-12-22 12:26:32,12,6,1,78.97,Shopping Mall,MasterCard,0,1,2,2,38.59,35664.96,749,0
8284,2024-05-10 11:00:40,11,4,0,398.09,Shopping Mall,Visa,0,1,3,3,24.47,24756.49,874,0
5929,2024-01-08 04:23:08,4,0,0,439.26,Train Station,Amex,1,1,3,7,14.99,18611.32,1121,0
638,2024-07-24 09:08:03,9,2,0,124.16,Gas Station,RuPay,0,1,3,1,48.68,5024.42,906,0
48,2024-10-24 09:54:03,9,3,0,393.28,University Campus,Visa,0,1,1,5,11.72,16858.79,2242,0
2603,2024-12-16 00:10:31,0,0,0,105.41,Airport Terminal,Amex,0,1,3,3,44.98,40096.71,539,0
1966,2024-03-28 04:20:29,4,3,0,120.75,Remote Village,Visa,0,1,2,7,31.46,21557.58,1428,0
2169,2024-09-20 05:33:41,5,4,0,74.67,Suburban Branch,MasterCard,1,1,1,2,18.98,42560.61,3644,0
5050,2024-09-30 18:31:58,18,0,0,111.53,Airport Terminal,Visa,1,1,3,7,40.4,1012.13,540,0
3335,2024-08-09 12:46:58,12,4,0,299.79,Suburban Branch,Amex,0,1,1,5,0.34,4296.13,3370,0
3020,2024-08-12 15:02:18,15,0,0,202.33,Hotel Lobby,MasterCard,0,1,1,2,33.81,43456.1,177,0
8765,2024-10-31 16:15:39,16,3,0,166.92,Gas Station,RuPay,0,1,1,6,4.4,44626.92,1233,0
9177,2024-07-01 08:57:54,8,0,0,211.63,Airport Terminal,MasterCard,0,1,3,1,4.44,12009.14,1269,0
1361,2024-09-06 06:11:02,6,4,0,399.07,Suburban Branch,Amex,0,1,1,8,7.95,38161.93,3588,0
5799,2024-07-02 15:14:43,15,1,0,266.29,Gas Station,Visa,0,1,2,7,38.91,18142.96,1635,0
9401,2024-12-21 14:12:49,14,5,1,404.87,Hospital,MasterCard,0,1,1,3,27.93,20335.16,257,0
3252,2024-07-24 03:18:18,3,2,0,162.63,Train Station,Amex,1,1,2,8,21.61,12498.45,3642,0
6301,2024-04-02 22:25:31,22,1,0,197.43,Shopping Mall,MasterCard,0,1,2,8,15.5,6525.84,312,0
2252,2024-08-30 07:12:55,7,4,0,261.64,Gas Station,MasterCard,0,1,1,8,39.55,14945.81,249,0
6028,2024-12-24 12:22:51,12,1,0,445.7,Remote Village,Visa,0,1,2,3,29.19,6867.73,2979,0
1176,2024-09-11 20:08:23,20,2,0,102.69,Hospital,MasterCard,1,1,2,7,20.51,31857.2,2564,0
8800,2024-09-27 22:15:15,22,4,0,271.62,Train Station,MasterCard,0,1,2,3,26.11,3559.46,213,0
3280,2024-02-25 21:55:45,21,6,1,238.25,Downtown Branch,Visa,0,1,2,7,27.49,2179.3,2401,0
2974,2024-10-07 09:56:05,9,0,0,469.1,University Campus,RuPay,2,1,1,6,48.13,21804.71,2878,0
3397,2024-02-17 22:50:38,22,5,1,55.06,Airport Terminal,RuPay,0,1,1,1,32.0,1485.62,77,0
6940,2024-01-19 10:20:58,10,4,0,199.43,Gas Station,RuPay,1,1,3,8,16.92,35117.78,177,0
966,2024-04-29 09:08:41,9,0,0,422.47,Hospital,Amex,0,1,1,7,1.63,1409.72,3267,0
8575,2024-12-14 15:36:38,15,5,1,410.23,Airport Terminal,Amex,0,1,3,2,20.64,29598.95,178,0
743,2024-11-18 05:16:35,5,0,0,358.7,Train Station,Visa,1,1,3,6,20.09,2344.68,3560,0
7515,2024-05-03 05:33:36,5,4,0,454.49,University Campus,MasterCard,0,1,3,4,49.84,4952.79,2267,0
3315,2024-05-25 01:28:27,1,5,1,421.52,Downtown Branch,Visa,0,1,2,8,36.24,39070.64,2334,0
4899,2024-08-26 09:44:02,9,0,0,166.36,Hospital,RuPay,0,1,1,3,37.18,18203.8,2354,0
9341,2024-12-13 06:01:02,6,4,0,154.86,Hospital,RuPay,0,1,3,2,6.82,17599.45,3329,0
4673,2024-08-14 02:38:08,2,2,0,253.55,Airport Terminal,Amex,0,1,3,6,44.88,39611.17,512,0
8619,2024-02-09 00:24:44,0,4,0,21.49,Airport Terminal,Visa,0,1,2,3,18.01,9315.0,1169,0
1218,2024-09-09 14:34:28,14,0,0,178.61,Remote Village,Visa,0,1,3,7,44.47,20133.16,1233,0
4398,2024-03-22 20:58:32,20,4,0,273.92,Airport Terminal,MasterCard,0,1,1,4,2.63,42150.1,1459,0
6081,2024-11-04 18:23:19,18,0,0,139.2,Train Station,MasterCard,0,1,1,7,37.43,34523.47,1654,0
2615,2024-10-18 05:37:02,5,4,0,240.65,Downtown Branch,Amex,0,0,1,8,19.46,21052.59,1976,0
2621,2024-01-28 05:44:53,5,6,1,48.77,Gas Station,RuPay,0,1,3,6,41.22,3982.05,2487,0
8715,2024-07-25 10:09:38,10,3,0,367.8,Remote Village,MasterCard,0,1,3,7,26.11,46421.7,540,0
7283,2024-07-07 02:30:19,2,6,1,331.18,Train Station,Visa,0,1,2,3,5.62,21744.13,2859,0
3380,2024-08-21 09:15:58,9,2,0,111.78,Shopping Mall,Amex,0,1,3,6,12.58,47163.45,963,0
7302,2024-05-26 16:05:53,16,6,1,140.54,Hotel Lobby,MasterCard,0,0,2,8,39.6,34514.63,1573,0
9858,2024-10-29 04:52:45,4,1,0,2771.51,Airport Terminal,RuPay,4,1,9,29,3760.24,1872.91,357,1
5606,2024-01-17 20:13:19,20,2,0,256.99,Remote Village,Visa,0,1,1,7,39.76,30328.6,1591,0
9814,2024-08-16 03:29:25,3,4,0,365.02,Gas Station,MasterCard,0,1,15,20,4299.12,1239.97,11,1
5787,2024-10-24 08:18:07,8,3,0,83.99,Shopping Mall,MasterCard,0,1,1,7,18.21,18819.8,2882,0
8519,2024-04-12 01:11:18,1,4,0,45.29,University Campus,Visa,0,1,3,3,22.07,31801.5,3242,0
6851,2024-06-26 00:11:59,0,2,0,128.98,Train Station,Visa,0,1,2,8,20.0,49278.14,383,0
1517,2024-12-25 17:04:21,17,2,0,424.18,University Campus,Amex,0,1,2,2,4.44,29185.67,2387,0
5099,2024-08-30 01:10:38,1,4,0,431.42,University Campus,MasterCard,1,1,2,3,48.22,17663.4,2037,0
7637,2024-10-14 23:44:51,23,0,0,176.21,Hospital,RuPay,0,1,2,2,48.7,13000.46,2781,0
9086,2024-12-20 00:20:20,0,4,0,403.01,University Campus,Visa,0,1,3,5,40.36,42602.12,1598,0
8024,2024-03-14 13:51:49,13,3,0,436.06,Downtown Branch,Visa,0,1,2,3,8.49,28728.25,1400,0
2393,2024-11-06 15:18:17,15,2,0,237.98,Shopping Mall,MasterCard,0,1,1,2,32.08,33739.32,2529,0
587,2024-10-29 00:19:54,0,1,0,95.72,Airport Terminal,RuPay,1,1,1,2,35.34,29727.15,1192,0
3520,2024-02-17 02:38:44,2,5,1,209.62,Gas Station,MasterCard,0,1,3,2,40.23,32305.53,3265,0
7654,2024-02-26 12:46:44,12,0,0,388.42,Gas Station,Amex,1,1,1,6,17.99,22954.21,262,0
8947,2024-09-11 11:28:57,11,2,0,442.23,Gas Station,MasterCard,0,1,3,2,47.69,28120.74,2062,0
851,2024-09-07 02:23:22,2,5,1,184.75,Hospital,Amex,1,1,3,7,40.42,11255.19,503,0
336,2024-07-18 08:07:40,8,3,0,29.63,Downtown Branch,Amex,0,1,1,3,30.06,522.34,1063,0
6635,2024-12-25 23:13:16,23,2,0,247.64,Hospital,Visa,0,1,3,2,11.37,30178.69,1070,0
8973,2024-01-08 13:48:07,13,0,0,352.64,Downtown Branch,Amex,0,1,2,2,13.16,43461.24,2594,0
7494,2024-02-17 16:09:16,16,5,1,442.95,Shopping Mall,Visa,0,1,2,7,48.87,3048.12,3278,0
2869,2024-12-19 23:52:57,23,3,0,68.82,Remote Village,MasterCard,0,1,3,5,30.25,31268.42,1344,0
4873,2024-08-16 08:55:55,8,4,0,25.7,Hotel Lobby,Amex,0,1,1,5,36.2,8617.91,207,0
3551,2024-10-21 12:38:10,12,0,0,403.3,Shopping Mall,Amex,0,1,3,1,12.58,49260.28,972,0
3843,2024-07-05 05:22:22,5,4,0,297.04,Shopping Mall,Visa,1,1,3,7,45.99,8596.4,498,0
7263,2024-04-03 21:24:48,21,2,0,144.95,Airport Terminal,Amex,0,1,2,8,32.58,41665.37,3156,0
5825,2024-02-24 21:32:57,21,5,1,391.44,Remote Village,RuPay,0,1,3,7,42.58,36153.34,2973,0
24,2024-10-17 11:38:15,11,3,0,170.53,Train Station,MasterCard,0,1,3,3,2.84,25440.64,3517,0
1454,2024-08-03 13:06:22,13,5,1,127.34,University Campus,RuPay,0,1,1,2,34.87,25341.6,1720,0
1685,2024-12-13 06:12:31,6,4,0,144.82,Shopping Mall,RuPay,0,1,2,6,26.1,36898.53,984,0
2311,2024-01-10 07:22:45,7,2,0,474.43,Gas Station,Visa,1,1,2,8,35.45,19499.93,3008,0
9064,2024-03-03 06:53:11,6,6,1,319.53,Airport Terminal,MasterCard,0,1,2,2,27.91,12215.55,2290,0
9407,2024-08-01 08:34:57,8,3,0,475.48,University Campus,Amex,0,1,2,2,43.73,10440.49,2606,0
382,2024-02-09 19:10:58,19,4,0,315.73,Suburban Branch,Amex,0,1,3,7,11.88,39236.93,3301,0
5815,2024-03-30 21:30:08,21,5,1,27.1,Hotel Lobby,RuPay,0,1,3,5,31.71,39452.43,72,0
5551,2024-05-25 11:20:44,11,5,1,310.99,Shopping Mall,RuPay,0,1,1,1,27.06,41213.83,1367,0
9309,2024-12-23 17:40:53,17,0,0,342.21,Downtown Branch,MasterCard,0,1,2,2,34.77,36039.64,2368,0
1619,2024-04-02 11:42:28,11,1,0,403.43,Hotel Lobby,Visa,0,1,3,5,47.64,7569.36,3570,0
790,2024-11-23 05:37:58,5,5,1,260.85,Airport Terminal,MasterCard,0,1,1,2,5.93,18075.82,2266,0
5984,2024-09-07 04:42:08,4,5,1,436.15,Remote Village,Amex,1,1,2,8,12.93,47674.63,2184,0
8673,2024-09-04 20:30:34,20,2,0,224.5,Suburban Branch,Visa,0,1,3,1,29.71,25390.35,2487,0
4476,2024-11-10 22:11:51,22,6,1,197.49,Shopping Mall,MasterCard,0,1,2,8,3.88,5171.05,1599,0
5607,2024-02-03 13:15:05,13,5,1,198.67,Downtown Branch,Visa,0,1,1,8,41.69,29675.05,62,0
9313,2024-09-28 00:36:54,0,5,1,380.49,Hospital,Visa,0,1,2,2,38.71,46827.08,165,0
5649,2024-07-14 20:51:55,20,6,1,363.17,Downtown Branch,Amex,0,1,2,4,36.0,27849.51,1923,0
6217,2024-12-24 16:04:56,16,1,0,277.99,Hospital,RuPay,1,1,1,8,29.08,29905.24,2956,0
2287,2024-11-15 02:49:14,2,4,0,183.15,Remote Village,MasterCard,0,1,1,7,46.39,11854.77,1914,0
9994,2024-07-15 23:39:53,23,0,0,128.78,Downtown Branch,MasterCard,2,0,10,12,1440.02,1885.79,116,1
7579,2024-02-28 01:27:08,1,2,0,285.05,Suburban Branch,RuPay,0,1,1,2,21.19,36229.67,796,0
1184,2024-06-15 10:44:04,10,5,1,397.96,Gas Station,Amex,0,1,3,2,36.1,18386.58,2719,0
6002,2024-03-14 00:28:57,0,3,0,47.19,Airport Terminal,Amex,0,1,1,8,17.9,47504.69,2932,0
5091,2024-09-28 03:05:46,3,5,1,193.14,Shopping Mall,MasterCard,0,1,1,7,6.36,37648.49,2385,0
2517,2024-12-17 21:33:49,21,1,0,107.93,Airport Terminal,Amex,0,1,3,6,24.8,26473.63,2299,0
4123,2024-07-07 23:32:42,23,6,1,279.45,University Campus,Visa,0,1,2,4,35.72,14256.9,714,0
5522,2024-11-25 23:15:36,23,0,0,357.4,Airport Terminal,Amex,0,0,3,3,36.62,10247.69,2648,0
5628,2024-12-28 18:31:41,18,5,1,234.05,Remote Village,Visa,0,1,1,5,24.61,5623.11,1983,0
8361,2024-09-04 05:40:41,5,2,0,412.86,Gas Station,RuPay,2,1,1,1,36.99,27044.44,282,0
5873,2024-09-19 08:16:56,8,3,0,388.52,Gas Station,Visa,0,1,2,2,43.92,19154.78,1613,0
8613,2024-06-24 15:33:59,15,0,0,298.78,University Campus,Amex,1,1,2,1,32.17,10998.29,695,0
7728,2024-11-02 11:41:00,11,5,1,415.44,University Campus,Amex,2,1,3,4,32.48,13639.13,1040,0
5969,2024-05-14 07:20:17,7,1,0,163.08,Downtown Branch,Amex,0,1,3,5,19.45,19791.48,798,0
1181,2024-12-04 16:25:32,16,2,0,461.67,Train Station,RuPay,0,1,1,1,37.43,34132.98,1694,0
8763,2024-06-06 11:53:14,11,3,0,26.69,Remote Village,Amex,0,1,2,8,8.0,15998.77,3368,0
8236,2024-12-25 08:54:09,8,2,0,389.53,University Campus,MasterCard,0,1,1,5,6.7,11711.33,2106,0
2819,2024-08-28 04:28:38,4,2,0,469.68,Train Station,RuPay,2,1,3,5,5.32,49580.33,2349,0
9965,2024-08-16 03:39:40,3,4,0,1711.06,Airport Terminal,MasterCard,3,1,12,8,3648.34,1500.44,98,1
8704,2024-06-24 05:32:17,5,0,0,113.68,Gas Station,Amex,0,1,1,3,36.61,25684.6,3631,0
6609,2024-12-06 07:50:13,7,4,0,139.49,Gas Station,Amex,0,1,3,8,24.2,45391.3,2858,0
2821,2024-03-01 21:07:48,21,4,0,89.73,Hotel Lobby,MasterCard,0,1,1,1,8.3,12565.6,561,0
7536,2024-12-06 11:46:10,11,4,0,353.24,Remote Village,MasterCard,0,1,1,7,45.02,44369.26,571,0
2261,2024-02-23 09:19:10,9,4,0,456.62,Suburban Branch,MasterCard,0,1,2,8,15.01,41352.87,2639,0
2240,2024-01-20 02:21:13,2,5,1,390.56,Train Station,Visa,2,1,3,2,27.1,12293.6,54,0
6022,2024-01-18 04:21:05,4,3,0,117.44,Gas Station,MasterCard,0,1,2,1,13.75,28732.35,3611,0
783,2024-12-23 16:28:08,16,0,0,42.17,University Campus,Amex,0,1,2,3,16.38,2757.62,3288,0
933,2024-04-21 08:52:53,8,6,1,73.41,Downtown Branch,RuPay,0,1,1,3,0.54,41650.74,2814,0
6203,2024-03-21 18:59:38,18,3,0,461.55,Suburban Branch,Amex,0,1,3,6,23.48,25765.67,2274,0
2413,2024-01-23 13:51:21,13,1,0,330.14,Remote Village,RuPay,0,1,2,2,18.84,9291.87,1424,0
6998,2024-06-16 18:56:17,18,6,1,178.63,Downtown Branch,Visa,0,1,2,3,5.09,10034.41,1962,0
9116,2024-05-09 13:53:01,13,3,0,456.94,Shopping Mall,RuPay,0,1,1,2,38.7,40334.78,921,0
1157,2024-11-23 20:13:11,20,5,1,276.81,Shopping Mall,Amex,0,0,3,7,43.52,4092.45,58,0
8108,2024-12-20 13:39:20,13,4,0,153.12,Train Station,RuPay,1,1,3,6,19.46,48179.28,91,0
5806,2024-10-25 00:58:45,0,4,0,154.38,Downtown Branch,Visa,0,1,2,1,28.55,18352.86,1289,0
4880,2024-08-11 02:21:23,2,6,1,291.27,Train Station,Visa,0,1,2,5,46.1,31639.14,2684,0
3310,2024-08-08 19:42:39,19,3,0,221.71,University Campus,RuPay,0,1,1,1,10.64,3907.46,3162,0
8962,2024-11-14 19:29:52,19,3,0,454.95,Train Station,Visa,0,1,2,5,15.4,5006.47,3423,0
1703,2024-07-19 18:31:28,18,4,0,426.94,University Campus,RuPay,0,1,3,3,45.96,31366.85,1115,0
2493,2024-02-18 11:12:21,11,6,1,391.14,Hospital,Amex,0,1,3,4,28.58,47674.53,599,0
3707,2024-09-05 01:03:33,1,3,0,466.46,Hospital,MasterCard,0,1,1,5,27.04,11775.85,940,0
8277,2024-12-27 02:19:16,2,4,0,484.94,Hotel Lobby,Visa,2,1,2,2,12.1,32875.71,1920,0
287,2024-10-14 05:20:52,5,0,0,318.9,Remote Village,MasterCard,0,0,1,4,7.53,46626.64,127,0
1609,2024-10-29 07:01:07,7,1,0,378.31,Gas Station,Amex,1,1,3,7,23.03,19763.94,604,0
6632,2024-11-25 18:37:15,18,0,0,164.97,Downtown Branch,RuPay,0,1,3,7,18.03,36461.04,2317,0
8279,2024-03-04 18:10:46,18,0,0,322.91,University Campus,RuPay,0,1,1,7,26.41,14157.65,3312,0
7316,2024-07-27 07:21:19,7,5,1,248.64,Train Station,MasterCard,0,1,1,8,31.74,23962.84,434,0
2253,2024-12-14 16:09:59,16,5,1,258.11,Hospital,Visa,0,1,2,3,21.4,21070.37,1550,0
7416,2024-11-09 06:30:16,6,5,1,276.49,Hotel Lobby,RuPay,0,1,2,6,42.73,45311.67,1108,0
8366,2024-02-11 18:37:34,18,6,1,254.86,Hotel Lobby,RuPay,1,1,2,7,23.05,26198.17,2464,0
1892,2024-04-23 15:55:12,15,1,0,45.02,Train Station,RuPay,0,1,3,7,45.81,13021.28,3647,0
5063,2024-03-06 12:14:56,12,2,0,338.1,Shopping Mall,RuPay,0,1,3,2,41.74,9132.17,1591,0
6121,2024-10-05 10:01:00,10,5,1,440.55,Gas Station,Amex,0,1,1,2,27.02,8981.98,3020,0
564,2024-11-21 07:07:49,7,3,0,258.06,Hospital,Visa,2,1,2,3,10.54,36744.62,1443,0
292,2024-04-15 14:48:44,14,0,0,132.13,Shopping Mall,Amex,1,1,3,2,7.77,8302.31,1938,0
4717,2024-08-16 16:23:56,16,4,0,197.23,Downtown Branch,MasterCard,0,1,1,3,24.23,18293.33,2552,0
7709,2024-07-15 16:39:10,16,0,0,49.7,Gas Station,RuPay,1,1,1,2,25.57,35826.08,3471,0
6350,2024-11-16 11:08:51,11,5,1,44.52,Hotel Lobby,MasterCard,1,0,2,8,38.85,17729.49,2109,0
170,2024-11-23 04:56:55,4,5,1,463.49,Downtown Branch,Visa,0,1,3,5,32.56,38371.25,1736,0
268,2024-09-11 05:12:07,5,2,0,193.01,Shopping Mall,Visa,0,1,3,5,36.3,37786.08,1788,0
4639,2024-04-01 01:11:38,1,0,0,266.28,Airport Terminal,Amex,0,1,2,8,22.03,1425.1,3582,0
7078,2024-09-17 20:43:05,20,1,0,204.78,Hospital,Visa,2,1,3,7,31.72,797.41,1780,0
3356,2024-09-30 13:00:43,13,0,0,479.93,Airport Terminal,Amex,0,1,1,6,45.6,17984.31,2532,0
8280,2024-05-06 13:08:05,13,0,0,175.97,Airport Terminal,MasterCard,0,1,1,1,18.27,38527.04,3044,0
316,2024-06-16 12:13:29,12,6,1,472.37,Hospital,Amex,0,1,1,6,10.28,9580.21,2885,0
6729,2024-04-05 07:10:18,7,4,0,83.4,Hotel Lobby,Visa,0,1,3,3,37.9,10356.9,2733,0
9496,2024-12-26 00:47:43,0,3,0,306.17,Gas Station,MasterCard,0,1,3,3,47.09,39554.99,2978,0
4068,2024-01-26 03:57:24,3,4,0,177.63,Train Station,Amex,0,1,3,7,48.97,44111.12,1712,0
246,2024-12-23 12:07:29,12,0,0,481.63,Shopping Mall,RuPay,0,1,2,8,39.21,26103.63,1456,0
253,2024-02-15 10:02:34,10,3,0,107.86,Suburban Branch,MasterCard,0,1,3,3,28.74,21209.64,2023,0
1112,2024-12-23 18:29:22,18,0,0,70.42,Hospital,RuPay,0,1,1,3,26.0,6161.74,838,0
4802,2024-06-09 07:51:22,7,6,1,261.48,Shopping Mall,Visa,0,1,2,8,30.87,2414.68,3017,0
1714,2024-09-02 16:28:59,16,0,0,180.32,University Campus,MasterCard,0,1,1,7,8.01,9418.23,746,0
51,2024-11-27 10:42:41,10,2,0,447.99,Suburban Branch,Visa,0,1,3,4,24.41,13719.47,2019,0
1836,2024-10-10 07:19:23,7,3,0,81.45,Hotel Lobby,Visa,0,1,1,2,21.27,30250.34,958,0
7897,2024-10-21 11:48:20,11,0,0,488.42,Suburban Branch,Amex,0,1,3,8,36.6,37762.9,1839,0
3384,2024-09-07 05:43:32,5,5,1,363.59,Airport Terminal,Visa,0,1,1,1,22.78,7077.93,2758,0
6411,2024-04-02 00:47:28,0,1,0,386.1,Hospital,Amex,0,1,1,7,19.94,20761.73,917,0
4314,2024-03-14 19:56:42,19,3,0,384.12,Hospital,RuPay,1,1,1,5,13.35,316.9,1469,0
873,2024-06-04 08:49:25,8,1,0,238.91,Hospital,MasterCard,1,1,1,4,3.53,36660.48,2623,0
1255,2024-09-04 19:08:57,19,2,0,70.49,Gas Station,Visa,0,1,3,6,20.98,41831.18,1490,0
8882,2024-09-27 19:46:26,19,4,0,446.75,Gas Station,RuPay,0,1,2,5,22.37,9009.83,534,0
5852,2024-09-19 10:27:01,10,3,0,380.01,Hospital,RuPay,0,1,3,2,15.8,27930.26,941,0
5703,2024-01-22 22:11:49,22,0,0,150.67,Downtown Branch,Amex,0,1,3,6,27.38,4158.4,514,0
8104,2024-11-26 09:13:27,9,1,0,38.28,Shopping Mall,Amex,0,1,2,3,20.22,18392.27,251,0
2099,2024-12-10 22:21:55,22,1,0,184.37,Downtown Branch,Amex,0,1,1,4,9.24,41773.02,781,0
5129,2024-03-05 06:13:34,6,1,0,93.16,Hospital,RuPay,0,1,2,3,38.97,26891.15,2509,0
249,2024-03-13 09:15:07,9,2,0,327.43,Downtown Branch,MasterCard,0,1,1,8,29.61,19502.91,2916,0
6562,2024-09-14 20:05:33,20,5,1,180.43,Hotel Lobby,Visa,0,1,1,1,39.9,21828.85,2049,0
1340,2024-08-09 01:20:20,1,4,0,145.97,Train Station,MasterCard,0,1,2,6,24.98,38194.28,1313,0
7018,2024-05-25 18:48:25,18,5,1,20.7,Shopping Mall,MasterCard,0,1,3,1,29.07,43553.97,2038,0
2111,2024-03-28 18:48:40,18,3,0,430.55,Suburban Branch,MasterCard,0,1,2,4,31.19,37777.15,1035,0
1570,2024-03-09 00:16:14,0,5,1,447.46,University Campus,RuPay,0,1,1,7,20.21,28036.45,254,0
1727,2024-01-13 21:26:51,21,5,1,205.57,University Campus,MasterCard,2,1,3,3,13.34,44700.33,1385,0
8385,2024-09-18 09:43:57,9,2,0,57.84,Remote Village,RuPay,0,1,2,7,17.4,10129.24,1637,0
6941,2024-09-07 12:48:34,12,5,1,323.23,Shopping Mall,MasterCard,1,1,2,6,18.8,27195.37,2790,0
4396,2024-12-06 14:01:05,14,4,0,121.78,Suburban Branch,RuPay,0,1,2,1,0.11,7780.35,3180,0
2421,2024-01-10 08:04:22,8,2,0,205.46,Hospital,Amex,0,1,1,3,7.56,34229.37,534,0
3046,2024-11-26 14:00:32,14,1,0,61.39,Hospital,RuPay,0,1,1,3,24.83,7576.81,933,0
5504,2024-03-26 02:15:50,2,1,0,343.76,Downtown Branch,Visa,0,1,1,5,6.03,26718.71,3328,0
3704,2024-05-04 01:29:07,1,5,1,493.64,University Campus,Amex,1,1,1,2,21.53,2893.32,757,0
8192,2024-09-15 02:59:31,2,6,1,208.92,Hotel Lobby,Visa,0,0,3,5,43.38,4830.1,1419,0
5332,2024-03-22 02:05:08,2,4,0,176.28,Hotel Lobby,MasterCard,1,1,1,2,49.13,4472.82,1528,0
9809,2024-10-08 03:38:39,3,1,0,2695.86,Remote Village,Amex,4,0,3,9,3493.36,1924.13,300,1
448,2024-08-05 14:50:27,14,0,0,287.6,Hotel Lobby,MasterCard,0,1,1,6,43.37,48159.52,844,0
7895,2024-04-07 02:41:06,2,6,1,370.97,Downtown Branch,Visa,0,1,1,2,29.19,43552.99,1503,0
8729,2024-03-04 14:32:44,14,0,0,386.91,Remote Village,Visa,0,1,1,3,49.65,20235.87,2125,0
7829,2024-03-12 10:17:32,10,1,0,199.06,Hospital,MasterCard,0,1,3,3,34.91,22595.99,2380,0
1769,2024-01-16 02:44:24,2,1,0,377.76,Remote Village,MasterCard,0,1,3,5,44.55,46554.35,2091,0
6809,2024-11-26 02:03:12,2,1,0,261.83,Shopping Mall,MasterCard,0,1,3,2,17.15,14154.75,1287,0
4705,2024-01-22 15:05:03,15,0,0,83.49,Gas Station,Amex,1,1,1,7,30.63,37238.98,172,0
3870,2024-06-23 16:23:54,16,6,1,293.2,Shopping Mall,RuPay,0,1,3,3,15.51,11212.47,453,0
1656,2024-02-22 06:52:55,6,3,0,92.06,Shopping Mall,RuPay,0,1,3,4,35.03,18399.69,1463,0
3188,2024-08-08 10:32:39,10,3,0,291.63,Gas Station,Amex,2,1,3,8,5.18,42228.08,2674,0
684,2024-02-03 07:08:32,7,5,1,24.95,Hotel Lobby,Amex,0,0,2,4,35.67,35451.81,3045,0
4171,2024-10-02 07:35:23,7,2,0,438.08,Gas Station,RuPay,1,1,2,3,8.95,45550.31,2800,0
4478,2024-09-29 04:14:48,4,6,1,46.26,Train Station,Visa,0,1,1,3,26.23,3805.94,1587,0
462,2024-03-13 22:19:28,22,2,0,173.91,Suburban Branch,Visa,0,1,1,5,13.46,35788.28,3008,0
5765,2024-05-06 12:13:31,12,0,0,64.39,Hotel Lobby,RuPay,0,1,2,7,49.64,42480.55,1483,0
7523,2024-06-26 07:25:11,7,2,0,469.96,Shopping Mall,RuPay,0,1,1,2,32.84,17307.96,3318,0
4503,2024-07-09 06:02:30,6,1,0,378.03,University Campus,RuPay,1,1,3,3,14.57,40601.44,2768,0
9710,2024-06-22 14:27:41,14,5,1,219.77,Gas Station,Visa,3,0,6,11,1133.18,-136.54,137,1
319,2024-11-23 16:29:52,16,5,1,75.44,Train Station,Amex,0,1,3,5,4.56,27251.89,787,0
1146,2024-12-10 07:39:59,7,1,0,306.49,Suburban Branch,Visa,0,1,3,3,6.49,16724.04,250,0
5095,2024-07-09 11:21:04,11,1,0,215.76,Train Station,MasterCard,0,1,1,1,3.91,6468.25,322,0
1394,2024-03-25 02:26:31,2,0,0,314.58,Shopping Mall,MasterCard,0,1,3,1,46.78,22277.06,2086,0
6624,2024-06-24 12:14:27,12,0,0,410.72,Gas Station,MasterCard,0,1,3,8,42.39,2814.24,620,0
1502,2024-10-05 13:07:43,13,5,1,73.17,Hospital,Visa,0,1,1,8,7.22,36243.28,3247,0
6409,2024-07-27 07:15:34,7,5,1,30.16,Suburban Branch,Amex,0,1,1,7,30.25,3198.62,2162,0
377,2024-11-08 13:15:00,13,4,0,84.02,Suburban Branch,MasterCard,0,1,3,6,35.59,46782.05,2621,0
411,2024-12-22 11:27:58,11,6,1,238.23,Hotel Lobby,MasterCard,0,1,3,5,41.74,13239.47,2259,0
1661,2024-06-21 02:07:37,2,4,0,365.04,Hospital,Amex,1,1,3,1,20.62,6586.38,3552,0
3152,2024-06-28 21:00:08,21,4,0,269.27,Hospital,Amex,0,1,3,6,18.08,23726.22,1186,0
1624,2024-07-29 05:44:33,5,0,0,323.44,Hospital,Visa,0,0,2,5,8.89,6531.95,2546,0
5610,2024-05-09 14:17:54,14,3,0,386.64,Suburban Branch,RuPay,1,1,3,2,30.23,44282.4,2939,0
8533,2024-10-14 21:28:11,21,0,0,341.84,Hospital,Visa,0,1,2,2,41.01,41802.73,233,0
5803,2024-01-04 07:59:45,7,3,0,149.61,Suburban Branch,Amex,1,1,2,3,12.68,31038.1,1338,0
5307,2024-06-14 13:12:24,13,4,0,289.22,Hotel Lobby,RuPay,1,1,3,4,10.32,19918.94,1374,0
7087,2024-10-19 02:06:48,2,5,1,192.99,Hotel Lobby,MasterCard,0,1,2,6,32.63,27781.62,3249,0
8898,2024-08-24 21:09:34,21,5,1,362.47,Downtown Branch,RuPay,0,1,2,8,44.48,9107.16,436,0
7489,2024-11-30 11:45:11,11,5,1,309.31,University Campus,Amex,0,1,3,2,44.04,12577.02,456,0
9616,2024-07-27 00:11:03,0,5,1,360.5,Shopping Mall,RuPay,1,1,14,11,717.22,-132.09,79,1
9218,2024-04-28 00:29:41,0,6,1,362.71,Remote Village,Amex,0,1,2,8,15.71,231.11,735,0
1673,2024-09-28 15:36:01,15,5,1,429.8,Downtown Branch,Visa,0,0,2,7,21.28,15599.0,1383,0
2359,2024-01-05 09:46:21,9,4,0,123.31,Gas Station,RuPay,0,1,3,2,49.67,5580.88,2659,0
8468,2024-11-18 10:41:26,10,0,0,176.21,Downtown Branch,MasterCard,0,1,2,8,43.68,10703.97,1068,0
275,2024-07-11 04:41:16,4,3,0,205.23,Remote Village,RuPay,0,1,1,6,46.7,6685.95,3555,0
2474,2024-04-30 12:55:55,12,1,0,208.57,Remote Village,Visa,0,1,3,8,33.49,14575.9,191,0
5490,2024-10-04 22:37:51,22,4,0,473.58,Airport Terminal,MasterCard,1,1,2,6,41.27,12942.03,567,0
4772,2024-04-08 01:02:45,1,0,0,314.33,Hotel Lobby,MasterCard,1,1,2,6,18.84,27254.87,1191,0
2108,2024-08-28 15:59:24,15,2,0,35.64,Remote Village,MasterCard,0,1,3,4,8.67,7928.18,818,0
7501,2024-07-09 08:55:13,8,1,0,162.45,Remote Village,Amex,0,1,3,4,28.52,35982.43,3124,0
4415,2024-04-20 10:33:45,10,5,1,253.88,Gas Station,RuPay,0,1,2,8,19.38,4807.48,2228,0
8139,2024-10-27 09:14:44,9,6,1,36.24,Downtown Branch,Amex,0,1,1,2,11.96,6982.72,1748,0
8661,2024-12-09 20:37:20,20,0,0,434.4,Downtown Branch,Amex,0,1,1,1,34.1,38088.05,2464,0
8240,2024-08-16 17:42:20,17,4,0,349.08,Remote Village,MasterCard,0,1,2,7,31.44,31412.11,2009,0
2418,2024-09-17 05:35:54,5,1,0,236.65,Hospital,RuPay,0,1,2,1,17.23,32975.79,2684,0
8772,2024-10-21 03:54:18,3,0,0,62.61,Airport Terminal,RuPay,0,0,2,7,44.62,19927.49,3311,0
2237,2024-02-07 16:47:36,16,2,0,346.4,Train Station,RuPay,0,1,2,8,6.16,46685.43,357,0
3768,2024-06-03 01:36:55,1,0,0,153.07,Hotel Lobby,MasterCard,0,1,3,7,38.5,12488.23,3357,0
9792,2024-08-27 01:57:07,1,1,0,1581.68,Remote Village,Amex,2,1,15,10,3231.88,1525.44,27,1
9990,2024-08-05 01:46:15,1,0,0,4307.47,Airport Terminal,Visa,5,0,9,13,4895.64,420.22,42,1
9966,2024-03-05 01:08:05,1,1,0,1024.74,Airport Terminal,MasterCard,4,1,15,20,4839.47,1179.96,257,1
7324,2024-04-08 08:11:47,8,0,0,92.74,University Campus,RuPay,0,1,3,1,30.99,14266.9,364,0
1384,2024-02-01 17:54:13,17,3,0,415.25,Suburban Branch,MasterCard,1,1,3,2,28.77,12810.39,2284,0
3102,2024-07-07 02:24:42,2,6,1,496.03,Remote Village,Amex,0,1,3,4,24.78,45931.01,1228,0
3922,2024-07-10 05:51:06,5,2,0,157.0,Train Station,Visa,0,1,3,3,3.16,8495.09,965,0
6686,2024-02-22 04:17:14,4,3,0,207.1,University Campus,Visa,0,1,2,6,17.49,25058.43,2371,0
3195,2024-11-14 04:06:04,4,3,0,300.02,Train Station,Amex,0,1,2,6,42.1,40476.51,1007,0
1942,2024-04-28 11:56:10,11,6,1,340.04,University Campus,Amex,0,1,3,8,13.1,42745.06,464,0
7714,2024-01-09 22:40:17,22,1,0,313.16,Gas Station,Visa,0,1,2,2,26.95,10411.56,497,0
4897,2024-05-03 17:51:22,17,4,0,65.98,Airport Terminal,Amex,0,1,1,2,36.7,28357.98,3264,0
4783,2024-03-30 22:07:32,22,5,1,261.06,Remote Village,Amex,0,1,1,2,23.74,17315.7,338,0
1497,2024-10-13 13:22:09,13,6,1,479.5,Suburban Branch,MasterCard,1,1,2,1,34.07,43766.13,2392,0
1958,2024-06-25 08:35:36,8,1,0,167.48,Hotel Lobby,Amex,0,1,2,3,14.88,43704.87,3027,0
9172,2024-07-04 07:18:22,7,3,0,68.06,Hospital,Amex,0,1,2,1,30.41,9856.47,3416,0
9746,2024-05-02 20:25:16,20,3,0,147.44,Remote Village,RuPay,3,1,3,19,2102.37,717.81,267,1
7333,2024-01-29 14:09:26,14,0,0,415.21,Gas Station,RuPay,0,1,1,7,7.52,42068.61,2225,0
7950,2024-06-09 01:01:11,1,6,1,389.19,Train Station,RuPay,0,1,1,3,49.43,35287.41,1740,0
3018,2024-02-28 12:58:24,12,2,0,32.44,Airport Terminal,Visa,0,1,3,4,25.13,49697.21,191,0
6747,2024-11-11 16:46:41,16,0,0,155.74,Downtown Branch,Visa,0,1,2,3,3.51,38380.42,2240,0
514,2024-06-25 04:36:39,4,1,0,303.35,University Campus,MasterCard,0,1,1,5,16.2,32463.96,2944,0
3935,2024-01-12 04:49:15,4,4,0,285.96,Downtown Branch,Amex,0,1,2,7,38.57,39916.45,983,0
3026,2024-10-18 17:01:53,17,4,0,357.61,Train Station,Visa,0,1,1,7,37.8,10527.48,1645,0
1200,2024-04-12 14:31:17,14,4,0,436.29,Gas Station,MasterCard,0,1,3,5,31.3,5662.36,3129,0
5029,2024-12-03 23:21:19,23,1,0,455.58,Airport Terminal,RuPay,0,1,2,4,11.85,1803.64,635,0
9785,2024-03-02 11:05:11,11,5,1,101.25,Remote Village,Visa,2,1,8,11,1067.54,595.64,2,1
922,2024-03-06 20:24:17,20,2,0,495.57,Gas Station,Visa,0,1,3,6,5.92,46173.65,377,0
4650,2024-07-19 01:08:29,1,4,0,485.37,Downtown Branch,RuPay,0,1,3,6,46.4,6862.67,2802,0
5333,2024-06-03 10:04:12,10,0,0,144.63,Hospital,RuPay,0,1,3,7,42.21,31303.43,2809,0
1077,2024-08-11 16:49:07,16,6,1,257.22,University Campus,RuPay,1,1,2,1,8.34,20989.42,3165,0
6769,2024-02-09 13:25:56,13,4,0,292.15,Remote Village,Amex,0,1,1,4,42.06,15304.43,135,0
9411,2024-10-02 04:01:56,4,2,0,147.36,Hospital,RuPay,0,1,3,1,2.58,29021.01,2084,0
1672,2024-12-24 01:22:34,1,1,0,142.03,Hospital,MasterCard,0,1,1,2,17.66,3297.32,1015,0
475,2024-07-22 12:41:03,12,0,0,347.95,Shopping Mall,Visa,0,1,2,7,32.05,5612.16,2173,0
9187,2024-06-01 00:51:20,0,5,1,248.16,University Campus,RuPay,0,1,3,1,12.32,43699.87,1139,0
8840,2024-02-29 17:16:54,17,3,0,326.53,University Campus,Visa,0,1,1,6,2.03,48297.95,1679,0
5759,2024-07-28 14:12:35,14,6,1,495.51,Hospital,RuPay,0,1,2,8,41.39,11610.44,1566,0
6298,2024-03-17 10:10:29,10,6,1,382.01,Suburban Branch,RuPay,0,1,2,4,19.72,38227.51,1395,0
2479,2024-08-02 18:44:49,18,4,0,232.82,Downtown Branch,Amex,0,1,2,1,8.67,32220.49,974,0
5494,2024-09-12 19:56:02,19,3,0,22.13,Suburban Branch,RuPay,0,1,3,8,24.38,47750.77,3088,0
3915,2024-02-26 03:50:19,3,0,0,467.89,Airport Terminal,Visa,1,1,3,3,43.44,44698.48,2656,0
2139,2024-02-14 12:45:59,12,2,0,25.97,Remote Village,Visa,1,1,3,2,48.25,15053.55,849,0
5455,2024-12-06 09:27:59,9,4,0,206.31,Downtown Branch,MasterCard,0,1,2,6,47.03,44473.66,2994,0
5380,2024-08-08 03:09:40,3,3,0,282.47,Airport Terminal,Amex,1,1,2,4,27.76,9140.27,3461,0
8986,2024-10-16 11:58:19,11,2,0,238.81,Gas Station,Amex,0,1,1,1,18.84,21182.37,195,0
4024,2024-09-27 18:29:16,18,4,0,61.06,Gas Station,Amex,0,1,2,1,31.99,39233.52,2864,0
3486,2024-06-03 12:06:32,12,0,0,51.14,Hotel Lobby,Amex,0,1,1,6,16.02,27915.07,467,0
2456,2024-07-28 11:48:48,11,6,1,410.9,Hospital,Visa,1,1,3,4,0.22,43761.11,859,0
2465,2024-05-15 20:59:48,20,2,0,390.5,Train Station,Amex,0,1,1,7,26.2,11802.98,1207,0
8697,2024-07-05 10:59:19,10,4,0,181.45,Shopping Mall,MasterCard,0,1,2,4,5.91,44293.57,739,0
1370,2024-03-21 03:20:47,3,3,0,259.8,Hotel Lobby,Amex,0,1,2,3,46.04,24060.76,2474,0
6689,2024-03-27 15:30:50,15,2,0,440.75,University Campus,Visa,0,1,1,3,5.23,41766.66,1778,0
7457,2024-01-10 09:19:41,9,2,0,384.17,Downtown Branch,RuPay,0,1,3,3,42.88,23793.51,431,0
9975,2024-07-13 01:29:10,1,5,1,3677.3,Remote Village,RuPay,2,1,3,17,2931.53,1093.79,186,1
1902,2024-11-26 02:32:59,2,1,0,479.89,Downtown Branch,Visa,1,1,1,4,48.81,14791.94,1843,0
4872,2024-06-24 11:58:14,11,0,0,436.12,Shopping Mall,RuPay,0,1,3,8,19.49,24701.24,2667,0
4711,2024-11-12 05:08:46,5,1,0,255.86,Shopping Mall,Visa,0,1,3,3,34.08,9009.45,2412,0
7887,2024-10-12 01:48:16,1,5,1,181.73,Shopping Mall,Visa,0,1,2,2,38.22,30221.79,3634,0
1794,2024-11-05 15:44:34,15,1,0,24.07,Train Station,Visa,0,1,3,3,3.89,23150.99,1927,0
2875,2024-02-15 03:20:26,3,3,0,217.98,Hospital,Visa,1,1,1,4,7.29,16267.64,1246,0
6218,2024-10-12 19:50:28,19,5,1,346.44,Remote Village,MasterCard,0,1,1,8,32.95,36473.38,2125,0
5214,2024-03-24 18:07:12,18,6,1,217.06,University Campus,Amex,0,1,3,1,12.09,15993.47,1245,0
2246,2024-07-19 11:56:42,11,4,0,153.87,Gas Station,RuPay,0,1,1,3,44.47,553.73,2785,0
1742,2024-06-26 11:57:33,11,2,0,420.94,Shopping Mall,Visa,0,1,2,6,47.62,29457.48,1822,0
1021,2024-07-30 23:30:38,23,1,0,108.02,Hospital,Amex,0,1,3,8,34.71,25240.38,2836,0
706,2024-01-06 04:00:28,4,5,1,102.43,Hospital,Amex,0,1,3,8,15.14,40675.31,2556,0
4295,2024-12-19 18:11:33,18,3,0,84.17,University Campus,MasterCard,0,1,1,5,16.97,32531.7,43,0
5577,2024-01-27 10:02:35,10,5,1,87.76,Remote Village,Amex,0,1,2,6,6.46,9646.9,1409,0
7167,2024-07-18 19:02:21,19,3,0,473.75,Train Station,Amex,1,1,3,7,32.83,24838.9,2037,0
8178,2024-01-11 13:49:55,13,3,0,267.25,Shopping Mall,Visa,0,1,2,3,30.96,15632.95,1455,0
909,2024-11-27 01:38:37,1,2,0,125.76,Suburban Branch,MasterCard,0,1,1,1,26.68,14662.98,2649,0
5194,2024-05-02 12:55:39,12,3,0,209.62,Airport Terminal,Visa,0,1,1,2,41.11,7103.38,2054,0
3078,2024-04-15 13:00:51,13,0,0,243.19,Hotel Lobby,Visa,0,1,2,4,24.11,31680.56,2461,0
9367,2024-11-26 13:51:27,13,1,0,152.33,Downtown Branch,RuPay,1,1,1,3,36.76,12968.41,2195,0
595,2024-01-22 02:28:46,2,0,0,447.43,Remote Village,Amex,0,1,2,6,6.82,36019.08,2618,0
5305,2024-11-20 03:36:16,3,2,0,397.87,Shopping Mall,MasterCard,0,1,3,2,29.01,23356.94,2045,0
441,2024-07-09 14:38:14,14,1,0,107.78,Suburban Branch,Visa,0,1,1,3,2.71,39983.57,1989,0
7607,2024-09-22 17:22:01,17,6,1,145.27,Shopping Mall,RuPay,0,1,1,7,0.36,7192.15,1730,0
4093,2024-05-28 16:02:16,16,1,0,96.76,Hotel Lobby,Amex,0,1,2,3,17.22,11262.42,83,0
6135,2024-05-20 16:33:08,16,0,0,368.69,Shopping Mall,Amex,0,1,3,3,3.54,17137.46,392,0
11,2024-08-19 14:56:06,14,0,0,50.49,Train Station,Amex,0,1,3,1,34.01,5816.13,2229,0
3777,2024-12-17 17:54:00,17,1,0,226.48,Hospital,Amex,0,1,1,2,7.45,34302.55,3008,0
9000,2024-05-27 14:03:06,14,0,0,468.9,Shopping Mall,Visa,0,1,3,7,40.95,43852.08,3222,0
3709,2024-04-23 16:13:30,16,1,0,381.8,Shopping Mall,Amex,0,1,1,2,17.83,32713.42,224,0
3781,2024-03-22 23:25:29,23,4,0,30.9,Remote Village,RuPay,2,1,1,5,11.76,25115.34,2796,0
94,2024-09-05 03:20:25,3,3,0,481.77,Train Station,Amex,0,1,1,7,42.67,5422.0,1592,0
9240,2024-11-22 09:23:54,9,4,0,459.41,Remote Village,MasterCard,0,1,3,6,8.23,43415.62,1594,0
3950,2024-04-27 15:45:45,15,5,1,480.99,Airport Terminal,RuPay,0,1,2,8,15.86,14652.91,1651,0
5786,2024-03-05 01:47:18,1,1,0,333.41,Hospital,Amex,1,1,3,5,31.78,6246.16,62,0
4871,2024-03-21 02:52:45,2,3,0,204.74,Gas Station,RuPay,0,1,1,8,7.96,48877.57,1819,0
4803,2024-10-31 22:11:59,22,3,0,392.79,Hospital,MasterCard,0,1,3,7,11.02,35235.71,3384,0
4868,2024-01-21 11:22:04,11,6,1,94.03,Train Station,MasterCard,0,1,1,7,39.12,33702.51,2311,0
293,2024-06-06 20:58:17,20,3,0,77.95,University Campus,Amex,0,1,2,5,42.62,4612.0,3337,0
7889,2024-09-10 13:43:33,13,1,0,491.4,Downtown Branch,Amex,0,1,1,8,18.26,38949.67,2788,0
7406,2024-01-25 23:34:27,23,3,0,312.95,Train Station,MasterCard,0,1,3,3,15.84,13626.85,606,0
5596,2024-05-01 01:25:19,1,2,0,485.07,Train Station,MasterCard,0,1,1,2,30.15,7406.75,1502,0
2887,2024-02-20 00:42:06,0,1,0,226.05,Downtown Branch,Amex,0,1,2,1,49.8,6818.55,1015,0
6455,2024-01-20 06:45:48,6,5,1,37.48,Airport Terminal,MasterCard,0,1,1,1,19.03,28076.95,1135,0
2543,2024-09-08 20:34:39,20,6,1,470.44,University Campus,Amex,0,1,3,1,23.29,25563.01,2923,0
1766,2024-07-03 03:15:28,3,2,0,117.05,Suburban Branch,Amex,0,1,3,2,1.78,16681.28,659,0
6801,2024-08-09 11:22:46,11,4,0,141.08,Gas Station,RuPay,0,1,3,1,5.97,17674.65,420,0
1878,2024-01-01 21:35:39,21,0,0,286.58,Airport Terminal,Amex,0,1,3,4,47.22,13128.46,1506,0
1982,2024-12-17 18:27:08,18,1,0,184.76,Suburban Branch,Amex,0,1,2,7,6.99,22049.55,918,0
9730,2024-05-27 01:01:46,1,0,0,4007.3,Remote Village,Amex,5,1,13,25,4995.99,1548.13,306,1
9609,2024-07-06 02:37:25,2,5,1,3238.27,Remote Village,Visa,2,0,3,20,2039.09,-312.35,348,1
2686,2024-04-15 16:16:47,16,0,0,231.19,Hospital,Amex,0,1,3,1,24.07,18146.07,1271,0
8931,2024-06-25 15:59:11,15,1,0,125.34,Remote Village,Visa,0,1,1,7,36.09,32809.17,2177,0
3459,2024-11-18 08:36:20,8,0,0,417.26,Train Station,MasterCard,0,1,2,7,0.35,15850.97,2274,0
4542,2024-04-25 16:11:34,16,3,0,359.69,Shopping Mall,RuPay,0,1,2,3,23.96,26674.06,2937,0
2179,2024-03-27 12:54:57,12,2,0,240.09,Shopping Mall,Visa,0,1,2,8,20.25,40836.48,2914,0
4451,2024-05-08 05:27:43,5,2,0,185.04,Hotel Lobby,Visa,0,1,2,1,35.11,27407.3,1768,0
3860,2024-08-13 15:43:33,15,1,0,327.79,University Campus,RuPay,0,1,2,7,1.36,25025.97,2362,0
7624,2024-02-16 15:19:10,15,4,0,152.69,Suburban Branch,MasterCard,0,1,1,1,14.71,22965.14,1644,0
7655,2024-05-29 11:17:46,11,2,0,170.93,Airport Terminal,Visa,0,1,3,7,31.49,1020.95,1553,0
4520,2024-04-15 02:40:50,2,0,0,428.17,Shopping Mall,Visa,0,0,3,2,14.75,11110.72,3587,0
2518,2024-05-15 08:49:46,8,2,0,160.43,Gas Station,Visa,1,1,2,1,39.91,41207.48,2593,0
4837,2024-04-14 00:20:19,0,6,1,24.73,Hospital,MasterCard,0,1,3,6,33.39,10732.92,654,0
2886,2024-01-08 02:45:29,2,0,0,479.36,Downtown Branch,MasterCard,1,1,3,5,34.43,38452.32,2938,0
7282,2024-11-22 08:35:47,8,4,0,279.26,University Campus,Visa,1,1,2,2,41.11,18836.29,3269,0
6256,2024-04-10 11:56:52,11,2,0,182.25,University Campus,Amex,0,1,1,6,26.86,17972.05,1490,0
4540,2024-03-04 23:29:46,23,0,0,420.63,Train Station,MasterCard,1,1,1,3,33.09,42280.75,2663,0
5640,2024-11-08 00:18:03,0,4,0,128.31,Suburban Branch,Amex,0,1,2,7,8.21,28306.96,935,0
9460,2024-07-10 16:50:47,16,2,0,232.65,Airport Terminal,Visa,0,1,3,5,18.82,22095.31,2069,0
3482,2024-03-14 15:26:47,15,3,0,381.45,Train Station,Visa,0,1,1,4,36.88,12412.92,784,0
1278,2024-02-26 00:20:58,0,0,0,387.82,Remote Village,Visa,2,1,1,1,35.61,17981.64,520,0
3147,2024-10-08 19:05:42,19,1,0,364.56,Remote Village,Visa,0,1,1,5,45.82,44466.38,956,0
8263,2024-07-18 11:51:34,11,3,0,323.17,Train Station,MasterCard,0,1,3,6,28.01,44396.63,2873,0
3206,2024-09-21 21:16:28,21,5,1,439.45,Hospital,RuPay,0,1,3,5,29.59,23128.04,2347,0
9893,2024-08-11 15:37:29,15,6,1,147.03,Train Station,RuPay,1,0,9,7,2365.1,1147.05,294,1
2743,2024-08-30 15:31:05,15,4,0,388.41,Train Station,RuPay,0,1,2,6,23.42,37867.75,870,0
6077,2024-12-18 19:51:39,19,2,0,318.51,Train Station,RuPay,0,1,3,1,33.68,22473.09,1462,0
4048,2024-05-01 17:59:42,17,2,0,107.67,Airport Terminal,Visa,0,1,2,4,3.72,25738.25,606,0
5732,2024-10-07 01:38:23,1,0,0,368.78,Suburban Branch,Amex,0,1,2,5,36.04,36515.47,3379,0
2946,2024-01-13 22:08:56,22,5,1,180.65,Hospital,RuPay,0,1,1,4,3.71,41982.57,2656,0
5791,2024-08-10 07:26:15,7,5,1,478.64,Train Station,MasterCard,0,1,3,7,49.53,23176.33,228,0
6795,2024-02-22 19:01:18,19,3,0,420.08,Shopping Mall,Amex,0,1,2,8,45.04,579.27,671,0
6544,2024-04-27 20:10:31,20,5,1,402.23,Gas Station,MasterCard,0,1,2,1,4.1,17130.03,314,0
701,2024-04-22 21:32:54,21,0,0,244.75,Train Station,Visa,0,1,1,5,42.08,26202.29,1240,0
3575,2024-10-17 07:30:39,7,3,0,356.97,Shopping Mall,RuPay,0,1,2,7,38.14,30932.54,3365,0
7700,2024-11-05 08:17:59,8,1,0,53.28,University Campus,RuPay,0,1,3,7,25.74,29640.84,1775,0
2516,2024-04-16 17:03:12,17,1,0,497.0,Hotel Lobby,RuPay,0,1,2,5,7.45,21763.14,2797,0
3001,2024-03-28 12:46:37,12,3,0,432.54,Suburban Branch,RuPay,0,1,1,4,36.07,25277.27,403,0
5821,2024-08-08 19:48:49,19,3,0,155.47,Hospital,Visa,0,1,2,4,4.27,29158.56,2400,0
8582,2024-05-15 13:19:22,13,2,0,312.12,Shopping Mall,RuPay,0,1,2,7,8.58,5301.46,3297,0
3685,2024-08-13 06:02:38,6,1,0,469.05,Gas Station,RuPay,1,1,3,3,47.63,49883.07,2621,0
2996,2024-05-19 16:30:29,16,6,1,398.58,Gas Station,Amex,0,1,3,8,11.64,19609.61,3252,0
4253,2024-01-23 18:41:53,18,1,0,66.89,Remote Village,Visa,0,1,1,3,0.11,18827.58,1455,0
3412,2024-10-01 10:33:47,10,1,0,248.92,Hospital,Amex,0,1,1,3,18.59,32489.33,976,0
7963,2024-04-02 17:02:06,17,1,0,142.66,Hotel Lobby,Visa,0,1,2,1,43.05,23300.44,1489,0
6310,2024-04-23 08:16:26,8,1,0,448.49,Airport Terminal,MasterCard,0,1,3,7,26.27,27959.18,942,0
8612,2024-08-02 17:44:41,17,4,0,478.98,Hotel Lobby,RuPay,0,1,2,8,23.09,7027.94,2811,0
5013,2024-08-02 06:13:07,6,4,0,365.47,Remote Village,RuPay,0,1,1,6,25.64,47983.64,891,0
7751,2024-02-25 21:21:30,21,6,1,237.02,Remote Village,RuPay,0,1,1,5,4.3,41297.53,2911,0
5980,2024-03-20 09:48:26,9,2,0,107.6,Shopping Mall,RuPay,0,1,3,3,18.98,26842.73,3561,0
4049,2024-04-20 22:33:13,22,5,1,29.69,Downtown Branch,MasterCard,0,1,1,2,6.73,38802.03,1176,0
4900,2024-04-09 22:07:38,22,1,0,391.04,Remote Village,Visa,1,1,3,7,6.08,22358.74,474,0
1319,2024-10-15 18:42:29,18,1,0,92.29,Airport Terminal,Amex,0,1,2,8,23.75,35209.8,1216,0
9773,2024-01-25 22:22:23,22,3,0,237.02,Airport Terminal,Amex,3,1,11,19,2837.35,1371.84,365,1
9138,2024-12-03 06:20:19,6,1,0,308.34,Hotel Lobby,Amex,0,1,2,3,36.1,34143.23,3418,0
7143,2024-11-02 20:45:38,20,5,1,342.29,Remote Village,Visa,0,1,2,3,19.89,33767.77,1187,0
1898,2024-11-09 12:58:36,12,5,1,460.74,Airport Terminal,MasterCard,0,1,1,8,14.57,1899.08,2607,0
7466,2024-01-07 12:42:58,12,6,1,98.17,Remote Village,Amex,0,1,2,1,27.96,10619.14,3525,0
604,2024-12-10 20:33:14,20,1,0,44.75,Train Station,MasterCard,0,1,2,6,8.76,27983.64,304,0
2847,2024-03-31 05:46:18,5,6,1,131.98,Gas Station,MasterCard,0,1,3,7,49.25,46288.33,1562,0
8208,2024-01-30 12:02:54,12,1,0,229.11,University Campus,RuPay,2,0,1,2,37.73,49302.98,3439,0
394,2024-01-10 05:23:36,5,2,0,240.43,Airport Terminal,Amex,0,1,1,5,27.9,28790.62,962,0
4437,2024-01-20 20:26:12,20,5,1,456.01,Downtown Branch,MasterCard,2,1,1,2,44.98,21262.68,3052,0
9448,2024-01-11 07:44:48,7,3,0,300.18,Train Station,Amex,0,1,3,4,27.57,41188.59,2933,0
7235,2024-09-18 17:57:57,17,2,0,449.44,University Campus,RuPay,2,1,2,3,33.77,43888.85,987,0
5399,2024-02-26 04:27:20,4,0,0,417.56,University Campus,MasterCard,0,1,3,8,40.83,47548.67,3062,0
96,2024-12-19 15:33:54,15,3,0,311.08,Gas Station,MasterCard,0,1,1,6,10.95,9587.59,1056,0
1663,2024-04-06 23:20:55,23,5,1,48.15,Hotel Lobby,Amex,0,1,2,8,28.22,38443.78,1879,0
8971,2024-10-31 23:08:51,23,3,0,278.37,Shopping Mall,RuPay,0,1,3,5,6.19,35558.83,2337,0
5131,2024-08-29 20:26:09,20,3,0,57.16,University Campus,MasterCard,0,1,2,1,6.76,42294.61,864,0
1489,2024-02-16 12:10:45,12,4,0,319.97,Hotel Lobby,Amex,0,1,3,7,14.67,42946.98,254,0
8317,2024-04-14 01:30:49,1,6,1,139.06,Remote Village,Visa,0,1,3,2,25.66,48329.04,681,0
2708,2024-11-10 11:40:44,11,6,1,303.82,Airport Terminal,MasterCard,0,1,3,7,21.46,29205.37,392,0
1596,2024-07-04 18:16:37,18,3,0,356.05,Train Station,Visa,0,1,2,3,43.01,871.55,3161,0
9278,2024-10-17 22:40:36,22,3,0,471.34,Suburban Branch,MasterCard,0,1,2,5,48.53,38435.91,811,0
2378,2024-09-02 19:57:20,19,0,0,194.38,Airport Terminal,RuPay,0,1,2,5,26.03,45753.58,1500,0
5141,2024-08-19 11:57:10,11,0,0,427.45,Train Station,Visa,0,1,3,4,49.93,11138.19,752,0
6148,2024-03-10 20:38:30,20,6,1,309.44,Hospital,Visa,0,1,3,3,23.88,13329.06,2174,0
8242,2024-03-28 05:29:40,5,3,0,256.84,University Campus,Amex,0,1,1,5,10.18,41188.1,2493,0
3949,2024-10-02 14:01:20,14,2,0,449.28,Shopping Mall,MasterCard,0,1,1,2,21.06,14079.97,1140,0
3934,2024-02-17 00:30:33,0,5,1,308.99,Hotel Lobby,Amex,0,1,3,5,2.31,38144.25,2502,0
4798,2024-05-21 13:11:45,13,1,0,460.91,Hospital,Amex,0,1,2,3,17.44,20929.32,1226,0
4373,2024-12-10 21:48:45,21,1,0,262.4,Hotel Lobby,MasterCard,0,1,2,8,27.32,11060.05,3348,0
9863,2024-05-26 02:49:33,2,6,1,3073.75,Remote Village,RuPay,3,0,4,27,1260.95,730.19,93,1
8243,2024-03-25 14:59:59,14,0,0,245.2,Suburban Branch,Visa,0,1,3,3,14.55,30566.21,2832,0
3449,2024-01-29 10:02:18,10,0,0,414.15,Hospital,Amex,2,1,1,3,29.42,16226.55,3029,0
2944,2024-12-23 18:56:57,18,0,0,93.51,Hospital,Visa,0,1,3,3,25.63,49446.3,1672,0
2466,2024-01-07 05:51:20,5,6,1,28.38,Shopping Mall,Amex,0,1,2,3,49.32,19055.11,2948,0
8583,2024-07-26 07:14:59,7,4,0,172.19,Train Station,Visa,0,1,1,6,25.22,27696.04,2548,0
5507,2024-11-05 03:13:17,3,1,0,353.29,Gas Station,Amex,0,1,3,2,38.56,27101.68,2904,0
2699,2024-01-31 05:27:24,5,2,0,240.86,Downtown Branch,RuPay,0,1,1,2,21.92,1859.77,1599,0
2448,2024-06-26 21:37:43,21,2,0,173.47,University Campus,RuPay,0,1,3,1,5.16,20225.46,1331,0
20,2024-09-18 12:12:44,12,2,0,333.66,Downtown Branch,MasterCard,0,1,2,2,12.43,9591.42,1867,0
2749,2024-07-15 10:50:52,10,0,0,184.94,Downtown Branch,Amex,0,1,2,5,12.69,44300.48,2306,0
5400,2024-11-04 10:04:18,10,0,0,299.39,Downtown Branch,MasterCard,1,1,2,7,37.15,24354.71,2903,0
8079,2024-08-25 12:42:35,12,6,1,87.78,Hotel Lobby,RuPay,0,1,3,3,5.02,33576.13,2335,0
6872,2024-06-16 11:32:05,11,6,1,255.33,Hospital,RuPay,1,1,3,5,36.07,48157.43,365,0
4709,2024-10-26 16:02:05,16,5,1,176.24,Hospital,Visa,2,1,3,6,43.62,4342.88,2459,0
9477,2024-10-22 22:41:23,22,1,0,72.26,Hotel Lobby,Visa,1,1,1,6,36.32,25992.93,1196,0
810,2024-11-22 19:55:52,19,4,0,97.46,Remote Village,Visa,0,1,2,2,26.73,19603.39,347,0
7478,2024-01-31 19:31:06,19,2,0,192.97,Gas Station,Amex,0,1,2,1,34.33,21212.1,3537,0
2274,2024-01-12 19:19:07,19,4,0,491.9,Gas Station,RuPay,0,1,1,5,33.4,704.59,3184,0
1924,2024-03-04 16:43:19,16,0,0,414.86,University Campus,MasterCard,0,1,1,4,44.1,25129.92,1608,0
1471,2024-01-02 01:30:48,1,1,0,70.21,Suburban Branch,Amex,0,1,1,6,34.02,42902.93,3077,0
7935,2024-10-13 17:35:03,17,6,1,216.27,Downtown Branch,MasterCard,0,1,1,6,37.48,22188.65,561,0
7408,2024-03-10 19:28:25,19,6,1,189.69,University Campus,RuPay,0,1,3,2,4.49,34560.96,2613,0
2407,2024-09-05 13:34:02,13,3,0,278.15,Suburban Branch,RuPay,0,1,1,5,1.01,41424.15,2508,0
1143,2024-03-13 16:00:20,16,2,0,458.31,Train Station,RuPay,0,1,1,8,40.46,22876.64,2389,0
1748,2024-10-30 12:56:24,12,2,0,314.9,Hotel Lobby,RuPay,0,1,2,3,18.15,42210.26,2362,0
5710,2024-02-14 00:03:08,0,2,0,322.12,Gas Station,RuPay,0,1,2,4,13.73,376.46,3395,0
4976,2024-07-20 20:37:34,20,5,1,109.28,Downtown Branch,MasterCard,0,1,2,1,31.11,12350.96,3049,0
7301,2024-05-05 19:17:58,19,6,1,452.91,Airport Terminal,RuPay,0,1,1,8,48.75,338.55,3247,0
8149,2024-02-07 21:57:39,21,2,0,31.1,Hotel Lobby,MasterCard,0,1,1,8,25.71,18429.4,521,0
2834,2024-06-09 19:25:00,19,6,1,20.65,Downtown Branch,RuPay,0,1,2,8,5.0,33063.05,2091,0
3132,2024-04-08 07:44:22,7,0,0,142.45,Hospital,Amex,0,1,3,2,34.59,25028.2,448,0
1311,2024-01-17 12:38:25,12,2,0,240.77,Suburban Branch,RuPay,0,1,2,3,42.01,17711.77,1692,0
8651,2024-03-05 05:08:27,5,1,0,322.25,Hotel Lobby,Visa,0,1,3,1,38.91,3174.13,495,0
6775,2024-08-22 11:39:44,11,3,0,87.63,Gas Station,MasterCard,0,1,1,4,31.78,22820.65,3192,0
6757,2024-09-02 07:26:51,7,0,0,21.0,Shopping Mall,RuPay,0,1,3,1,40.25,9748.69,1609,0
621,2024-03-24 18:25:28,18,6,1,369.37,Hospital,RuPay,0,1,2,3,40.28,48521.0,1766,0
2702,2024-11-03 00:48:08,0,6,1,225.65,Hotel Lobby,MasterCard,2,1,2,7,2.27,2983.87,554,0
2200,2024-07-09 08:55:13,8,1,0,258.02,Airport Terminal,MasterCard,0,1,2,1,11.29,4399.43,2387,0
6197,2024-04-20 09:07:51,9,5,1,175.1,Train Station,Visa,0,1,1,7,32.57,39814.86,2481,0
8825,2024-01-04 23:09:23,23,3,0,357.12,Suburban Branch,Amex,0,1,2,5,37.31,9347.28,3590,0
1047,2024-05-14 07:30:51,7,1,0,490.91,Remote Village,Visa,1,1,1,8,47.33,13598.37,200,0
5769,2024-01-11 00:46:43,0,3,0,366.87,Gas Station,Amex,1,1,1,3,21.67,42419.79,1620,0
9948,2024-08-07 02:41:02,2,2,0,1644.21,Airport Terminal,Visa,5,1,8,24,4782.69,1741.47,350,1
9020,2024-03-01 21:31:56,21,4,0,197.27,Downtown Branch,RuPay,0,0,1,1,5.63,34155.24,1284,0
744,2024-05-12 00:37:29,0,6,1,229.77,Suburban Branch,Amex,0,1,2,2,5.73,5056.75,718,0
223,2024-01-05 14:27:32,14,4,0,28.03,Suburban Branch,Visa,0,0,1,7,40.31,45497.69,468,0
3150,2024-02-07 13:01:08,13,2,0,465.43,Suburban Branch,Visa,0,1,1,4,24.6,47022.09,3575,0
626,2024-01-12 01:06:14,1,4,0,77.29,Airport Terminal,RuPay,0,1,2,8,28.28,43430.46,2602,0
9335,2024-09-18 16:04:47,16,2,0,49.29,Shopping Mall,RuPay,0,1,2,2,6.99,19588.18,177,0
7567,2024-11-13 22:07:40,22,2,0,288.36,Downtown Branch,Visa,0,1,3,8,25.58,16779.03,1219,0
4583,2024-04-28 04:27:45,4,6,1,332.29,Gas Station,MasterCard,0,1,2,1,22.89,45752.46,940,0
5712,2024-11-27 20:02:52,20,2,0,465.58,Gas Station,MasterCard,0,1,3,7,10.15,4857.05,1502,0
3285,2024-08-31 22:07:48,22,5,1,465.85,Airport Terminal,Visa,0,1,1,1,15.23,42824.08,2702,0
7586,2024-04-29 03:57:12,3,0,0,293.85,Shopping Mall,Visa,0,1,2,6,44.08,1564.09,1043,0
9647,2024-06-06 17:27:07,17,3,0,159.59,Airport Terminal,RuPay,1,1,8,8,2428.24,346.53,169,1
1531,2024-03-05 01:12:08,1,1,0,383.63,Remote Village,Amex,0,1,3,4,24.04,40288.13,1828,0
9686,2024-12-07 00:31:50,0,5,1,401.84,University Campus,MasterCard,2,1,5,24,4734.53,1678.68,298,1
354,2024-09-24 20:56:01,20,1,0,75.58,Airport Terminal,Amex,0,1,2,3,10.27,34318.43,68,0
2475,2024-09-24 15:51:59,15,1,0,442.68,Shopping Mall,Visa,0,1,2,1,4.32,33360.33,1574,0
8014,2024-05-21 21:14:41,21,1,0,248.53,University Campus,Visa,1,1,2,3,47.98,9568.28,3121,0
6476,2024-12-23 20:13:01,20,0,0,126.8,Suburban Branch,MasterCard,0,1,1,4,48.74,12761.29,903,0
6450,2024-07-03 17:12:28,17,2,0,251.02,University Campus,Amex,0,1,2,6,22.58,47542.44,2374,0
240,2024-12-27 23:29:43,23,4,0,290.65,Suburban Branch,MasterCard,0,1,3,1,47.65,23134.95,2931,0
2626,2024-01-02 09:38:14,9,1,0,370.4,Shopping Mall,MasterCard,0,1,2,1,15.78,41924.98,2816,0
9787,2024-08-22 04:17:17,4,3,0,3629.75,Remote Village,MasterCard,4,1,15,28,1406.95,939.31,305,1
7199,2024-07-19 10:13:19,10,4,0,188.23,Gas Station,MasterCard,0,1,3,3,15.65,17056.28,2391,0
7693,2024-05-21 18:20:33,18,1,0,21.47,Shopping Mall,Amex,0,1,1,1,25.98,32169.0,388,0
2998,2024-08-30 04:22:12,4,4,0,427.11,Shopping Mall,RuPay,1,1,3,6,17.61,23315.72,2854,0
6441,2024-04-11 09:20:20,9,3,0,194.52,Airport Terminal,Amex,0,1,2,2,27.25,7051.78,1629,0
4563,2024-11-07 13:04:34,13,3,0,435.41,University Campus,RuPay,0,1,1,7,0.48,34299.46,130,0
8615,2024-03-12 06:44:13,6,1,0,105.85,Gas Station,Visa,0,1,2,1,8.57,11108.85,2041,0
1480,2024-03-03 20:39:29,20,6,1,454.86,Shopping Mall,Visa,0,1,2,5,49.89,34608.72,2647,0
1019,2024-12-17 03:24:30,3,1,0,67.11,Gas Station,MasterCard,0,1,1,7,33.95,16191.75,2398,0
3095,2024-12-22 02:37:45,2,6,1,306.31,Suburban Branch,Amex,0,1,2,5,20.74,21830.44,2743,0
6183,2024-08-06 05:11:23,5,1,0,290.63,Suburban Branch,RuPay,0,1,3,2,13.3,10276.01,1331,0
4961,2024-02-19 23:32:07,23,0,0,349.34,Shopping Mall,RuPay,0,1,2,7,16.85,37498.29,2026,0
8493,2024-08-02 18:48:15,18,4,0,362.82,Airport Terminal,RuPay,0,1,2,3,6.24,34293.52,1381,0
1104,2024-01-30 17:17:02,17,1,0,55.47,Hospital,MasterCard,0,1,3,3,4.78,29450.97,1632,0
6082,2024-03-20 07:48:34,7,2,0,281.51,Gas Station,Amex,0,1,1,2,9.08,14438.42,3502,0
9526,2024-07-27 01:41:20,1,5,1,449.58,Suburban Branch,Visa,1,0,13,16,3213.65,1184.1,39,1
5191,2024-11-15 22:38:31,22,4,0,272.97,Train Station,Amex,0,1,3,6,39.33,28840.52,3480,0
4182,2024-04-04 15:06:06,15,3,0,46.17,Hospital,RuPay,0,1,1,2,15.53,24312.98,125,0
4468,2024-06-19 07:00:59,7,2,0,67.69,Hospital,Amex,0,1,2,8,12.64,30262.41,2634,0
1627,2024-05-12 00:22:30,0,6,1,250.65,Hospital,RuPay,0,1,1,2,14.2,14289.71,2159,0
6718,2024-07-01 23:44:45,23,0,0,223.79,Hotel Lobby,MasterCard,1,1,3,3,11.01,30014.06,1706,0
3799,2024-06-16 18:18:27,18,6,1,497.73,Hospital,Amex,0,1,1,7,35.58,26758.09,2250,0
3054,2024-06-10 03:12:15,3,0,0,484.08,Airport Terminal,Amex,0,1,2,4,13.55,23101.77,2742,0
2868,2024-10-03 21:48:01,21,3,0,294.35,Shopping Mall,RuPay,0,0,1,3,44.28,31789.72,1677,0
1433,2024-04-01 17:57:54,17,0,0,28.25,Remote Village,Visa,1,1,1,2,13.45,39178.87,2217,0
7984,2024-05-17 03:37:35,3,4,0,34.25,Train Station,Amex,0,1,3,2,22.22,17540.82,2555,0
9347,2024-01-23 15:05:31,15,1,0,160.64,Gas Station,Amex,0,1,2,2,0.55,23657.47,30,0
9420,2024-03-02 02:23:23,2,5,1,106.14,Train Station,MasterCard,0,1,1,2,19.73,11881.88,2857,0
4077,2024-07-26 16:06:09,16,4,0,126.58,Train Station,MasterCard,0,1,2,1,44.77,33925.73,448,0
218,2024-05-01 12:38:40,12,2,0,218.69,University Campus,RuPay,0,1,1,5,27.67,29243.19,2979,0
3556,2024-02-22 13:13:43,13,3,0,345.12,Suburban Branch,MasterCard,0,1,3,7,39.8,17405.49,2938,0
7937,2024-09-22 18:59:55,18,6,1,386.12,Remote Village,RuPay,0,1,3,1,31.21,9463.48,64,0
8422,2024-02-05 11:14:14,11,0,0,35.69,Downtown Branch,Visa,0,1,1,6,25.04,34093.71,846,0
1035,2024-08-11 17:04:19,17,6,1,360.08,Suburban Branch,RuPay,0,1,3,6,29.44,29078.16,2424,0
3774,2024-05-12 00:14:56,0,6,1,497.11,Airport Terminal,Amex,0,1,1,6,18.83,47448.7,936,0
4133,2024-08-05 07:28:48,7,0,0,458.68,Airport Terminal,Amex,0,1,3,3,20.52,24103.9,2597,0
2336,2024-01-22 01:27:31,1,0,0,108.81,Hotel Lobby,MasterCard,0,0,3,6,45.5,1041.46,1367,0
6493,2024-11-29 12:51:20,12,4,0,468.94,Remote Village,Visa,0,1,3,5,30.98,12334.01,3638,0
1483,2024-11-02 10:00:47,10,5,1,64.17,University Campus,Visa,0,1,2,1,45.55,31055.06,3279,0
907,2024-07-11 05:58:32,5,3,0,348.65,Airport Terminal,Amex,1,1,3,7,28.12,19573.32,2517,0
6089,2024-07-01 15:06:54,15,0,0,462.74,Train Station,Visa,0,1,2,6,20.98,34025.68,3330,0
6467,2024-03-23 07:43:00,7,5,1,100.25,Train Station,Amex,0,1,3,4,15.97,23747.26,597,0
5677,2024-10-17 17:52:35,17,3,0,169.83,Shopping Mall,Visa,0,1,3,4,4.38,27485.92,2846,0
2771,2024-10-09 13:53:03,13,2,0,235.78,Hospital,MasterCard,0,1,2,8,8.59,37599.66,1246,0
1806,2024-07-14 11:27:04,11,6,1,64.9,Downtown Branch,Amex,0,1,2,4,0.14,49219.62,265,0
7375,2024-08-26 02:50:23,2,0,0,256.52,Airport Terminal,MasterCard,0,1,3,3,16.39,26985.02,3302,0
2115,2024-06-04 22:08:38,22,1,0,115.08,Gas Station,Amex,0,1,2,3,3.28,842.88,776,0
4535,2024-05-06 10:57:59,10,0,0,25.0,Train Station,RuPay,0,1,2,6,10.77,42482.98,177,0
2532,2024-05-31 09:26:58,9,4,0,453.56,Airport Terminal,Visa,1,1,1,3,25.46,42108.46,608,0
8526,2024-06-17 08:21:03,8,0,0,76.07,Hotel Lobby,RuPay,1,1,3,7,8.78,15468.45,2646,0
3471,2024-05-07 10:50:43,10,1,0,187.57,Hospital,Amex,0,1,2,4,32.85,10246.35,3474,0
1403,2024-07-17 03:22:17,3,2,0,398.28,Gas Station,RuPay,0,1,1,5,44.02,6939.38,1028,0
853,2024-08-12 01:15:16,1,0,0,373.72,Remote Village,MasterCard,0,1,2,7,15.98,18314.69,2812,0
3083,2024-03-15 05:03:48,5,4,0,131.95,Airport Terminal,Visa,0,1,3,4,26.67,18420.0,2629,0
8025,2024-08-02 21:29:02,21,4,0,337.61,Gas Station,Amex,0,1,2,7,16.96,35531.11,1198,0
7566,2024-12-18 03:18:56,3,2,0,48.15,Downtown Branch,MasterCard,0,1,1,2,5.47,28000.52,237,0
5530,2024-11-05 22:06:06,22,1,0,458.93,Suburban Branch,MasterCard,0,1,2,8,3.75,8731.91,1622,0
7855,2024-11-19 20:38:54,20,1,0,361.38,Remote Village,Amex,0,1,3,2,33.55,6437.92,3175,0
4933,2024-10-07 02:59:48,2,0,0,186.27,Suburban Branch,MasterCard,0,1,1,7,29.73,42494.41,910,0
5160,2024-04-05 11:37:06,11,4,0,207.92,Gas Station,RuPay,0,1,3,7,40.49,37922.63,3454,0
9716,2024-12-13 19:05:35,19,4,0,138.64,Remote Village,MasterCard,3,1,14,16,1377.89,790.73,329,1
3847,2024-05-26 15:56:43,15,6,1,27.72,Hotel Lobby,MasterCard,0,1,3,2,21.95,14972.14,2981,0
6484,2024-08-30 14:06:23,14,4,0,318.79,Gas Station,RuPay,0,1,3,7,40.12,46126.25,3098,0
748,2024-08-02 19:27:43,19,4,0,215.4,Hospital,MasterCard,0,1,1,5,27.7,29350.02,445,0
3035,2024-08-28 20:44:24,20,2,0,389.26,Hospital,MasterCard,1,1,1,5,25.97,8338.15,3106,0
348,2024-08-26 15:21:58,15,0,0,228.18,Hospital,Visa,0,0,2,1,1.89,10050.77,1558,0
3352,2024-12-16 23:54:22,23,0,0,458.76,University Campus,RuPay,0,1,3,6,28.94,3631.75,360,0
2865,2024-12-07 06:53:00,6,5,1,87.06,Airport Terminal,MasterCard,0,1,2,5,6.08,19281.88,2643,0
2168,2024-06-29 22:34:52,22,5,1,367.85,Train Station,MasterCard,0,1,1,7,31.7,47697.02,1140,0
6955,2024-12-25 00:19:05,0,2,0,313.47,Airport Terminal,MasterCard,0,1,2,4,16.23,36021.09,1973,0
6210,2024-06-23 02:27:52,2,6,1,146.78,Train Station,Visa,0,1,1,2,43.79,32561.86,2487,0
2778,2024-12-24 10:32:29,10,1,0,418.49,Airport Terminal,RuPay,2,1,1,8,12.09,47216.71,495,0
1442,2024-04-08 05:23:05,5,0,0,253.65,Train Station,MasterCard,0,1,1,8,6.52,47984.96,1035,0
5658,2024-04-15 04:35:55,4,0,0,91.86,Shopping Mall,RuPay,0,1,2,5,40.42,25186.12,2017,0
9658,2024-10-05 11:35:29,11,5,1,177.21,Train Station,MasterCard,3,0,14,11,1089.0,1017.19,75,1
3028,2024-11-24 21:32:35,21,6,1,486.1,Remote Village,Visa,1,1,1,1,21.23,43495.35,123,0
6118,2024-09-04 15:10:17,15,2,0,317.84,Airport Terminal,Amex,0,1,1,3,44.25,49001.37,870,0
2484,2024-01-15 02:40:29,2,0,0,490.15,University Campus,MasterCard,0,1,3,4,0.42,30682.36,2066,0
2883,2024-10-23 02:59:03,2,2,0,461.43,Shopping Mall,Visa,0,1,2,3,0.33,30897.42,3490,0
5562,2024-07-07 07:09:25,7,6,1,180.67,Suburban Branch,Visa,0,1,3,4,36.28,11321.23,2708,0
764,2024-05-02 19:35:19,19,3,0,22.48,Airport Terminal,MasterCard,0,1,1,4,48.9,21248.63,334,0
6482,2024-03-15 18:48:29,18,4,0,414.46,Shopping Mall,MasterCard,0,1,1,8,11.43,40970.11,746,0
1617,2024-04-14 12:30:31,12,6,1,400.86,Hotel Lobby,Amex,0,1,2,2,16.26,22738.47,1368,0
1223,2024-02-17 19:28:09,19,5,1,420.4,Train Station,MasterCard,0,1,3,4,19.02,22395.94,1665,0
8665,2024-10-15 09:37:08,9,1,0,264.68,Hospital,RuPay,0,1,3,7,45.09,23667.79,3622,0
6222,2024-05-21 22:23:55,22,1,0,166.46,Suburban Branch,Visa,0,1,3,5,25.04,27833.49,3458,0
1577,2024-12-24 18:40:56,18,1,0,380.2,University Campus,Amex,0,1,2,3,12.03,39834.55,1302,0
9392,2024-09-10 08:48:01,8,1,0,315.49,Hotel Lobby,Amex,0,1,2,3,5.89,31541.55,2214,0
6351,2024-05-13 01:53:55,1,0,0,392.11,Gas Station,Visa,0,1,2,2,48.77,23831.11,3185,0
3783,2024-03-14 19:12:37,19,3,0,401.27,Shopping Mall,RuPay,0,1,1,8,49.81,49661.56,3009,0
4375,2024-10-22 21:02:35,21,1,0,233.56,Shopping Mall,MasterCard,0,1,3,1,33.94,28336.71,2005,0
709,2024-02-03 10:27:00,10,5,1,164.44,Train Station,RuPay,0,1,1,3,45.12,36965.18,1853,0
510,2024-09-24 03:20:42,3,1,0,175.95,University Campus,Visa,0,1,1,7,36.01,19768.12,3071,0
2955,2024-01-05 15:25:49,15,4,0,495.08,Train Station,Amex,0,1,3,8,13.45,23089.55,2867,0
7538,2024-03-25 21:03:01,21,0,0,437.2,Train Station,MasterCard,0,1,1,7,11.02,1957.24,511,0
6339,2024-04-19 13:17:21,13,4,0,324.4,Gas Station,Visa,0,1,3,6,38.75,27474.72,681,0
8923,2024-04-20 17:32:23,17,5,1,172.27,Shopping Mall,Visa,0,1,2,5,13.15,38337.47,2452,0
7064,2024-01-30 15:34:49,15,1,0,408.99,University Campus,MasterCard,0,1,2,4,17.54,14517.02,510,0
7163,2024-06-23 23:10:49,23,6,1,356.88,Remote Village,Visa,0,1,3,1,11.22,42545.23,1636,0
7372,2024-05-20 14:07:07,14,0,0,487.2,Airport Terminal,Visa,0,1,3,8,38.82,37802.88,3124,0
6829,2024-02-17 10:41:06,10,5,1,442.64,Suburban Branch,MasterCard,0,1,1,2,47.01,21826.22,1543,0
3616,2024-01-23 06:02:06,6,1,0,402.78,Airport Terminal,RuPay,0,1,3,1,41.43,24814.82,1135,0
4657,2024-09-28 21:49:41,21,5,1,260.92,Gas Station,Amex,0,1,1,1,41.63,18696.8,355,0
6976,2024-08-23 15:19:59,15,4,0,235.0,Downtown Branch,Visa,0,1,1,4,38.12,24340.28,3091,0
4351,2024-11-13 08:09:51,8,2,0,143.22,Hotel Lobby,Visa,0,1,1,2,32.64,19076.5,228,0
712,2024-03-31 01:31:06,1,6,1,362.86,Hospital,Visa,0,1,3,2,13.39,32450.18,1968,0
6479,2024-09-26 18:59:09,18,3,0,376.37,Hotel Lobby,Visa,0,1,1,6,23.88,41072.33,1991,0
9130,2024-03-23 08:34:51,8,5,1,169.97,Remote Village,RuPay,0,1,3,4,7.19,3909.94,1987,0
8205,2024-02-05 08:31:58,8,0,0,55.96,Gas Station,RuPay,0,1,1,2,24.74,7484.71,1004,0
9204,2024-03-09 01:17:01,1,5,1,431.33,Hotel Lobby,MasterCard,0,1,2,1,27.13,6137.44,2049,0
713,2024-07-11 03:45:57,3,3,0,318.89,Train Station,RuPay,0,1,1,3,14.4,9690.84,1438,0
9113,2024-06-20 01:57:30,1,3,0,371.0,Suburban Branch,Amex,0,1,2,2,41.79,39972.73,1806,0
1246,2024-05-25 10:19:59,10,5,1,96.2,Remote Village,MasterCard,0,1,3,3,27.04,47761.01,1766,0
9786,2024-02-12 16:10:58,16,0,0,280.33,Gas Station,Amex,3,0,14,27,2093.25,1326.47,167,1
6849,2024-01-30 02:48:45,2,1,0,417.54,Shopping Mall,RuPay,0,1,2,1,33.34,23978.93,2993,0
5134,2024-03-18 13:19:39,13,0,0,463.98,Hospital,MasterCard,0,1,2,5,22.25,12646.03,305,0
716,2024-02-20 03:16:01,3,1,0,103.18,Train Station,Visa,0,1,2,8,15.18,10550.7,222,0
3464,2024-05-20 00:58:07,0,0,0,163.56,Shopping Mall,MasterCard,0,1,1,6,34.62,20766.29,2517,0
4395,2024-07-28 16:32:59,16,6,1,363.79,Shopping Mall,Amex,0,1,1,1,14.45,41986.51,822,0
4569,2024-12-05 06:01:53,6,3,0,489.41,University Campus,Visa,0,1,3,8,48.96,17678.63,3621,0
8804,2024-08-29 21:31:14,21,3,0,48.08,Shopping Mall,Visa,0,1,3,4,45.42,19422.42,3075,0
8490,2024-03-22 21:18:04,21,4,0,375.25,Shopping Mall,Visa,0,1,1,2,45.04,38003.59,1832,0
7702,2024-03-12 00:29:53,0,1,0,100.8,Remote Village,Visa,1,1,1,7,1.62,15903.87,2369,0
213,2024-08-06 09:49:01,9,1,0,218.09,Suburban Branch,Amex,0,1,1,5,10.17,32370.62,1872,0
9768,2024-05-18 23:55:05,23,5,1,106.97,Hospital,MasterCard,2,1,10,20,612.08,-112.27,6,1
6839,2024-06-07 09:45:44,9,4,0,343.12,Hospital,RuPay,0,1,1,5,47.94,49245.4,2051,0
1011,2024-04-04 21:40:22,21,3,0,297.24,Hospital,Visa,0,1,3,2,9.69,47745.24,2646,0
324,2024-03-23 06:57:33,6,5,1,408.06,Hospital,Amex,0,1,3,7,10.1,41145.95,635,0
5397,2024-02-04 01:38:09,1,6,1,305.64,Remote Village,Amex,0,1,3,1,48.52,3429.21,3429,0
5991,2024-10-02 15:48:53,15,2,0,318.55,Gas Station,Visa,0,0,2,2,10.13,24046.0,1818,0
3173,2024-08-09 08:02:29,8,4,0,99.73,Hospital,Visa,0,1,2,1,44.37,27199.72,978,0
335,2024-04-20 17:02:21,17,5,1,33.18,Remote Village,RuPay,0,1,1,4,32.37,33916.99,1132,0
8306,2024-03-08 11:21:06,11,4,0,283.81,Hotel Lobby,RuPay,0,1,3,6,41.2,33492.56,1487,0
2211,2024-07-18 12:25:04,12,3,0,198.44,Suburban Branch,MasterCard,0,1,2,1,33.0,26755.49,80,0
4272,2024-10-23 23:36:48,23,2,0,419.69,Suburban Branch,MasterCard,0,1,1,6,34.17,7133.67,1038,0
6741,2024-06-14 02:21:26,2,4,0,351.1,Shopping Mall,RuPay,0,1,2,8,13.37,20978.25,2915,0
234,2024-02-10 02:45:35,2,5,1,32.61,Airport Terminal,Visa,0,1,2,7,0.62,20749.12,3221,0
5951,2024-02-07 12:09:10,12,2,0,281.15,Remote Village,RuPay,1,1,2,1,2.88,47686.5,2509,0
5738,2024-06-28 22:44:55,22,4,0,489.47,Suburban Branch,MasterCard,0,1,2,5,28.23,7286.7,2740,0
7922,2024-12-09 12:17:53,12,0,0,123.44,Suburban Branch,Visa,0,1,1,5,37.12,48383.1,3340,0
2349,2024-09-16 00:10:34,0,0,0,132.0,Remote Village,Amex,0,1,3,7,6.36,31726.14,3167,0
2037,2024-03-29 07:32:08,7,4,0,399.04,University Campus,Amex,0,1,1,4,17.22,22776.25,64,0
7485,2024-05-13 22:18:03,22,0,0,77.94,Downtown Branch,MasterCard,0,1,3,4,44.69,20267.13,1824,0
6007,2024-12-07 17:38:50,17,5,1,484.79,Shopping Mall,RuPay,0,1,3,5,16.53,47318.62,2341,0
4554,2024-12-26 10:46:03,10,3,0,161.6,Remote Village,Visa,0,1,2,2,42.21,13136.34,1741,0
8073,2024-07-18 15:55:09,15,3,0,250.79,University Campus,MasterCard,0,1,2,3,47.12,31228.62,2666,0
1459,2024-01-20 22:41:21,22,5,1,21.0,Shopping Mall,Amex,0,1,2,6,33.3,4467.26,706,0
3289,2024-06-24 02:06:26,2,0,0,465.96,Shopping Mall,Visa,0,1,2,1,41.42,37359.88,1835,0
3065,2024-10-02 21:51:28,21,2,0,108.67,Train Station,Visa,0,0,3,8,22.92,2919.65,2325,0
9437,2024-06-20 00:35:10,0,3,0,250.38,Suburban Branch,MasterCard,2,1,2,2,14.15,34421.11,1410,0
775,2024-05-12 15:29:40,15,6,1,110.89,Train Station,Visa,0,1,2,6,30.81,20992.89,694,0
6833,2024-05-10 23:45:05,23,4,0,334.72,Suburban Branch,MasterCard,1,1,1,2,29.78,31881.69,2038,0
872,2024-02-22 02:54:33,2,3,0,309.03,Hotel Lobby,MasterCard,0,1,3,7,3.72,12822.87,1593,0
8750,2024-08-01 03:50:25,3,3,0,399.67,Downtown Branch,Visa,0,1,1,5,43.79,20956.95,490,0
1264,2024-09-05 08:07:19,8,3,0,214.91,Shopping Mall,RuPay,0,1,1,5,42.8,24323.49,1410,0
4834,2024-07-12 09:50:16,9,4,0,127.15,Hotel Lobby,Visa,0,1,1,7,25.04,38026.92,222,0
3895,2024-10-09 21:10:59,21,2,0,493.29,Remote Village,Visa,0,1,1,4,46.6,40908.28,2314,0
6324,2024-04-10 13:05:32,13,2,0,176.65,Suburban Branch,RuPay,0,1,1,1,17.33,44452.0,1622,0
9213,2024-03-11 21:12:57,21,0,0,259.14,University Campus,MasterCard,0,1,1,4,40.61,7409.46,2826,0
7020,2024-07-17 14:59:08,14,2,0,494.01,Shopping Mall,Amex,0,1,3,2,13.28,26386.78,1182,0
1221,2024-02-09 04:25:24,4,4,0,32.59,Downtown Branch,MasterCard,0,1,3,6,47.73,16440.31,1321,0
1447,2024-10-21 13:39:44,13,0,0,254.01,Downtown Branch,RuPay,0,1,3,2,49.93,7751.17,3408,0
3185,2024-11-21 22:20:11,22,3,0,321.84,Remote Village,Visa,0,1,1,6,49.06,24112.26,2202,0
409,2024-10-21 01:40:19,1,0,0,266.79,Shopping Mall,Visa,0,1,3,3,36.8,24226.82,1499,0
4345,2024-07-05 12:48:07,12,4,0,240.34,Train Station,MasterCard,1,1,1,4,28.79,33650.11,912,0
3022,2024-12-08 03:31:45,3,6,1,434.04,Downtown Branch,MasterCard,0,0,3,2,45.56,4345.3,3545,0
2304,2024-02-14 04:58:49,4,2,0,175.66,Suburban Branch,RuPay,0,1,3,1,29.14,21951.74,3604,0
6272,2024-03-29 00:02:59,0,4,0,169.37,Remote Village,MasterCard,0,1,3,6,4.18,20836.55,2951,0
8281,2024-06-30 20:10:25,20,6,1,70.75,Remote Village,MasterCard,0,1,1,3,37.41,43772.88,487,0
6642,2024-10-06 18:45:53,18,6,1,92.61,Train Station,MasterCard,2,1,1,5,3.23,2684.57,1495,0
6956,2024-01-05 16:01:48,16,4,0,390.61,Hospital,RuPay,0,1,1,8,44.06,26032.68,453,0
2110,2024-05-13 14:48:04,14,0,0,429.68,Remote Village,Visa,0,1,1,6,14.18,39831.11,2827,0
5352,2024-11-11 21:01:08,21,0,0,279.92,Remote Village,Amex,0,1,2,8,14.15,4604.89,1767,0
9684,2024-07-02 12:37:03,12,1,0,190.72,Hospital,Visa,1,1,6,30,578.8,107.15,68,1
8344,2024-03-10 11:33:57,11,6,1,355.94,University Campus,Amex,0,1,1,1,5.57,38991.33,2607,0
4550,2024-01-01 15:20:15,15,0,0,343.24,Remote Village,RuPay,0,1,3,8,19.55,24222.02,3132,0
1881,2024-04-23 16:40:30,16,1,0,107.89,Airport Terminal,RuPay,0,1,1,8,35.71,20842.69,3066,0
5946,2024-07-26 22:07:20,22,4,0,257.62,Airport Terminal,Visa,0,1,2,7,41.31,32601.58,1875,0
1738,2024-06-17 12:53:54,12,0,0,202.11,Downtown Branch,Visa,0,1,3,8,35.74,6172.97,2273,0
7794,2024-07-01 14:14:29,14,0,0,194.5,Remote Village,Visa,0,1,3,4,36.78,49160.8,3375,0
5213,2024-01-07 11:11:43,11,6,1,160.62,Train Station,MasterCard,0,1,3,4,39.77,42050.18,3112,0
3209,2024-06-08 04:29:33,4,5,1,35.22,Downtown Branch,RuPay,0,1,3,8,16.71,37835.24,277,0
7083,2024-11-13 08:49:38,8,2,0,477.19,Train Station,Amex,0,1,1,7,35.16,10714.94,2558,0
2056,2024-02-05 09:11:18,9,0,0,97.28,Gas Station,Visa,1,1,3,5,4.11,36337.75,1042,0
1689,2024-08-12 16:54:19,16,0,0,472.77,Train Station,Visa,0,1,1,5,2.16,17796.6,2952,0
4780,2024-12-25 09:44:22,9,2,0,437.65,Suburban Branch,Amex,1,1,2,8,45.49,38540.71,605,0
7476,2024-06-02 13:29:30,13,6,1,212.81,Hospital,Amex,0,1,2,1,18.14,15735.72,288,0
7877,2024-12-02 08:44:26,8,0,0,252.27,Suburban Branch,MasterCard,0,1,2,7,16.26,14120.54,1182,0
6750,2024-03-14 18:14:38,18,3,0,69.51,Train Station,Amex,0,1,3,2,47.26,38728.46,2119,0
8556,2024-11-06 16:52:44,16,2,0,286.27,Suburban Branch,MasterCard,0,1,1,6,40.99,2482.86,1674,0
8123,2024-03-17 16:27:11,16,6,1,352.55,Shopping Mall,Amex,0,1,1,8,13.76,48621.77,1927,0
6991,2024-03-18 05:37:46,5,0,0,483.21,Shopping Mall,Visa,0,1,3,7,26.69,48569.19,1347,0
8267,2024-01-29 18:39:30,18,0,0,273.13,University Campus,MasterCard,0,1,3,2,4.65,25331.58,2945,0
8540,2024-03-08 23:24:46,23,4,0,462.11,Suburban Branch,Amex,1,1,3,4,21.32,16241.95,1371,0
3393,2024-02-06 05:06:07,5,1,0,265.6,Gas Station,RuPay,0,1,1,2,40.7,46124.11,2853,0
6326,2024-02-10 06:42:58,6,5,1,337.72,Train Station,MasterCard,1,1,3,2,1.5,20117.82,824,0
3529,2024-12-14 17:07:15,17,5,1,363.46,Downtown Branch,Visa,0,1,1,3,45.31,42203.93,248,0
4605,2024-12-28 02:39:57,2,5,1,247.38,Suburban Branch,Visa,0,1,1,2,14.59,34965.05,912,0
7024,2024-03-30 17:03:09,17,5,1,486.58,Hospital,Amex,0,1,2,2,39.76,12485.81,3454,0
6322,2024-04-10 01:45:29,1,2,0,394.73,Train Station,Amex,0,1,3,1,17.24,34291.08,2907,0
746,2024-10-04 00:26:37,0,4,0,48.08,Hotel Lobby,Visa,0,1,2,5,18.78,41404.3,525,0
711,2024-06-10 10:28:24,10,0,0,427.34,Remote Village,RuPay,0,1,2,1,24.37,24356.44,2450,0
380,2024-12-06 18:40:50,18,4,0,426.7,Suburban Branch,MasterCard,0,1,2,3,2.65,2924.58,1123,0
8783,2024-04-19 03:02:03,3,4,0,176.41,Suburban Branch,Visa,0,1,1,5,31.52,17743.11,748,0
3012,2024-03-07 21:58:44,21,3,0,367.28,Shopping Mall,MasterCard,0,1,2,5,0.48,35141.31,2416,0
8859,2024-11-05 07:24:25,7,1,0,84.85,Suburban Branch,Amex,0,1,2,6,6.73,14070.12,267,0
7153,2024-01-22 12:11:31,12,0,0,486.64,Hospital,MasterCard,0,1,2,4,3.36,8972.45,260,0
8567,2024-01-15 10:39:21,10,0,0,298.27,Remote Village,Visa,0,1,1,3,12.83,47107.25,1621,0
3498,2024-07-18 19:17:29,19,3,0,370.82,Train Station,RuPay,0,1,2,5,20.12,27621.29,523,0
3890,2024-03-26 01:33:46,1,1,0,222.42,Hospital,Amex,0,1,2,7,8.61,43359.84,3252,0
4485,2024-12-13 12:47:26,12,4,0,56.89,University Campus,MasterCard,0,1,1,5,18.28,26588.26,2505,0
4012,2024-12-02 15:15:58,15,0,0,62.25,University Campus,Amex,0,1,3,3,13.59,37319.42,2818,0
2620,2024-06-08 20:33:22,20,5,1,226.32,Downtown Branch,Visa,0,1,1,5,23.32,42787.81,2367,0
6671,2024-05-21 08:18:41,8,1,0,68.08,University Campus,RuPay,0,1,3,7,38.49,26066.78,3182,0
6513,2024-10-15 12:01:21,12,1,0,288.5,Airport Terminal,RuPay,0,1,2,7,5.73,14088.48,3312,0
3468,2024-11-07 01:35:39,1,3,0,437.05,Downtown Branch,MasterCard,0,1,2,6,17.16,24957.82,1551,0
1314,2024-05-25 13:32:39,13,5,1,329.12,Shopping Mall,RuPay,0,1,3,8,15.02,41661.11,3202,0
8606,2024-10-01 15:55:00,15,1,0,111.23,Suburban Branch,Amex,0,1,3,1,30.89,23409.16,228,0
2070,2024-01-08 17:41:48,17,0,0,206.69,Hotel Lobby,MasterCard,0,1,3,2,12.3,42500.25,1523,0
2983,2024-05-06 15:30:16,15,0,0,360.15,Suburban Branch,RuPay,0,1,1,3,16.93,3893.72,731,0
5915,2024-08-05 03:19:26,3,0,0,377.82,Hotel Lobby,Visa,0,1,2,8,16.53,47303.94,3137,0
9171,2024-07-27 04:56:50,4,5,1,465.92,Train Station,Amex,0,1,1,5,25.42,3621.69,2384,0
1286,2024-12-29 05:33:46,5,6,1,278.04,Airport Terminal,MasterCard,1,1,2,5,5.39,34183.3,2447,0
8991,2024-10-30 12:35:01,12,2,0,153.96,Hotel Lobby,RuPay,0,1,1,6,8.03,12493.43,1522,0
8430,2024-11-30 10:55:39,10,5,1,371.3,Gas Station,MasterCard,0,1,3,5,45.16,45666.97,1629,0
1350,2024-10-02 00:00:57,0,2,0,304.56,University Campus,MasterCard,0,1,2,1,15.67,44048.34,1603,0
2612,2024-06-28 00:40:59,0,4,0,241.54,Hospital,Visa,0,1,2,4,47.16,22280.36,1312,0
9495,2024-12-12 21:52:00,21,3,0,231.98,Train Station,MasterCard,0,1,2,4,49.84,22737.45,3592,0
3669,2024-10-01 01:04:42,1,1,0,24.09,Hospital,Visa,0,1,1,1,23.6,17477.72,1295,0
2222,2024-10-17 21:33:41,21,3,0,204.5,Gas Station,MasterCard,0,1,2,8,40.65,45370.08,54,0
428,2024-11-15 17:17:49,17,4,0,89.76,Hospital,RuPay,1,1,2,4,18.54,30490.54,2997,0
654,2024-12-03 11:06:26,11,1,0,166.36,Downtown Branch,RuPay,0,1,1,8,32.89,21181.4,2138,0
9914,2024-02-02 13:58:39,13,4,0,261.46,Hospital,Visa,1,1,4,26,1040.28,1333.15,272,1
3536,2024-05-04 05:17:54,5,5,1,66.01,Hospital,MasterCard,0,1,1,7,22.12,39007.71,728,0
7737,2024-02-15 03:16:15,3,3,0,56.27,Airport Terminal,MasterCard,0,1,2,6,4.58,32737.62,917,0
3246,2024-07-02 22:43:55,22,1,0,62.62,Train Station,MasterCard,1,1,1,2,31.29,28996.35,2418,0
4741,2024-10-22 00:55:11,0,1,0,187.15,Airport Terminal,MasterCard,0,1,2,4,12.16,31982.77,2102,0
9069,2024-08-09 00:19:09,0,4,0,425.85,Hospital,Visa,0,1,1,4,30.47,2651.78,913,0
4100,2024-05-25 19:40:12,19,5,1,489.8,University Campus,Visa,0,1,1,8,4.05,15153.31,3360,0
4101,2024-03-20 01:33:20,1,2,0,249.05,Gas Station,MasterCard,0,1,1,6,26.76,40723.66,2354,0
6960,2024-10-07 14:14:58,14,0,0,344.9,Hospital,MasterCard,0,1,3,5,13.61,3805.03,1832,0
612,2024-03-07 16:42:21,16,3,0,398.85,Hotel Lobby,MasterCard,0,0,1,3,17.66,22850.73,711,0
4289,2024-09-10 04:12:55,4,1,0,66.9,Suburban Branch,Visa,0,1,1,7,20.12,23723.59,3004,0
8571,2024-03-30 17:17:32,17,5,1,219.67,Airport Terminal,Visa,0,1,2,8,30.33,5404.45,3520,0
9713,2024-04-19 03:34:19,3,4,0,1789.59,Remote Village,MasterCard,4,0,14,16,467.77,158.18,173,1
1544,2024-05-17 17:49:14,17,4,0,474.15,Gas Station,Amex,0,1,1,3,20.16,11531.05,2797,0
9536,2024-02-15 04:21:33,4,3,0,2665.32,Airport Terminal,RuPay,4,1,7,25,1333.26,-472.97,41,1
3854,2024-10-14 04:04:07,4,0,0,74.39,Hotel Lobby,MasterCard,0,1,2,1,16.13,28407.03,2371,0
555,2024-02-22 17:31:18,17,3,0,60.64,Hospital,RuPay,0,1,3,7,31.16,22774.28,1767,0
6366,2024-09-06 18:02:52,18,4,0,385.9,Train Station,Amex,0,1,1,4,44.09,23666.44,1555,0
512,2024-03-14 17:32:00,17,3,0,159.77,Gas Station,MasterCard,0,1,2,8,8.32,14791.54,253,0
3207,2024-03-19 12:29:49,12,1,0,268.82,Downtown Branch,Amex,2,1,2,5,10.75,16139.46,3561,0
8085,2024-09-08 17:01:19,17,6,1,425.02,Downtown Branch,Amex,0,1,1,8,21.3,8307.76,2831,0
968,2024-11-17 18:38:41,18,6,1,44.76,Hospital,MasterCard,1,1,3,7,48.87,8768.49,1333,0
6044,2024-04-19 05:19:13,5,4,0,143.3,Hotel Lobby,RuPay,0,1,2,1,33.22,39889.05,3546,0
6880,2024-02-13 17:04:00,17,1,0,96.81,University Campus,RuPay,0,1,3,5,17.17,31618.49,2765,0
6776,2024-07-17 04:26:25,4,2,0,29.09,Train Station,RuPay,0,1,1,4,42.0,10040.84,1888,0
3296,2024-11-27 01:48:01,1,2,0,471.44,Hotel Lobby,Amex,0,1,2,7,9.0,716.26,2233,0
8702,2024-02-19 15:30:12,15,0,0,63.6,Downtown Branch,RuPay,1,1,3,3,2.74,23989.57,1468,0
3430,2024-08-09 10:58:23,10,4,0,218.49,University Campus,RuPay,0,1,2,8,47.3,5837.89,1507,0
8871,2024-11-06 15:27:52,15,2,0,440.64,Suburban Branch,Amex,0,1,3,8,31.94,14247.34,2893,0
6963,2024-03-15 04:51:27,4,4,0,185.31,Train Station,Amex,0,0,1,5,45.13,45576.35,248,0
2089,2024-10-29 23:43:51,23,1,0,197.85,Downtown Branch,Visa,0,1,1,3,23.71,28927.75,3070,0
8500,2024-07-19 14:02:51,14,4,0,395.78,Gas Station,RuPay,1,1,2,7,47.3,17649.68,1202,0
6163,2024-02-22 01:39:57,1,3,0,339.64,Remote Village,Visa,0,1,1,5,27.72,4593.92,104,0
3211,2024-12-24 05:46:07,5,1,0,65.53,Airport Terminal,Amex,0,1,2,8,12.68,29951.26,2439,0
9201,2024-08-02 19:09:26,19,4,0,463.09,University Campus,Visa,1,1,1,1,1.8,42334.23,2780,0
6606,2024-08-23 15:10:51,15,4,0,424.99,Train Station,MasterCard,0,1,2,8,10.17,12709.34,2354,0
1110,2024-01-23 21:17:41,21,1,0,388.36,Gas Station,Visa,0,1,1,1,16.07,28309.09,1695,0
5729,2024-03-24 09:13:00,9,6,1,385.24,Suburban Branch,MasterCard,0,1,1,4,47.87,8424.65,2181,0
7830,2024-12-20 06:50:59,6,4,0,45.8,Train Station,RuPay,0,0,2,2,33.63,30790.6,3320,0
1039,2024-05-26 15:45:24,15,6,1,83.94,Suburban Branch,MasterCard,0,1,2,8,21.88,14375.86,854,0
1195,2024-09-24 19:53:12,19,1,0,364.34,Remote Village,MasterCard,0,1,2,2,37.16,36693.53,290,0
4475,2024-05-15 08:45:13,8,2,0,299.13,Shopping Mall,MasterCard,0,1,3,5,16.39,35868.46,856,0
9875,2024-05-25 13:44:07,13,5,1,201.55,Shopping Mall,Visa,2,0,10,18,2440.24,-73.44,295,1
2123,2024-09-01 00:01:04,0,6,1,402.99,Suburban Branch,RuPay,0,1,3,3,36.8,48459.45,1269,0
4983,2024-02-26 17:45:20,17,0,0,28.52,Hospital,Amex,0,1,2,1,32.07,49802.32,3627,0
8974,2024-10-10 01:16:14,1,3,0,454.01,University Campus,RuPay,0,1,1,2,44.81,32610.27,1913,0
5701,2024-05-01 00:21:49,0,2,0,127.88,University Campus,MasterCard,0,1,2,2,35.76,32427.7,2090,0
935,2024-02-18 14:19:38,14,6,1,376.7,Downtown Branch,RuPay,0,1,1,2,40.83,23474.96,1312,0
6102,2024-07-15 16:13:15,16,0,0,291.87,Hotel Lobby,MasterCard,0,1,3,6,38.77,17968.23,3507,0
4690,2024-10-04 07:37:14,7,4,0,49.62,Airport Terminal,MasterCard,0,1,3,8,20.97,31183.16,1878,0
395,2024-06-07 07:24:46,7,4,0,206.26,Hospital,Visa,0,1,2,2,26.74,32107.0,2562,0
4686,2024-08-11 04:35:21,4,6,1,320.65,Train Station,MasterCard,0,1,2,1,18.34,17162.3,2674,0
8777,2024-07-17 19:26:04,19,2,0,487.22,University Campus,Visa,0,1,1,1,20.48,41428.97,386,0
9166,2024-12-30 17:05:13,17,0,0,208.83,Hotel Lobby,RuPay,1,1,2,1,16.56,37929.11,3096,0
5981,2024-01-24 12:17:04,12,2,0,425.68,Suburban Branch,Visa,0,1,3,6,18.17,2561.04,419,0
9943,2024-09-14 01:57:23,1,5,1,3718.7,Airport Terminal,MasterCard,3,1,13,12,1739.03,705.72,59,1
2192,2024-11-03 17:47:28,17,6,1,166.38,University Campus,RuPay,0,1,2,2,10.89,5998.62,866,0
1298,2024-06-07 22:03:07,22,4,0,351.34,Hospital,RuPay,0,1,1,8,12.67,620.44,2866,0
5045,2024-04-28 20:37:20,20,6,1,274.15,Hospital,Amex,0,1,1,1,42.9,46337.32,223,0
1163,2024-05-28 07:41:13,7,1,0,266.06,Hotel Lobby,Amex,0,1,3,5,21.13,1216.94,3088,0
4255,2024-05-13 10:04:40,10,0,0,77.59,Remote Village,Amex,2,1,2,8,23.66,17780.54,115,0
6373,2024-09-09 03:08:02,3,0,0,446.06,Hospital,Amex,1,1,1,1,28.99,38848.31,1446,0
1528,2024-04-10 20:11:24,20,2,0,145.35,Shopping Mall,Visa,0,1,2,4,6.99,39522.4,2892,0
4343,2024-12-04 16:24:41,16,2,0,314.55,Gas Station,Visa,0,1,1,4,22.44,8500.17,2319,0
2031,2024-06-22 01:56:17,1,5,1,59.59,Airport Terminal,Amex,0,1,3,6,34.72,16553.33,609,0
3061,2024-11-17 12:56:53,12,6,1,59.74,Shopping Mall,Visa,0,1,3,2,41.79,43278.7,1949,0
59,2024-07-15 11:53:46,11,0,0,330.82,Hospital,RuPay,0,1,1,7,48.04,31815.7,3424,0
2406,2024-03-27 01:40:41,1,2,0,335.44,Hotel Lobby,Amex,0,1,2,6,9.06,11189.83,368,0
5007,2024-05-23 22:37:53,22,3,0,29.15,Shopping Mall,Visa,0,1,2,4,34.61,18735.26,3144,0
6158,2024-12-04 08:40:02,8,2,0,241.73,Remote Village,RuPay,0,1,2,8,11.28,31002.19,3555,0
7376,2024-04-18 05:14:08,5,3,0,339.34,Airport Terminal,Visa,0,0,1,3,26.89,37414.59,719,0
4507,2024-12-23 01:09:27,1,0,0,493.65,Airport Terminal,MasterCard,1,0,2,2,8.59,16985.85,687,0
5215,2024-06-03 02:08:43,2,0,0,334.55,University Campus,Amex,0,0,1,2,48.83,47088.26,202,0
6030,2024-01-01 14:18:45,14,0,0,99.97,Suburban Branch,RuPay,0,1,1,4,28.91,28168.86,3573,0
1781,2024-03-19 22:33:09,22,1,0,351.21,Downtown Branch,Amex,0,1,1,1,43.91,21477.57,2104,0
5448,2024-08-13 09:07:55,9,1,0,336.13,Remote Village,MasterCard,0,1,1,2,7.06,10947.59,1391,0
4607,2024-08-27 17:55:20,17,1,0,367.7,Remote Village,Visa,0,1,2,8,43.99,19725.01,3046,0
6915,2024-07-14 04:47:56,4,6,1,440.89,Shopping Mall,Amex,2,1,1,2,5.51,21194.37,1801,0
677,2024-07-19 12:52:44,12,4,0,362.51,Shopping Mall,MasterCard,0,1,3,7,39.63,16038.02,1989,0
3583,2024-06-14 06:16:21,6,4,0,364.01,Hospital,Amex,1,1,2,8,45.36,19700.51,2021,0
3654,2024-01-01 08:57:35,8,0,0,240.8,Downtown Branch,MasterCard,0,1,3,6,24.52,14421.42,3560,0
7921,2024-03-10 00:40:52,0,6,1,50.69,Gas Station,RuPay,1,1,3,5,18.27,33074.55,1748,0
9500,2024-08-29 19:12:04,19,3,0,20.87,Hotel Lobby,Amex,0,1,2,2,12.21,34097.47,2669,0
2733,2024-02-14 18:42:17,18,2,0,382.91,Hospital,MasterCard,0,1,3,7,42.89,568.56,1176,0
4788,2024-01-11 13:41:50,13,3,0,55.24,Airport Terminal,Amex,0,0,3,6,33.93,15206.57,1292,0
2755,2024-11-07 05:57:02,5,3,0,95.6,Hotel Lobby,Amex,0,1,1,2,23.69,33360.0,1636,0
2338,2024-04-09 10:58:27,10,1,0,173.48,Shopping Mall,MasterCard,0,1,2,7,44.64,10369.75,3061,0
3644,2024-06-20 01:25:01,1,3,0,218.69,Suburban Branch,Visa,0,1,1,3,35.16,40267.33,1614,0
7738,2024-12-28 04:47:10,4,5,1,387.15,Shopping Mall,Amex,0,1,1,7,38.16,25595.77,969,0
5517,2024-06-11 07:33:30,7,1,0,241.77,Remote Village,Amex,0,1,2,8,23.31,32709.07,2114,0
5247,2024-05-15 00:43:44,0,2,0,290.7,Downtown Branch,RuPay,2,1,2,7,46.5,1502.02,1246,0
867,2024-01-25 19:53:10,19,3,0,269.07,Airport Terminal,Visa,0,1,1,2,9.03,29995.22,767,0
4448,2024-04-15 00:46:25,0,0,0,301.71,Downtown Branch,RuPay,0,1,1,7,9.19,45574.66,2146,0
5072,2024-02-03 12:39:09,12,5,1,262.9,Gas Station,RuPay,0,1,1,3,14.47,18519.57,559,0
4882,2024-01-24 23:22:21,23,2,0,407.26,Train Station,Amex,1,1,3,7,45.37,24112.31,772,0
9511,2024-09-07 12:33:25,12,5,1,228.52,Airport Terminal,Visa,2,0,14,9,2244.08,1992.61,136,1
3003,2024-07-29 00:58:35,0,0,0,343.36,Hotel Lobby,RuPay,1,1,1,8,14.01,40425.01,1365,0
2226,2024-05-21 16:31:20,16,1,0,84.92,Hotel Lobby,Amex,0,1,1,8,37.85,28464.34,2881,0
9057,2024-10-18 17:06:20,17,4,0,492.47,Downtown Branch,Visa,0,1,3,6,44.76,12252.49,1513,0
4827,2024-01-05 20:03:41,20,4,0,341.2,Airport Terminal,RuPay,1,1,3,8,38.59,20871.36,1036,0
7622,2024-11-03 08:36:19,8,6,1,89.6,University Campus,Visa,0,1,3,5,25.3,32554.92,3199,0
9690,2024-03-11 13:35:05,13,0,0,130.57,Shopping Mall,Amex,1,0,9,20,1134.72,831.38,2,1
5501,2024-01-25 17:11:07,17,3,0,73.92,Hotel Lobby,Amex,0,1,2,8,22.98,14784.87,1044,0
9701,2024-03-28 05:23:35,5,3,0,357.8,Hospital,RuPay,1,1,15,20,1636.31,866.8,145,1
8479,2024-06-28 17:50:49,17,4,0,151.58,Train Station,Amex,0,1,3,7,12.96,6499.16,3069,0
5503,2024-07-08 14:21:41,14,0,0,321.38,Suburban Branch,MasterCard,0,1,1,3,48.85,49209.06,2387,0
1211,2024-12-05 09:48:36,9,3,0,92.2,University Campus,Amex,0,1,2,4,16.39,27374.6,2736,0
9084,2024-04-20 03:58:50,3,5,1,152.82,Shopping Mall,MasterCard,0,1,2,8,36.33,27022.79,361,0
2289,2024-09-20 19:37:29,19,4,0,417.21,Hospital,RuPay,0,1,2,8,2.78,44439.74,1179,0
2184,2024-08-22 16:39:41,16,3,0,392.22,Hospital,RuPay,2,1,1,3,18.64,15589.56,3374,0
2863,2024-07-04 15:56:51,15,3,0,81.37,University Campus,MasterCard,0,1,2,5,26.46,24740.13,1939,0
6862,2024-02-13 17:03:17,17,1,0,311.97,Suburban Branch,Amex,0,1,1,3,23.14,19062.67,3173,0
2363,2024-04-15 16:51:29,16,0,0,486.59,Hospital,Visa,0,1,3,4,47.85,13754.24,3284,0
8464,2024-06-08 01:36:05,1,5,1,124.44,Hotel Lobby,RuPay,0,1,3,5,46.89,14173.95,3362,0
6333,2024-04-17 08:32:56,8,2,0,233.94,Shopping Mall,RuPay,2,1,1,3,13.63,34969.07,3125,0
4065,2024-08-08 09:41:28,9,3,0,259.62,Hotel Lobby,RuPay,0,1,2,1,27.83,20134.53,3052,0
9547,2024-06-07 03:24:34,3,4,0,464.49,Gas Station,RuPay,1,1,5,22,1644.67,-401.17,54,1
618,2024-06-22 04:46:00,4,5,1,191.55,Remote Village,Visa,0,1,3,4,39.06,38378.05,831,0
3282,2024-11-10 15:32:43,15,6,1,106.51,University Campus,Amex,0,1,1,4,0.83,43265.44,1146,0
5227,2024-12-10 16:10:58,16,1,0,253.62,Gas Station,RuPay,0,1,2,6,33.84,22005.53,1552,0
3398,2024-02-09 19:00:12,19,4,0,138.97,Remote Village,Amex,0,1,1,6,43.56,8909.16,2794,0
3066,2024-09-02 15:32:30,15,0,0,90.58,Hotel Lobby,Visa,0,1,1,2,37.55,36380.98,2302,0
767,2024-10-23 17:54:53,17,2,0,65.92,Airport Terminal,Visa,0,1,1,1,18.87,44515.18,2870,0
7079,2024-03-26 19:05:45,19,1,0,450.1,Shopping Mall,MasterCard,0,1,1,4,27.63,35387.1,778,0
5280,2024-03-27 16:24:22,16,2,0,250.82,Shopping Mall,Visa,0,1,1,4,36.03,13501.69,211,0
4150,2024-01-09 11:02:02,11,1,0,35.45,Suburban Branch,Amex,0,1,1,3,28.95,12456.76,1583,0
1145,2024-10-23 09:17:16,9,2,0,468.68,Airport Terminal,Amex,1,1,2,7,29.65,8284.9,711,0
4249,2024-04-02 18:19:59,18,1,0,133.52,Hospital,Visa,0,1,3,6,24.03,10110.57,2508,0
4111,2024-01-12 11:21:24,11,4,0,64.82,Remote Village,Amex,0,1,2,8,25.0,31582.14,1941,0
463,2024-03-31 09:57:04,9,6,1,63.29,University Campus,Visa,0,1,2,8,49.9,23237.85,3271,0
2933,2024-06-16 15:25:05,15,6,1,328.79,Downtown Branch,MasterCard,1,1,1,6,33.91,8714.91,258,0
4624,2024-07-14 04:56:22,4,6,1,250.46,Airport Terminal,MasterCard,1,1,1,4,25.58,36192.45,2549,0
3814,2024-05-07 04:57:21,4,1,0,131.37,Hotel Lobby,MasterCard,0,1,3,8,24.89,10712.53,2988,0
6309,2024-01-12 03:01:31,3,4,0,119.48,Shopping Mall,MasterCard,0,1,1,6,36.52,37316.72,1154,0
4342,2024-01-25 18:08:06,18,3,0,49.24,Train Station,Visa,0,1,1,8,13.86,2835.17,1330,0
5301,2024-05-29 22:49:29,22,2,0,337.83,Train Station,Visa,0,1,1,2,0.34,14296.06,744,0
6805,2024-05-11 12:50:34,12,5,1,481.69,Gas Station,MasterCard,0,1,3,6,44.19,9938.84,2039,0
3283,2024-10-12 02:05:02,2,5,1,299.73,Airport Terminal,Amex,0,1,2,6,23.65,2897.65,1841,0
2575,2024-07-21 11:01:16,11,6,1,337.51,Remote Village,RuPay,0,1,3,7,34.79,15362.11,3642,0
7962,2024-06-10 15:28:22,15,0,0,280.37,Airport Terminal,Visa,1,1,3,3,29.72,45530.0,1433,0
7880,2024-11-10 04:25:47,4,6,1,164.09,Downtown Branch,Visa,0,1,1,7,13.39,1397.44,2985,0
829,2024-01-05 23:37:26,23,4,0,433.59,Hotel Lobby,Amex,0,1,2,7,48.52,18719.93,2035,0
6487,2024-12-28 14:16:07,14,5,1,232.77,Remote Village,MasterCard,0,1,3,5,42.41,37241.01,812,0
7600,2024-05-28 01:30:17,1,1,0,98.79,Downtown Branch,MasterCard,0,1,1,1,15.4,17609.29,2689,0
2541,2024-02-27 19:49:22,19,1,0,21.4,Suburban Branch,Visa,0,1,1,3,1.58,27553.65,836,0
5747,2024-04-18 14:20:28,14,3,0,248.22,University Campus,Amex,0,1,3,6,43.39,8274.95,460,0
8527,2024-07-18 15:46:19,15,3,0,267.48,Hotel Lobby,MasterCard,0,1,2,2,47.98,26990.21,2276,0
9567,2024-01-19 20:45:07,20,4,0,119.37,Shopping Mall,Visa,1,1,6,22,2302.07,630.47,275,1
3743,2024-03-09 12:46:21,12,5,1,371.83,Hotel Lobby,Amex,0,1,2,3,22.67,10386.01,1125,0
7499,2024-10-15 00:07:06,0,1,0,322.11,Shopping Mall,Amex,0,1,1,4,34.16,24997.21,1442,0
3525,2024-08-29 17:25:22,17,3,0,186.89,University Campus,Visa,0,1,2,8,31.78,20002.76,2386,0
21,2024-06-12 20:13:18,20,2,0,108.07,Airport Terminal,Visa,0,1,3,2,2.53,49964.2,3454,0
1916,2024-09-04 16:46:54,16,2,0,212.83,Hospital,Amex,1,1,3,2,29.79,36238.6,921,0
6572,2024-03-08 19:58:23,19,4,0,319.85,Shopping Mall,Visa,0,0,2,7,4.7,34236.27,427,0
9019,2024-02-25 01:45:15,1,6,1,267.12,Gas Station,MasterCard,0,1,3,2,47.0,10381.34,3592,0
2013,2024-03-12 07:54:06,7,1,0,193.06,Hospital,Visa,0,1,2,3,10.73,29426.89,3123,0
5406,2024-11-03 22:58:32,22,6,1,485.54,Hotel Lobby,Visa,0,1,2,3,41.25,46029.13,3643,0
1296,2024-12-24 23:12:52,23,1,0,159.41,Hotel Lobby,MasterCard,1,0,2,4,18.59,41905.59,213,0
3746,2024-09-15 23:15:34,23,6,1,252.47,Downtown Branch,Amex,0,1,2,4,48.7,37268.32,615,0
592,2024-04-07 15:02:52,15,6,1,180.46,Train Station,Visa,0,1,3,1,46.24,8876.79,3247,0
1407,2024-10-30 04:01:03,4,2,0,209.42,Hotel Lobby,RuPay,0,1,3,4,37.43,6453.58,2548,0
222,2024-01-27 09:30:25,9,5,1,359.44,Suburban Branch,RuPay,0,1,1,8,32.96,885.02,2209,0
5618,2024-12-28 02:36:28,2,5,1,184.17,Train Station,RuPay,0,1,2,5,37.56,24191.41,2691,0
6249,2024-08-11 01:27:14,1,6,1,107.81,Downtown Branch,Amex,1,1,1,3,27.16,17297.27,214,0
4419,2024-02-09 15:26:14,15,4,0,433.54,Suburban Branch,Visa,0,1,3,8,19.67,20181.11,1119,0
859,2024-09-29 06:48:23,6,6,1,431.0,Shopping Mall,MasterCard,0,1,3,1,42.49,35508.42,1904,0
1784,2024-06-07 06:42:26,6,4,0,482.6,Remote Village,Visa,0,1,1,7,28.56,47150.94,3406,0
7260,2024-09-13 18:35:23,18,4,0,377.46,Suburban Branch,MasterCard,0,1,3,8,3.98,19758.8,987,0
6857,2024-01-04 10:52:17,10,3,0,274.35,Hotel Lobby,Visa,0,1,3,3,43.25,22502.17,2309,0
1955,2024-10-26 23:17:53,23,5,1,149.94,University Campus,MasterCard,0,1,3,6,35.62,16129.32,1360,0
1747,2024-07-24 00:53:32,0,2,0,132.36,Suburban Branch,RuPay,0,1,3,2,23.62,49750.82,2735,0
3133,2024-01-15 19:30:01,19,0,0,406.13,University Campus,Visa,0,1,3,6,13.18,28345.35,1473,0
8037,2024-04-03 13:40:24,13,2,0,400.43,Hospital,Visa,1,1,1,3,27.83,31136.09,1707,0
8851,2024-10-20 12:04:26,12,6,1,181.26,Gas Station,MasterCard,0,1,1,2,2.53,8086.2,1673,0
995,2024-03-28 16:53:34,16,3,0,64.06,Airport Terminal,Visa,0,1,1,4,34.75,3849.71,2055,0
6109,2024-04-19 18:37:33,18,4,0,411.96,Downtown Branch,Visa,0,1,2,4,47.79,25874.07,2765,0
731,2024-05-16 01:22:43,1,3,0,163.62,Remote Village,MasterCard,0,1,3,7,25.98,12456.9,1372,0
6975,2024-02-28 18:47:30,18,2,0,301.29,Hospital,MasterCard,1,1,1,3,25.93,44923.6,2739,0
6274,2024-10-14 04:02:25,4,0,0,471.56,Train Station,MasterCard,0,1,2,8,19.16,34205.14,1536,0
6752,2024-08-31 18:49:20,18,5,1,235.04,Hospital,RuPay,0,1,3,7,35.38,17051.44,2282,0
3510,2024-10-18 20:42:52,20,4,0,259.44,Remote Village,RuPay,0,1,2,3,15.54,20022.01,1636,0
3534,2024-03-05 07:43:49,7,1,0,273.98,University Campus,Visa,1,1,2,8,33.98,5165.55,3132,0
2514,2024-03-22 10:42:39,10,4,0,184.84,Shopping Mall,MasterCard,1,1,3,5,38.59,34364.56,2833,0
5437,2024-08-01 05:05:54,5,3,0,467.66,Remote Village,RuPay,0,1,3,4,44.17,36195.43,83,0
3626,2024-10-14 04:52:47,4,0,0,115.13,University Campus,RuPay,0,1,1,8,31.35,13067.55,869,0
466,2024-07-21 09:22:07,9,6,1,339.68,Hospital,Visa,0,1,2,6,7.93,36439.03,3080,0
6756,2024-06-24 11:20:05,11,0,0,354.1,Remote Village,MasterCard,0,1,3,5,36.48,44583.25,1546,0
6760,2024-09-18 20:35:55,20,2,0,407.58,Train Station,MasterCard,0,1,2,7,44.52,25743.63,484,0
7992,2024-04-14 12:15:17,12,6,1,443.77,Hotel Lobby,RuPay,0,1,3,8,43.51,31667.17,2237,0
158,2024-01-30 03:26:03,3,1,0,342.17,Suburban Branch,RuPay,0,1,3,3,47.64,7224.7,2518,0
3961,2024-11-04 19:27:15,19,0,0,290.48,Airport Terminal,RuPay,0,1,1,6,31.07,27894.74,2882,0
8833,2024-05-03 01:06:23,1,4,0,397.48,Airport Terminal,Amex,0,1,2,2,45.7,43548.97,1726,0
5471,2024-09-08 05:59:43,5,6,1,237.61,Gas Station,Amex,0,1,1,6,34.33,28476.33,425,0
186,2024-08-24 22:19:33,22,5,1,252.41,Gas Station,RuPay,1,1,1,5,38.56,35274.56,2857,0
1003,2024-04-16 23:28:06,23,1,0,128.7,Hospital,RuPay,0,1,1,4,36.7,43988.43,1128,0
9509,2024-07-06 16:19:10,16,5,1,147.56,Remote Village,RuPay,1,0,3,18,887.57,1103.45,97,1
5624,2024-06-06 12:18:48,12,3,0,231.23,Shopping Mall,Amex,0,1,1,4,0.74,10508.95,1163,0
401,2024-09-17 13:58:02,13,1,0,403.84,Suburban Branch,MasterCard,1,1,3,2,14.53,3461.4,432,0
6241,2024-07-07 13:18:17,13,6,1,215.15,Airport Terminal,Visa,0,1,3,2,5.4,13890.27,886,0
8941,2024-11-21 20:25:57,20,3,0,161.97,Downtown Branch,RuPay,0,1,2,1,24.43,9107.46,2679,0
9933,2024-06-08 04:27:46,4,5,1,1320.94,Airport Terminal,MasterCard,5,1,11,27,2712.38,899.68,333,1
7343,2024-02-18 06:00:52,6,6,1,280.45,Remote Village,RuPay,0,0,3,2,0.5,5543.89,728,0
9833,2024-02-13 23:41:14,23,1,0,239.42,Gas Station,MasterCard,2,0,9,12,799.87,-339.84,77,1
8467,2024-02-02 00:41:15,0,4,0,389.18,Train Station,Amex,0,1,2,6,12.46,47342.73,2951,0
8757,2024-06-08 13:53:56,13,5,1,485.31,University Campus,RuPay,0,1,1,4,31.97,38575.18,2580,0
7959,2024-07-08 13:31:52,13,0,0,74.12,Gas Station,Amex,0,1,3,6,19.13,14776.52,662,0
1251,2024-01-05 04:22:28,4,4,0,325.64,Suburban Branch,Visa,0,1,3,8,11.61,21969.77,3397,0
3144,2024-11-18 18:48:28,18,0,0,36.25,Suburban Branch,Amex,0,1,2,7,43.93,22685.55,472,0
7431,2024-01-25 03:49:14,3,3,0,477.75,Remote Village,Visa,0,1,2,8,44.15,37523.07,2514,0
60,2024-10-01 16:35:39,16,1,0,93.44,Suburban Branch,Amex,0,0,2,8,23.24,41304.16,2456,0
7856,2024-01-04 02:47:48,2,3,0,154.65,Suburban Branch,Amex,1,1,2,3,49.31,2157.71,1384,0
1114,2024-01-04 14:17:44,14,3,0,162.44,Gas Station,MasterCard,0,1,3,5,26.12,30793.51,1552,0
3058,2024-08-05 06:19:58,6,0,0,155.28,Gas Station,MasterCard,0,1,3,4,15.67,17595.17,643,0
9570,2024-02-02 05:10:26,5,4,0,471.46,Hotel Lobby,MasterCard,2,0,6,15,1308.92,-195.74,30,1
1329,2024-05-10 08:20:38,8,4,0,196.06,Hospital,MasterCard,0,1,2,3,47.15,35983.94,2292,0
4996,2024-09-14 06:21:53,6,5,1,435.85,Remote Village,Visa,1,1,1,7,34.95,48693.72,1336,0
6683,2024-06-20 18:07:16,18,3,0,99.32,Hotel Lobby,Amex,0,1,1,4,15.23,21278.24,1176,0
2073,2024-08-28 18:50:41,18,2,0,278.33,Shopping Mall,RuPay,0,1,2,2,11.02,609.92,468,0
4794,2024-10-26 02:04:50,2,5,1,464.94,University Campus,RuPay,0,1,1,3,7.92,5263.41,1615,0
6830,2024-08-21 14:36:04,14,2,0,191.9,Remote Village,Amex,0,1,3,8,14.1,6775.15,864,0
9630,2024-04-10 17:42:22,17,2,0,171.91,Hotel Lobby,MasterCard,3,1,4,23,4988.82,308.51,241,1
8219,2024-06-25 16:09:58,16,1,0,459.44,University Campus,MasterCard,0,1,2,2,31.0,2125.88,1055,0
7568,2024-06-29 18:36:30,18,5,1,261.8,Hospital,Amex,0,1,1,2,43.64,45268.7,751,0
5923,2024-10-26 04:33:49,4,5,1,273.94,Hotel Lobby,Amex,0,1,3,4,8.09,13734.51,883,0
1551,2024-03-25 04:33:25,4,0,0,84.66,University Campus,RuPay,0,1,2,1,36.17,47814.91,3102,0
1010,2024-02-13 19:00:33,19,1,0,149.57,Downtown Branch,Visa,0,1,2,4,32.97,7167.49,2069,0
3756,2024-01-13 17:51:12,17,5,1,338.3,Airport Terminal,Visa,0,1,1,8,11.32,43270.36,663,0
8682,2024-06-09 13:08:54,13,6,1,347.62,Suburban Branch,Visa,0,1,3,1,5.45,32282.95,1991,0
9343,2024-06-02 09:35:09,9,6,1,105.39,Downtown Branch,Visa,0,0,3,7,22.48,34106.56,1390,0
8010,2024-12-16 04:12:50,4,0,0,214.86,Hotel Lobby,MasterCard,0,1,1,1,31.02,940.74,75,0
3861,2024-07-14 10:34:53,10,6,1,409.0,Downtown Branch,RuPay,1,1,1,5,13.87,18253.61,219,0
3149,2024-09-21 10:34:39,10,5,1,424.56,Train Station,MasterCard,0,1,3,3,34.46,15256.47,3127,0
2520,2024-09-24 10:34:09,10,1,0,237.8,Hospital,Amex,0,1,1,2,20.79,10069.84,1841,0
3128,2024-08-13 13:32:01,13,1,0,365.91,Hospital,RuPay,0,1,1,2,39.54,40818.11,1426,0
9085,2024-04-25 12:44:18,12,3,0,213.29,Shopping Mall,MasterCard,0,1,2,6,30.12,35123.55,2471,0
5317,2024-06-27 14:40:01,14,3,0,497.6,Shopping Mall,MasterCard,1,1,1,1,31.91,25746.38,1827,0
1196,2024-07-21 22:35:26,22,6,1,165.33,University Campus,Visa,0,1,3,8,23.21,26892.99,3230,0
9051,2024-02-15 02:10:09,2,3,0,140.0,Airport Terminal,Visa,0,1,2,5,44.13,5078.65,1954,0
880,2024-12-22 16:29:47,16,6,1,368.2,University Campus,RuPay,2,1,2,8,9.16,49313.69,3300,0
6990,2024-09-01 16:08:30,16,6,1,330.89,Shopping Mall,MasterCard,0,1,1,5,44.43,25946.36,2536,0
2488,2024-01-10 13:03:13,13,2,0,62.14,Shopping Mall,RuPay,0,1,2,3,29.61,9285.36,1800,0
2841,2024-03-05 08:50:32,8,1,0,174.62,Hospital,RuPay,0,1,1,1,14.04,14600.59,2164,0
4330,2024-12-02 13:06:00,13,0,0,236.09,Shopping Mall,Amex,0,1,3,4,43.96,30072.96,2847,0
2931,2024-09-26 15:10:01,15,3,0,376.08,Remote Village,Visa,0,1,3,3,47.4,21262.03,2335,0
6425,2024-01-05 03:26:44,3,4,0,252.42,University Campus,MasterCard,0,1,1,7,26.9,41343.58,365,0
2486,2024-07-03 05:27:23,5,2,0,499.38,Hotel Lobby,Visa,0,1,3,2,20.28,24342.51,1991,0
5748,2024-04-23 00:50:23,0,1,0,91.79,Shopping Mall,MasterCard,0,1,2,2,47.74,26975.38,3419,0
884,2024-06-06 11:16:04,11,3,0,26.67,Downtown Branch,Visa,0,1,3,6,12.21,36975.26,3402,0
4915,2024-03-31 18:03:43,18,6,1,204.68,Remote Village,Amex,0,1,1,3,49.16,10832.43,1049,0
6211,2024-06-20 17:34:47,17,3,0,55.57,Hospital,MasterCard,0,1,1,3,36.2,16644.52,1137,0
9579,2024-12-29 12:18:02,12,6,1,188.02,University Campus,Amex,2,0,7,10,3872.5,1818.77,76,1
212,2024-02-27 22:48:32,22,1,0,163.95,Suburban Branch,Visa,0,1,1,5,42.88,7303.15,1926,0
2276,2024-02-12 12:45:43,12,0,0,120.68,Gas Station,RuPay,0,1,2,6,45.72,23255.53,1479,0
2329,2024-02-27 19:04:26,19,1,0,191.65,Remote Village,MasterCard,0,1,3,8,29.48,15909.08,290,0
4951,2024-12-03 00:38:19,0,1,0,68.13,Hospital,RuPay,0,1,1,6,11.08,39284.6,1022,0
3320,2024-03-29 11:31:20,11,4,0,391.53,Gas Station,MasterCard,0,1,1,1,39.29,3466.2,1258,0
9835,2024-02-15 01:36:11,1,3,0,3480.04,Airport Terminal,Visa,3,1,12,29,3981.79,-344.89,15,1
4608,2024-07-14 00:55:17,0,6,1,86.54,Remote Village,RuPay,0,0,3,3,6.3,24752.36,2701,0
1439,2024-07-14 09:43:17,9,6,1,431.8,Downtown Branch,RuPay,0,1,3,6,42.1,5865.26,1719,0
468,2024-01-06 20:26:28,20,5,1,100.33,Airport Terminal,RuPay,0,1,1,1,48.44,29095.74,2859,0
5467,2024-05-26 18:23:33,18,6,1,162.34,Airport Terminal,MasterCard,0,1,2,6,29.38,18639.17,3629,0
3330,2024-10-14 11:16:58,11,0,0,105.11,Shopping Mall,Visa,1,1,1,8,16.9,3462.01,2137,0
5829,2024-08-27 20:47:40,20,1,0,192.09,Hospital,Visa,0,1,2,2,9.98,48339.0,2604,0
8608,2024-05-08 01:09:03,1,2,0,309.65,Hospital,RuPay,1,1,3,4,2.28,33549.29,473,0
697,2024-04-09 02:17:59,2,1,0,105.45,Hospital,MasterCard,1,1,1,3,19.43,20179.57,2680,0
7268,2024-01-01 20:50:54,20,0,0,311.01,Hotel Lobby,Visa,1,1,1,7,23.19,2461.28,3319,0
9145,2024-11-16 03:02:49,3,5,1,203.13,Train Station,RuPay,0,1,3,8,10.3,33901.62,856,0
8181,2024-01-24 02:13:53,2,2,0,88.77,Airport Terminal,RuPay,0,1,3,5,30.93,37303.78,2473,0
9939,2024-03-05 00:24:35,0,1,0,366.77,Hospital,RuPay,0,1,5,10,1199.97,1426.83,306,1
1315,2024-01-20 18:17:21,18,5,1,115.72,Shopping Mall,MasterCard,0,1,3,7,9.02,22204.72,2872,0
2302,2024-07-19 14:51:31,14,4,0,151.45,Gas Station,Amex,0,1,2,4,5.23,3909.86,291,0
2040,2024-01-24 14:59:51,14,2,0,243.03,Downtown Branch,MasterCard,0,1,2,1,2.69,6476.56,1022,0
7109,2024-03-17 21:23:15,21,6,1,259.76,Hospital,Visa,0,1,2,2,1.06,35530.66,2878,0
3667,2024-01-07 11:36:35,11,6,1,330.88,Train Station,MasterCard,0,1,3,8,14.34,33489.14,2702,0
915,2024-03-14 08:18:07,8,3,0,293.44,Shopping Mall,MasterCard,1,1,1,5,8.15,8968.94,1644,0
13,2024-12-04 01:49:16,1,2,0,320.14,Suburban Branch,Visa,0,1,1,6,38.13,27015.01,3219,0
8584,2024-06-24 21:55:43,21,0,0,206.25,Downtown Branch,Amex,1,1,2,5,1.68,25816.0,417,0
6428,2024-02-24 15:18:03,15,5,1,196.34,Hospital,RuPay,0,1,2,4,21.19,46914.75,2138,0
1537,2024-05-22 05:19:50,5,2,0,168.86,Remote Village,MasterCard,0,1,1,1,31.25,2746.53,881,0
737,2024-10-31 09:28:32,9,3,0,303.02,Gas Station,Amex,0,1,1,3,40.96,24490.8,531,0
8202,2024-11-22 10:39:14,10,4,0,159.05,Suburban Branch,Visa,0,1,3,4,11.98,17519.61,2995,0
8653,2024-07-26 16:53:59,16,4,0,94.98,Remote Village,Visa,0,1,1,8,49.17,24744.43,3445,0
454,2024-08-28 01:07:47,1,2,0,94.53,Hospital,MasterCard,0,1,1,5,22.16,6407.94,2187,0
4346,2024-05-05 04:08:16,4,6,1,208.97,Remote Village,MasterCard,1,1,2,5,38.66,40514.51,3366,0
928,2024-09-30 01:18:16,1,0,0,61.88,University Campus,Visa,0,0,1,6,27.92,47885.03,481,0
6292,2024-04-22 21:56:28,21,0,0,396.84,Suburban Branch,RuPay,0,1,1,6,42.25,23975.85,1103,0
8282,2024-07-05 15:23:32,15,4,0,420.38,Airport Terminal,MasterCard,0,1,1,2,21.41,32576.48,204,0
8723,2024-06-10 12:27:15,12,0,0,450.88,Suburban Branch,RuPay,0,1,2,1,22.1,47048.28,2452,0
6474,2024-11-13 13:00:51,13,2,0,32.74,Shopping Mall,Amex,0,1,2,8,21.94,18450.57,369,0
38,2024-01-15 20:34:58,20,0,0,72.03,Hotel Lobby,Visa,0,1,3,2,19.26,28871.74,1073,0
5771,2024-06-08 03:30:36,3,5,1,279.5,Airport Terminal,RuPay,0,1,1,1,46.23,45889.13,2360,0
2555,2024-05-26 10:53:53,10,6,1,278.55,Remote Village,MasterCard,0,1,2,1,10.82,27605.2,3222,0
7633,2024-09-25 15:27:49,15,2,0,118.33,Suburban Branch,Amex,1,1,2,2,22.74,36745.22,1311,0
9999,2024-05-19 03:12:21,3,6,1,1913.01,Remote Village,Visa,5,1,15,29,2872.16,-448.43,337,1
6621,2024-12-02 02:54:29,2,0,0,304.95,Downtown Branch,RuPay,0,0,3,7,41.89,34140.57,632,0
941,2024-04-22 16:06:31,16,0,0,97.39,Airport Terminal,MasterCard,0,1,1,4,44.22,40393.05,2709,0
7399,2024-11-22 15:20:48,15,4,0,85.26,University Campus,Visa,0,0,2,1,47.99,46477.78,1474,0
6129,2024-08-27 12:54:25,12,1,0,124.48,Suburban Branch,MasterCard,0,1,2,5,12.52,32585.85,283,0
9830,2024-12-23 03:54:15,3,0,0,3957.24,Airport Terminal,Amex,3,1,15,24,1218.52,1587.0,256,1
2681,2024-05-04 15:46:19,15,5,1,366.87,University Campus,MasterCard,0,1,1,8,22.7,43750.12,2278,0
4355,2024-12-26 08:12:27,8,3,0,170.37,Suburban Branch,Visa,0,1,3,3,23.11,25911.75,3493,0
3059,2024-09-05 12:21:47,12,3,0,122.37,Suburban Branch,Visa,0,1,3,6,42.97,32955.9,2380,0
7881,2024-08-28 16:43:14,16,2,0,330.37,Train Station,Visa,0,1,1,7,21.62,11510.18,1245,0
739,2024-10-22 21:54:00,21,1,0,86.49,Train Station,RuPay,0,1,1,6,4.47,31276.04,2584,0
539,2024-02-24 23:24:18,23,5,1,472.77,Remote Village,Visa,0,1,1,5,30.66,17003.07,1847,0
3326,2024-12-20 04:45:36,4,4,0,105.38,University Campus,MasterCard,0,1,2,7,31.15,34818.75,620,0
4240,2024-01-04 18:15:41,18,3,0,295.9,Downtown Branch,Amex,0,1,1,8,30.1,41961.69,3133,0
1401,2024-02-16 23:54:11,23,4,0,31.57,Shopping Mall,MasterCard,0,1,2,6,27.87,23946.2,3265,0
4047,2024-12-23 00:42:58,0,0,0,315.96,Downtown Branch,RuPay,0,1,3,3,29.84,43323.38,3283,0
5138,2024-03-17 02:42:59,2,6,1,432.26,Hospital,MasterCard,0,1,1,7,15.31,44095.22,2921,0
4230,2024-10-23 03:15:49,3,2,0,34.91,Downtown Branch,Visa,0,1,2,3,45.7,10296.45,1669,0
4192,2024-08-09 07:40:14,7,4,0,362.25,Hotel Lobby,MasterCard,0,1,2,6,0.8,40639.39,826,0
9143,2024-12-24 22:25:21,22,1,0,412.47,Train Station,Amex,0,1,1,4,21.85,19614.14,3335,0
5539,2024-09-26 12:38:23,12,3,0,141.05,Airport Terminal,RuPay,1,1,2,6,43.23,27485.04,2929,0
2693,2024-02-28 21:28:04,21,2,0,134.14,Hotel Lobby,Amex,0,0,2,1,41.7,33740.14,2414,0
5341,2024-10-17 00:34:08,0,3,0,396.97,Remote Village,MasterCard,0,1,2,2,7.0,38488.11,3195,0
9918,2024-12-29 04:17:42,4,6,1,269.91,Hospital,Amex,2,0,8,21,4761.29,1457.44,83,1
7671,2024-06-01 18:56:44,18,5,1,38.75,Suburban Branch,RuPay,0,1,2,1,10.43,43637.84,1177,0
9174,2024-07-07 18:08:05,18,6,1,134.74,University Campus,Visa,0,1,3,8,32.43,42899.68,3147,0
1808,2024-02-21 06:30:28,6,2,0,388.59,Shopping Mall,Visa,0,0,1,7,34.13,40666.44,3070,0
5112,2024-01-05 20:03:00,20,4,0,251.22,Train Station,Visa,0,1,2,4,33.39,47539.93,2362,0
3990,2024-05-10 20:41:21,20,4,0,376.91,University Campus,MasterCard,0,1,3,2,42.05,12856.12,263,0
3456,2024-03-08 05:36:15,5,4,0,220.77,Remote Village,MasterCard,0,1,3,3,6.82,35716.48,2390,0
2908,2024-08-12 04:58:33,4,0,0,444.25,Shopping Mall,MasterCard,0,1,3,6,34.8,46758.56,3237,0
6652,2024-12-26 14:41:49,14,3,0,315.14,Hospital,Visa,0,1,3,8,23.34,34244.37,1861,0
8288,2024-03-20 00:40:26,0,2,0,485.79,Shopping Mall,Amex,0,1,1,2,17.52,34584.07,3566,0
6245,2024-01-20 22:49:43,22,5,1,376.77,Hospital,RuPay,0,1,3,8,30.94,4819.72,3150,0
2698,2024-07-12 21:56:28,21,4,0,470.64,Hospital,Visa,0,1,2,1,9.55,41249.82,442,0
4017,2024-12-25 07:47:56,7,2,0,118.77,Hotel Lobby,RuPay,0,1,1,6,5.58,5070.83,2233,0
4340,2024-02-17 11:00:16,11,5,1,278.83,Remote Village,Amex,0,1,3,5,30.5,34381.24,3265,0
4646,2024-04-17 05:54:09,5,2,0,267.06,Airport Terminal,Visa,0,1,3,3,34.1,33305.52,2103,0
7740,2024-12-10 20:05:45,20,1,0,172.07,Train Station,Amex,0,1,1,4,40.1,25102.11,403,0
7092,2024-01-27 18:44:11,18,5,1,314.9,Remote Village,MasterCard,0,1,3,2,35.34,25496.43,1221,0
4693,2024-09-18 09:03:47,9,2,0,365.99,Suburban Branch,Amex,2,1,2,6,6.33,19906.31,2407,0
1740,2024-09-05 23:58:54,23,3,0,472.83,Downtown Branch,MasterCard,0,1,2,7,39.15,38345.07,2284,0
5407,2024-02-01 22:27:51,22,3,0,342.33,Suburban Branch,MasterCard,2,1,1,3,32.18,45364.47,241,0
4589,2024-07-23 20:36:15,20,1,0,97.74,Hotel Lobby,RuPay,0,1,2,4,3.01,19402.49,1096,0
3126,2024-05-03 11:58:59,11,4,0,255.39,Airport Terminal,Visa,0,1,2,1,41.57,3267.27,365,0
2158,2024-03-20 08:40:59,8,2,0,166.25,Suburban Branch,Amex,0,1,3,8,49.37,1301.11,3486,0
5334,2024-07-07 12:40:29,12,6,1,263.49,University Campus,RuPay,0,1,2,6,7.49,47416.31,1158,0
8637,2024-12-02 06:01:18,6,0,0,33.15,University Campus,RuPay,0,1,3,8,41.89,49044.84,3289,0
1826,2024-03-11 13:47:20,13,0,0,74.16,Downtown Branch,Visa,1,1,2,3,11.98,38868.29,2440,0
4231,2024-04-04 22:46:55,22,3,0,394.38,Downtown Branch,RuPay,0,1,2,5,13.05,38516.66,887,0
3488,2024-08-23 19:40:03,19,4,0,147.8,Downtown Branch,Amex,0,1,1,6,2.94,32119.25,880,0
9054,2024-09-21 03:26:04,3,5,1,325.93,Airport Terminal,Amex,1,1,1,6,37.81,2818.48,2965,0
9769,2024-12-18 02:28:40,2,2,0,2853.18,Airport Terminal,RuPay,3,1,9,24,3583.97,1657.18,61,1
3648,2024-10-01 14:01:59,14,1,0,449.5,Hotel Lobby,MasterCard,1,1,3,7,37.24,25826.86,610,0
5903,2024-12-19 21:24:29,21,3,0,351.36,Train Station,MasterCard,0,1,1,5,3.96,39309.73,1741,0
6386,2024-11-17 00:37:57,0,6,1,332.11,Suburban Branch,MasterCard,0,1,3,4,41.78,1947.03,3499,0
5639,2024-02-07 03:22:57,3,2,0,489.07,Hospital,Amex,1,1,3,5,48.81,44573.45,1906,0
6424,2024-10-02 12:08:43,12,2,0,149.93,Hotel Lobby,Visa,0,1,2,1,10.91,23723.77,1354,0
7827,2024-03-17 22:30:55,22,6,1,430.6,Remote Village,Visa,0,1,3,6,31.35,45012.47,2464,0
7744,2024-05-01 20:19:49,20,2,0,52.86,Airport Terminal,Amex,0,1,2,8,19.69,5345.32,1688,0
3013,2024-10-27 03:59:05,3,6,1,229.52,Downtown Branch,Visa,0,1,1,3,39.86,4518.5,2289,0
7672,2024-10-29 00:41:20,0,1,0,407.9,Hospital,MasterCard,0,1,3,8,9.67,3811.92,1947,0
9549,2024-12-09 01:53:43,1,0,0,2751.19,Airport Terminal,MasterCard,4,1,13,8,2284.68,-266.54,79,1
9978,2024-07-17 13:11:19,13,2,0,270.54,Airport Terminal,Amex,1,1,4,21,4925.84,-394.49,351,1
3081,2024-07-12 03:06:05,3,4,0,343.6,Remote Village,Visa,0,1,1,4,40.5,35901.29,3407,0
3521,2024-07-10 20:02:13,20,2,0,483.47,University Campus,MasterCard,0,1,3,1,4.55,33705.08,676,0
4979,2024-07-16 14:07:26,14,1,0,399.53,Remote Village,RuPay,0,1,3,5,17.48,25078.46,2915,0
7620,2024-06-06 11:35:12,11,3,0,443.05,Airport Terminal,Amex,0,1,3,1,42.25,21043.97,2513,0
4348,2024-01-28 04:27:47,4,6,1,213.8,University Campus,MasterCard,0,1,2,4,39.56,6057.07,72,0
8441,2024-08-29 22:22:49,22,3,0,140.1,Shopping Mall,RuPay,0,1,2,1,38.2,29891.02,188,0
1347,2024-05-11 11:47:56,11,5,1,322.62,Hospital,MasterCard,0,1,3,3,26.48,17120.75,1559,0
7088,2024-05-08 07:44:06,7,2,0,177.62,Airport Terminal,RuPay,0,0,2,5,10.93,47947.58,3303,0
8948,2024-11-16 09:06:54,9,5,1,302.07,Remote Village,Visa,0,1,1,8,1.68,30094.05,755,0
5652,2024-01-12 01:10:15,1,4,0,162.39,Shopping Mall,MasterCard,0,1,3,6,42.61,42347.62,2083,0
8082,2024-09-28 22:05:19,22,5,1,441.58,Remote Village,Amex,0,1,1,2,30.83,10650.77,1534,0
1792,2024-12-14 02:54:39,2,5,1,345.6,Train Station,Visa,1,1,3,8,16.16,28323.12,792,0
7429,2024-11-19 20:27:27,20,1,0,469.53,Downtown Branch,Amex,0,1,2,8,39.87,45020.73,30,0
9580,2024-03-24 12:52:28,12,6,1,106.18,Hospital,MasterCard,3,0,6,26,644.23,879.45,304,1
9960,2024-09-16 03:10:57,3,0,0,3907.34,Remote Village,RuPay,3,1,4,17,3949.9,1619.32,125,1
2271,2024-12-28 07:45:20,7,5,1,162.13,University Campus,Amex,0,1,2,7,0.85,38799.02,3456,0
9767,2024-04-29 20:44:01,20,0,0,269.35,Suburban Branch,RuPay,3,0,7,11,4614.52,1491.53,361,1
2956,2024-09-05 13:16:00,13,3,0,130.43,Hotel Lobby,MasterCard,0,1,3,8,37.41,12794.81,3143,0
3444,2024-05-24 23:07:39,23,4,0,209.08,Hospital,MasterCard,0,1,3,3,37.84,41700.6,3198,0
7736,2024-07-12 22:56:59,22,4,0,285.9,University Campus,Amex,0,1,2,7,41.21,11561.81,1102,0
834,2024-06-03 10:31:27,10,0,0,358.91,Airport Terminal,Amex,2,1,1,7,8.29,21400.89,2863,0
6499,2024-11-23 17:18:07,17,5,1,456.2,University Campus,Visa,0,1,1,1,30.17,15566.89,853,0
2992,2024-09-07 05:27:59,5,5,1,362.64,Gas Station,MasterCard,0,1,2,6,35.29,23543.83,279,0
7793,2024-05-31 15:31:24,15,4,0,321.38,Suburban Branch,Amex,1,1,2,8,20.54,1605.08,101,0
2151,2024-02-21 00:29:26,0,2,0,346.13,University Campus,Amex,0,1,1,6,32.96,44125.18,386,0
4023,2024-12-22 00:16:57,0,6,1,415.94,Downtown Branch,Visa,0,1,2,8,47.23,2864.72,1525,0
7615,2024-02-28 03:28:07,3,2,0,273.46,Hospital,MasterCard,0,1,3,7,41.3,44633.1,3168,0
6124,2024-04-22 17:50:41,17,0,0,332.51,University Campus,MasterCard,0,1,1,5,43.92,41199.61,455,0
3339,2024-09-25 08:52:56,8,2,0,280.38,Remote Village,Visa,0,1,3,7,22.85,33434.44,2514,0
4344,2024-03-29 16:43:40,16,4,0,170.79,Remote Village,RuPay,0,1,1,1,27.99,32371.77,2221,0
4464,2024-09-08 22:52:50,22,6,1,70.83,Airport Terminal,Amex,0,1,3,2,9.89,32282.41,3534,0
2376,2024-02-02 00:02:04,0,4,0,461.64,Downtown Branch,RuPay,0,1,3,7,48.29,9358.75,302,0
9044,2024-07-15 11:59:06,11,0,0,476.75,University Campus,RuPay,0,1,3,2,17.82,16336.24,758,0
5571,2024-12-08 19:26:37,19,6,1,347.43,Train Station,RuPay,0,1,2,5,19.81,27007.46,1242,0
8599,2024-06-12 12:43:33,12,2,0,313.92,Remote Village,RuPay,0,1,3,2,15.62,49042.66,2198,0
8504,2024-12-07 06:16:33,6,5,1,203.68,Remote Village,RuPay,0,1,2,1,2.5,46835.19,1979,0
8880,2024-06-07 08:14:43,8,4,0,254.37,Downtown Branch,MasterCard,0,1,1,3,48.35,27534.06,119,0
1887,2024-03-24 16:51:00,16,6,1,118.12,Downtown Branch,Visa,0,1,2,7,23.42,3479.27,2865,0
1198,2024-04-26 11:50:19,11,4,0,293.28,Airport Terminal,RuPay,0,1,2,4,29.45,31783.13,3124,0
6427,2024-09-23 03:00:17,3,0,0,246.47,Train Station,RuPay,0,1,2,2,36.5,25327.43,2486,0
8911,2024-02-04 06:43:54,6,6,1,165.42,Hotel Lobby,Amex,0,1,1,6,33.66,17929.58,1893,0
2936,2024-02-13 16:20:31,16,1,0,21.17,Downtown Branch,MasterCard,0,1,1,3,45.98,2201.97,257,0
6342,2024-10-20 04:57:38,4,6,1,304.01,Gas Station,RuPay,0,1,1,4,24.42,9486.14,739,0
1430,2024-11-24 12:22:59,12,6,1,37.42,Downtown Branch,Amex,0,1,1,3,4.62,34796.11,235,0
6307,2024-01-07 17:07:03,17,6,1,380.17,University Campus,RuPay,0,1,1,2,8.99,1174.51,1664,0
3650,2024-02-03 18:31:44,18,5,1,94.03,Hospital,RuPay,0,1,3,6,33.57,20547.15,2919,0
1938,2024-03-21 02:27:46,2,3,0,211.36,Suburban Branch,Amex,0,1,2,5,38.82,26731.84,1116,0
5172,2024-06-08 18:13:24,18,5,1,155.78,Hospital,MasterCard,0,1,3,5,40.3,5408.84,808,0
7764,2024-06-26 19:08:27,19,2,0,151.99,Hotel Lobby,MasterCard,0,1,3,8,41.71,30445.1,983,0
6393,2024-01-27 14:14:41,14,5,1,324.85,Airport Terminal,Visa,0,1,1,1,24.01,26293.65,3408,0
1154,2024-01-14 12:36:28,12,6,1,145.29,Shopping Mall,Visa,1,1,3,2,23.25,4223.76,2840,0
6250,2024-01-06 10:24:42,10,5,1,87.93,Hospital,RuPay,0,1,3,5,15.98,3130.67,1337,0
7037,2024-05-29 18:13:44,18,2,0,34.35,Train Station,Visa,0,1,1,1,36.29,45623.47,3129,0
4229,2024-08-26 06:14:37,6,0,0,164.04,Hotel Lobby,RuPay,0,1,3,1,33.87,47167.88,2137,0
4975,2024-06-25 08:57:06,8,1,0,142.84,Downtown Branch,Visa,0,1,3,5,10.15,23509.1,529,0
6401,2024-01-13 05:44:29,5,5,1,152.41,Airport Terminal,Visa,0,1,3,2,39.38,15971.29,1707,0
3640,2024-06-09 23:53:40,23,6,1,236.78,Hotel Lobby,Visa,0,1,3,4,2.73,20200.14,1892,0
3972,2024-05-12 23:12:28,23,6,1,44.2,Hotel Lobby,Visa,1,0,1,6,11.31,43508.17,2655,0
9594,2024-08-02 14:21:34,14,4,0,150.27,Hotel Lobby,Visa,3,0,7,12,4942.23,502.2,3,1
3376,2024-04-16 18:21:13,18,1,0,193.4,Hotel Lobby,RuPay,0,1,3,7,46.47,40443.54,376,0
2487,2024-07-16 17:02:08,17,1,0,257.72,Shopping Mall,Amex,0,1,3,4,20.46,11885.76,2261,0
6954,2024-02-05 18:53:36,18,0,0,175.58,Shopping Mall,Amex,0,1,3,1,28.47,20598.15,669,0
606,2024-12-14 17:20:33,17,5,1,148.33,Gas Station,Visa,0,1,2,6,22.62,25122.36,3427,0
7444,2024-08-30 04:47:30,4,4,0,417.69,Hotel Lobby,Amex,0,1,2,5,0.18,49605.93,3024,0
5928,2024-10-08 07:29:29,7,1,0,319.79,Gas Station,Amex,0,1,2,4,39.49,42957.24,694,0
2454,2024-06-12 21:09:26,21,2,0,177.03,Suburban Branch,MasterCard,0,1,2,4,49.37,28967.27,2460,0
3609,2024-03-02 05:42:47,5,5,1,129.87,Hotel Lobby,MasterCard,0,1,1,8,23.1,5671.66,1562,0
1484,2024-01-25 15:14:17,15,3,0,97.9,Suburban Branch,Amex,0,1,3,4,23.93,46243.22,2616,0
4519,2024-03-18 19:40:02,19,0,0,223.66,Gas Station,Amex,0,1,2,4,48.92,7878.55,1791,0
3038,2024-06-12 12:51:30,12,2,0,451.32,Hospital,Visa,0,1,3,5,4.91,11621.33,3170,0
9352,2024-10-02 15:47:47,15,2,0,262.4,Downtown Branch,RuPay,0,1,2,2,10.94,3484.17,1330,0
7692,2024-06-25 11:53:51,11,1,0,405.8,Hotel Lobby,Amex,0,1,2,6,37.66,30136.35,544,0
4116,2024-08-22 18:23:16,18,3,0,232.58,Downtown Branch,Amex,0,1,3,4,13.22,36271.54,2560,0
1427,2024-05-17 04:40:22,4,4,0,214.45,Gas Station,MasterCard,0,1,2,8,48.03,34355.96,2337,0
497,2024-08-29 23:10:20,23,3,0,370.36,Downtown Branch,Amex,0,1,3,1,12.77,3099.49,852,0
3353,2024-09-21 17:49:52,17,5,1,297.73,Airport Terminal,Amex,0,1,2,4,15.62,23432.21,263,0
8794,2024-08-03 04:50:50,4,5,1,112.64,Suburban Branch,RuPay,0,1,1,1,33.96,2777.72,2267,0
759,2024-07-10 09:34:54,9,2,0,454.16,University Campus,RuPay,0,1,3,7,5.55,13939.64,2079,0
838,2024-05-25 12:00:14,12,5,1,109.47,Train Station,Visa,0,1,1,8,28.35,10707.41,853,0
4327,2024-05-24 18:01:10,18,4,0,113.29,Suburban Branch,RuPay,1,1,3,5,30.4,29482.16,1812,0
2128,2024-12-24 20:05:49,20,1,0,124.02,Hotel Lobby,Amex,0,1,1,7,8.44,8035.3,781,0
1023,2024-08-26 22:09:33,22,0,0,455.29,Remote Village,RuPay,0,1,1,5,2.68,42270.86,545,0
8762,2024-12-21 05:39:52,5,5,1,423.02,Airport Terminal,RuPay,0,1,1,8,22.11,12421.14,3439,0
5614,2024-06-20 23:44:31,23,3,0,86.08,Downtown Branch,Visa,1,1,2,7,10.48,40669.34,3267,0
5581,2024-11-25 04:44:52,4,0,0,158.26,Shopping Mall,RuPay,0,1,1,1,1.69,20421.73,2017,0
1058,2024-07-11 09:03:59,9,3,0,29.05,Train Station,Amex,0,1,1,7,9.22,21611.14,244,0
9542,2024-12-27 01:11:40,1,4,0,2909.58,Airport Terminal,Amex,3,0,13,19,2655.17,311.89,197,1
6856,2024-08-06 04:19:39,4,1,0,240.24,Airport Terminal,Visa,0,1,1,7,9.81,20998.77,174,0
7349,2024-01-04 17:12:20,17,3,0,168.47,Airport Terminal,Visa,0,1,1,3,46.42,9925.84,720,0
9045,2024-06-22 14:29:12,14,5,1,404.21,Suburban Branch,Visa,0,1,3,8,20.12,1871.16,2505,0
2129,2024-01-04 08:22:14,8,3,0,382.39,Hotel Lobby,RuPay,0,1,3,7,8.4,44157.86,1258,0
2767,2024-08-18 10:47:37,10,6,1,456.56,Hotel Lobby,RuPay,0,1,1,2,21.47,10629.53,2505,0
2109,2024-03-21 02:45:42,2,3,0,103.19,University Campus,Amex,1,1,1,3,40.48,45302.82,3328,0
3617,2024-01-17 15:47:27,15,2,0,343.0,Airport Terminal,Visa,0,1,2,1,37.33,29411.53,552,0
1545,2024-05-12 00:23:02,0,6,1,280.87,University Campus,RuPay,0,1,3,1,33.43,23544.62,1290,0
6914,2024-09-05 20:42:02,20,3,0,422.69,Downtown Branch,MasterCard,0,1,3,5,47.81,17418.1,2992,0
1719,2024-06-22 06:05:47,6,5,1,84.76,Gas Station,Visa,0,1,3,7,3.81,36549.3,704,0
7435,2024-05-13 11:00:41,11,0,0,292.57,Hospital,Amex,0,1,3,4,34.43,23540.51,539,0
7365,2024-01-17 19:03:45,19,2,0,328.0,Hospital,Amex,0,1,3,4,47.12,27211.97,917,0
6235,2024-03-11 13:12:16,13,0,0,101.67,Shopping Mall,MasterCard,0,1,3,6,3.09,1372.92,1032,0
725,2024-01-24 20:55:34,20,2,0,208.77,Shopping Mall,Amex,0,1,1,5,20.97,44300.56,2900,0
6673,2024-05-01 10:32:28,10,2,0,139.64,Train Station,MasterCard,1,1,2,5,49.78,6921.38,1724,0
8029,2024-09-08 13:17:07,13,6,1,223.32,Shopping Mall,RuPay,0,1,2,1,13.53,10739.36,2381,0
5492,2024-09-12 09:32:18,9,3,0,184.75,Train Station,Visa,0,1,1,8,12.65,42997.8,1523,0
1128,2024-01-14 00:30:19,0,6,1,330.66,Hospital,Visa,0,1,3,5,13.71,2955.63,2373,0
2957,2024-05-14 14:04:02,14,1,0,92.65,Remote Village,Visa,0,1,2,3,2.81,4260.69,1194,0
5156,2024-12-17 01:27:41,1,1,0,132.49,Hotel Lobby,MasterCard,0,1,2,2,34.71,7050.85,2594,0
4817,2024-10-21 19:36:30,19,0,0,243.62,Train Station,RuPay,0,1,3,7,32.87,1578.54,3542,0
6202,2024-05-31 22:26:17,22,4,0,449.29,Downtown Branch,MasterCard,0,1,3,6,48.36,7693.31,880,0
6224,2024-03-28 04:07:58,4,3,0,165.81,Train Station,MasterCard,2,1,1,5,43.23,42554.54,1194,0
8686,2024-11-01 20:20:33,20,4,0,266.62,Shopping Mall,Visa,0,1,3,1,1.14,19826.02,1270,0
7114,2024-11-07 21:33:28,21,3,0,282.28,Remote Village,Amex,0,1,1,4,20.44,952.96,1292,0
5275,2024-01-07 01:29:43,1,6,1,209.08,University Campus,MasterCard,1,1,2,1,46.66,34780.32,1461,0
8536,2024-01-26 05:15:03,5,4,0,312.93,Hotel Lobby,Amex,0,1,2,5,16.56,46065.11,1596,0
3044,2024-07-15 17:27:18,17,0,0,381.47,University Campus,Amex,1,1,1,5,40.35,10000.39,3623,0
6912,2024-09-28 17:35:46,17,5,1,200.95,Downtown Branch,Visa,0,1,3,2,45.73,19719.43,474,0
150,2024-07-22 07:13:46,7,0,0,487.83,Suburban Branch,RuPay,0,1,3,1,19.52,23559.74,2633,0
7574,2024-06-17 12:08:26,12,0,0,327.61,Downtown Branch,Amex,0,1,2,1,12.72,12289.33,687,0
4206,2024-04-12 12:21:48,12,4,0,329.73,Gas Station,Visa,0,1,2,4,9.06,18208.55,2483,0
5493,2024-07-22 18:10:22,18,0,0,121.77,Gas Station,RuPay,2,1,1,1,37.59,44434.88,243,0
2690,2024-05-09 08:01:34,8,3,0,328.86,University Campus,Amex,0,1,3,5,12.02,3680.65,2730,0
4221,2024-01-04 01:38:48,1,3,0,272.01,Hotel Lobby,MasterCard,1,1,1,2,39.9,35252.29,2711,0
9102,2024-06-24 03:07:54,3,0,0,277.59,Downtown Branch,Visa,0,0,1,4,1.96,14573.31,2544,0
842,2024-12-28 00:03:58,0,5,1,253.24,Remote Village,RuPay,0,1,2,6,49.97,40860.67,1509,0
8137,2024-12-10 02:48:22,2,1,0,208.93,Train Station,RuPay,0,1,1,6,20.47,31548.46,106,0
6438,2024-08-02 23:24:55,23,4,0,372.31,Gas Station,MasterCard,0,1,1,2,6.13,48213.93,3357,0
9700,2024-01-25 01:41:46,1,3,0,4593.42,Remote Village,Amex,2,0,10,8,2268.0,1905.44,311,1
6200,2024-05-11 06:03:21,6,5,1,181.87,University Campus,MasterCard,0,1,2,4,37.32,49087.67,1954,0
2795,2024-07-07 20:46:33,20,6,1,389.93,Airport Terminal,MasterCard,0,1,3,6,45.17,17529.9,3073,0
7626,2024-02-14 22:29:23,22,2,0,245.57,Remote Village,Amex,0,1,3,6,31.22,17648.58,217,0
8475,2024-12-12 09:00:51,9,3,0,145.61,Hotel Lobby,Amex,1,0,3,5,44.06,8445.5,2079,0
7890,2024-08-06 14:18:11,14,1,0,311.82,Hotel Lobby,RuPay,0,1,1,5,5.63,616.26,57,0
6608,2024-05-05 20:19:43,20,6,1,164.11,Airport Terminal,RuPay,0,1,2,2,6.33,18939.62,3375,0
9195,2024-09-17 23:52:59,23,1,0,439.8,Gas Station,Amex,0,1,2,4,30.72,27643.45,3502,0
8248,2024-02-11 14:40:21,14,6,1,87.13,Airport Terminal,MasterCard,0,1,1,1,2.99,774.33,2484,0
1393,2024-06-25 13:58:57,13,1,0,202.33,Remote Village,RuPay,0,0,1,6,15.49,38880.47,3530,0
1922,2024-01-02 11:52:25,11,1,0,174.45,Shopping Mall,MasterCard,0,1,3,4,27.49,195.36,1485,0
7019,2024-01-11 05:58:19,5,3,0,101.5,Hotel Lobby,Visa,0,1,1,3,16.28,19702.68,897,0
3622,2024-05-30 16:30:42,16,3,0,140.42,Hotel Lobby,Visa,0,1,2,6,5.97,20724.7,3567,0
4849,2024-03-25 02:14:59,2,0,0,415.09,Downtown Branch,RuPay,0,1,1,3,11.74,45860.0,2504,0
2292,2024-05-04 10:23:47,10,5,1,257.17,Remote Village,Amex,0,1,3,7,8.38,41356.03,890,0
2134,2024-10-13 08:21:22,8,6,1,384.92,University Campus,Visa,0,1,1,3,6.72,14964.14,1929,0
551,2024-02-04 16:13:08,16,6,1,299.71,Suburban Branch,Visa,0,1,1,5,3.12,45063.68,247,0
1741,2024-03-16 17:24:51,17,5,1,171.13,Remote Village,Visa,0,1,3,2,1.74,10007.93,3196,0
5290,2024-02-02 04:51:50,4,4,0,108.24,Airport Terminal,RuPay,0,1,3,3,43.92,8334.92,2684,0
1818,2024-10-08 07:28:36,7,1,0,169.34,Airport Terminal,MasterCard,0,1,3,7,13.18,10130.56,1417,0
4699,2024-12-20 09:26:31,9,4,0,263.2,Hospital,RuPay,0,1,2,3,27.04,19935.54,366,0
5182,2024-04-30 01:20:14,1,1,0,203.26,Remote Village,Visa,0,1,2,7,11.05,29024.11,3455,0
3019,2024-04-22 14:59:16,14,0,0,304.19,Downtown Branch,Visa,0,1,3,1,27.8,32271.77,2943,0
18,2024-12-17 15:07:34,15,1,0,35.08,Suburban Branch,RuPay,0,1,3,8,10.71,6702.36,3644,0
1771,2024-05-09 17:02:08,17,3,0,45.48,Gas Station,Amex,0,1,2,6,22.45,16844.62,357,0
1889,2024-10-18 14:55:49,14,4,0,410.64,Downtown Branch,MasterCard,0,1,3,6,10.53,4004.27,738,0
2153,2024-01-05 07:23:38,7,4,0,392.99,Downtown Branch,RuPay,0,1,3,7,1.02,48817.02,1518,0
1643,2024-10-06 03:22:18,3,6,1,74.01,Hotel Lobby,Visa,0,1,3,4,6.53,1501.11,2795,0
7847,2024-12-09 13:51:37,13,0,0,70.47,Downtown Branch,MasterCard,0,1,1,6,9.88,38050.43,1232,0
4194,2024-01-07 21:33:59,21,6,1,277.14,Shopping Mall,Visa,1,1,2,5,46.91,32163.77,3440,0
9433,2024-05-29 23:05:59,23,2,0,283.56,Airport Terminal,MasterCard,0,1,2,3,41.37,22658.56,2926,0
8899,2024-03-07 02:04:17,2,3,0,170.02,Suburban Branch,Amex,0,1,2,5,10.54,22930.03,2323,0
534,2024-11-06 07:27:19,7,2,0,251.68,University Campus,Visa,0,1,2,5,38.78,7250.42,3600,0
133,2024-06-23 15:49:18,15,6,1,456.34,University Campus,Amex,0,1,2,3,47.89,22581.1,3351,0
7723,2024-06-08 16:17:37,16,5,1,267.83,Remote Village,RuPay,0,1,1,8,27.88,25209.33,517,0
8459,2024-02-11 20:36:24,20,6,1,277.54,Shopping Mall,Visa,0,1,2,4,11.72,7029.38,3165,0
965,2024-11-04 06:17:51,6,0,0,458.73,Hospital,Amex,0,1,2,4,25.38,13453.7,2727,0
8720,2024-01-29 14:53:14,14,0,0,86.62,Shopping Mall,RuPay,0,1,3,5,40.39,36477.46,3113,0
6413,2024-01-31 20:26:58,20,2,0,173.05,Shopping Mall,RuPay,0,1,3,3,23.11,23602.35,2807,0
8286,2024-06-05 10:09:47,10,2,0,33.92,Suburban Branch,MasterCard,0,1,1,2,21.7,30521.53,3170,0
7854,2024-01-23 00:18:11,0,1,0,178.47,Downtown Branch,RuPay,0,1,2,4,41.17,43303.7,628,0
1096,2024-05-03 20:25:08,20,4,0,337.09,Hospital,Amex,0,1,2,8,30.05,34392.37,148,0
6930,2024-08-28 00:18:46,0,2,0,56.68,Gas Station,Visa,2,1,1,5,17.26,8228.94,1860,0
9255,2024-03-06 13:34:30,13,2,0,227.94,Hotel Lobby,Visa,0,1,3,4,44.07,6030.67,1065,0
1562,2024-05-30 00:25:44,0,3,0,93.92,Hotel Lobby,Amex,0,1,1,2,47.64,38402.97,1070,0
1671,2024-07-11 16:40:41,16,3,0,34.25,Downtown Branch,RuPay,0,1,3,4,30.35,7913.57,3347,0
6088,2024-01-11 07:05:21,7,3,0,208.17,Hospital,Amex,0,1,3,3,11.51,5571.52,592,0
6670,2024-11-14 04:21:20,4,3,0,228.02,University Campus,Amex,0,1,3,8,1.97,9590.23,2556,0
5934,2024-09-20 00:05:02,0,4,0,149.94,Hospital,Amex,0,1,3,1,39.1,18126.49,338,0
8830,2024-05-02 09:09:19,9,3,0,117.19,Hotel Lobby,Amex,0,1,3,5,1.98,32383.38,1124,0
7946,2024-03-03 16:50:19,16,6,1,218.65,Suburban Branch,RuPay,1,1,3,4,18.79,5839.01,1460,0
3509,2024-01-10 22:23:48,22,2,0,241.22,Remote Village,Amex,0,1,1,1,46.06,23445.1,900,0
2003,2024-10-18 12:35:30,12,4,0,152.98,Downtown Branch,RuPay,1,1,3,8,7.55,19549.75,1077,0
5867,2024-10-26 21:34:45,21,5,1,322.75,Airport Terminal,Amex,0,1,2,7,47.53,41105.37,1189,0
169,2024-08-26 14:53:11,14,0,0,276.07,Shopping Mall,Amex,0,1,3,3,8.56,31261.51,2508,0
2589,2024-02-19 06:00:57,6,0,0,154.61,Shopping Mall,Amex,0,1,2,7,33.67,25668.13,799,0
5906,2024-09-20 01:04:30,1,4,0,52.89,Remote Village,RuPay,1,1,1,8,41.1,4075.7,2438,0
9530,2024-02-15 03:46:25,3,3,0,4189.77,Airport Terminal,Visa,2,1,10,29,250.63,304.54,300,1
6385,2024-11-15 14:40:57,14,4,0,109.81,University Campus,RuPay,0,1,2,6,34.68,17416.83,1968,0
7825,2024-04-04 15:42:53,15,3,0,199.52,Remote Village,RuPay,0,1,2,2,34.22,45287.55,2131,0
9780,2024-01-19 06:30:41,6,4,0,262.73,Shopping Mall,RuPay,2,1,5,9,1748.04,287.63,296,1
4630,2024-08-19 14:03:29,14,0,0,201.89,Remote Village,RuPay,2,1,1,2,11.75,14710.3,2037,0
8561,2024-02-09 22:34:44,22,4,0,451.65,Airport Terminal,Visa,0,1,1,2,12.37,15981.34,509,0
9292,2024-03-08 04:24:55,4,4,0,338.83,Hotel Lobby,MasterCard,0,1,3,1,0.92,22870.08,3271,0
6875,2024-08-23 09:17:06,9,4,0,361.7,University Campus,RuPay,0,1,2,3,12.48,7053.77,3228,0
6522,2024-12-08 08:47:12,8,6,1,113.65,Suburban Branch,RuPay,0,1,3,6,18.52,589.19,3313,0
8980,2024-03-11 06:53:35,6,0,0,478.72,University Campus,Visa,0,1,2,7,17.87,44469.56,1451,0
6648,2024-05-14 15:14:27,15,1,0,439.8,Downtown Branch,MasterCard,0,1,2,7,6.98,35015.32,1192,0
9826,2024-03-22 03:29:32,3,4,0,483.15,Gas Station,RuPay,1,1,14,19,4492.59,529.24,169,1
211,2024-08-31 02:40:44,2,5,1,345.8,Downtown Branch,RuPay,0,0,3,7,39.29,16004.85,1735,0
5279,2024-01-07 16:42:18,16,6,1,383.8,Shopping Mall,MasterCard,0,1,1,3,16.26,36204.44,2745,0
1920,2024-07-18 11:54:44,11,3,0,355.19,Suburban Branch,MasterCard,0,1,1,7,21.11,1144.74,2848,0
719,2024-10-01 08:10:15,8,1,0,44.2,Train Station,Visa,1,0,1,2,39.08,30521.83,3545,0
4869,2024-09-19 17:20:02,17,3,0,188.21,Shopping Mall,Amex,1,1,2,5,42.44,40095.77,1408,0
7835,2024-06-17 21:39:41,21,0,0,222.2,Remote Village,Amex,0,1,1,4,48.06,38958.57,2439,0
1299,2024-01-17 05:35:53,5,2,0,354.08,University Campus,MasterCard,0,1,1,2,7.95,39580.38,302,0
9194,2024-05-13 14:38:24,14,0,0,126.46,Train Station,RuPay,0,1,3,6,23.83,37934.38,2923,0
4618,2024-01-01 17:21:47,17,0,0,192.98,Shopping Mall,MasterCard,0,1,1,3,2.06,44958.65,3313,0
3129,2024-08-03 12:42:33,12,5,1,335.89,Remote Village,Visa,0,0,1,1,44.07,35224.25,2623,0
9796,2024-03-08 01:26:25,1,4,0,324.3,Airport Terminal,RuPay,2,0,4,21,3932.0,1272.28,143,1
3980,2024-06-13 18:18:17,18,3,0,411.56,Shopping Mall,MasterCard,0,1,3,1,25.79,30901.82,3346,0
9925,2024-09-21 15:07:50,15,5,1,279.29,Suburban Branch,Amex,2,0,15,9,4490.15,164.22,344,1
8318,2024-09-01 15:00:09,15,6,1,44.04,Shopping Mall,Amex,0,1,1,2,8.26,34776.55,3486,0
4394,2024-10-25 08:15:01,8,4,0,254.82,Airport Terminal,Amex,0,1,1,4,37.11,47084.44,2197,0
1288,2024-02-15 04:45:19,4,3,0,340.98,University Campus,Visa,0,1,1,8,9.42,20273.81,1497,0
4356,2024-09-10 01:51:13,1,1,0,409.18,Remote Village,Amex,0,1,1,4,11.31,41465.35,1815,0
7014,2024-01-05 09:17:38,9,4,0,295.89,Hospital,Amex,0,1,2,6,31.58,13803.88,3062,0
3886,2024-07-11 13:19:57,13,3,0,323.34,Airport Terminal,RuPay,0,1,3,7,5.47,21932.75,2342,0
5750,2024-02-16 17:40:00,17,4,0,356.92,Train Station,RuPay,0,0,3,5,40.57,14993.87,2022,0
9170,2024-09-10 03:40:35,3,1,0,364.32,Airport Terminal,MasterCard,0,1,3,3,21.08,36677.19,375,0
2408,2024-06-01 08:35:38,8,5,1,108.23,Remote Village,MasterCard,1,1,2,3,4.96,14844.99,672,0
2014,2024-02-25 02:45:13,2,6,1,478.09,Downtown Branch,RuPay,1,1,2,8,39.89,23775.57,768,0
5154,2024-12-19 20:04:27,20,3,0,282.64,Downtown Branch,MasterCard,0,1,1,4,2.74,35202.38,3185,0
8552,2024-11-20 03:59:01,3,2,0,326.35,Hotel Lobby,MasterCard,0,1,3,5,39.26,26662.02,3397,0
4377,2024-11-11 23:31:03,23,0,0,193.46,Suburban Branch,RuPay,0,1,3,1,41.63,37708.87,1428,0
8823,2024-09-05 14:51:10,14,3,0,459.79,Downtown Branch,Amex,0,1,3,4,25.64,17464.65,939,0
4274,2024-10-29 12:21:40,12,1,0,187.47,University Campus,MasterCard,0,1,1,6,9.74,48540.85,2032,0
5826,2024-09-20 05:48:38,5,4,0,414.28,Shopping Mall,MasterCard,0,1,1,5,43.25,29609.92,2960,0
6700,2024-02-26 14:21:46,14,0,0,249.91,Suburban Branch,Amex,0,1,3,4,44.11,24798.02,3625,0
7244,2024-07-23 04:15:12,4,1,0,261.63,Gas Station,Amex,1,1,3,3,45.59,13414.76,1245,0
450,2024-09-02 07:59:03,7,0,0,479.17,Hotel Lobby,Amex,1,1,3,7,42.45,3660.07,693,0
2228,2024-12-01 04:07:04,4,6,1,484.16,Train Station,MasterCard,0,1,3,6,12.89,13740.38,2611,0
5757,2024-01-15 07:21:25,7,0,0,317.7,Gas Station,Visa,0,1,3,3,29.27,42662.39,1662,0
811,2024-09-20 01:40:06,1,4,0,151.16,Shopping Mall,Visa,0,1,1,4,22.1,2483.03,2630,0
4181,2024-04-26 20:13:24,20,4,0,60.12,Downtown Branch,MasterCard,0,1,2,1,39.61,40107.9,652,0
9001,2024-01-04 03:35:30,3,3,0,429.12,Downtown Branch,RuPay,0,1,2,3,4.84,42663.8,3140,0
5439,2024-04-12 23:06:59,23,4,0,218.96,Suburban Branch,RuPay,0,1,3,7,8.05,23527.01,2922,0
7534,2024-03-25 09:43:03,9,0,0,135.36,Hospital,MasterCard,0,1,3,1,35.15,41786.84,1343,0
6370,2024-12-21 10:28:18,10,5,1,24.95,Hotel Lobby,Amex,0,1,2,6,24.91,14169.97,2062,0
8417,2024-05-19 15:09:17,15,6,1,360.78,Suburban Branch,RuPay,0,1,1,8,42.18,25300.49,2476,0
1478,2024-10-29 19:05:45,19,1,0,75.62,Hospital,RuPay,0,1,2,3,27.25,10092.83,2836,0
1791,2024-07-17 05:36:55,5,2,0,141.57,Airport Terminal,Amex,0,1,2,8,11.0,6890.45,56,0
2009,2024-01-11 02:18:29,2,3,0,403.29,Train Station,RuPay,0,1,1,8,8.58,4766.86,866,0
683,2024-06-11 11:07:38,11,1,0,106.58,Downtown Branch,RuPay,0,1,2,4,30.88,45375.68,1544,0
2817,2024-04-02 00:04:57,0,1,0,269.81,Gas Station,Amex,0,1,2,4,0.66,39936.87,3191,0
9432,2024-03-30 03:38:33,3,5,1,99.67,Downtown Branch,MasterCard,0,1,3,8,45.69,2896.61,403,0
3775,2024-09-06 03:53:26,3,4,0,268.74,Hospital,MasterCard,0,1,3,1,31.74,48075.38,3216,0
6496,2024-02-27 14:04:38,14,1,0,378.13,Remote Village,Visa,0,1,1,3,3.43,42325.81,3378,0
8879,2024-10-23 14:28:51,14,2,0,408.61,Remote Village,Visa,0,1,2,2,44.11,15865.99,1610,0
7362,2024-04-02 02:03:47,2,1,0,176.96,Remote Village,Visa,0,1,3,8,26.71,20359.86,3491,0
8367,2024-09-01 21:08:13,21,6,1,216.99,University Campus,Visa,0,1,1,6,13.79,33760.74,1588,0
7475,2024-04-14 10:04:32,10,6,1,81.16,Airport Terminal,Amex,2,1,2,3,17.67,22556.86,2130,0
47,2024-11-18 13:27:56,13,0,0,455.29,Shopping Mall,Amex,0,1,2,8,12.96,12437.26,2641,0
31,2024-02-05 20:17:02,20,0,0,324.46,Downtown Branch,RuPay,0,1,1,5,8.08,22147.59,2920,0
8251,2024-04-18 20:07:05,20,3,0,58.91,University Campus,RuPay,0,1,3,7,35.67,17104.27,1650,0
6936,2024-12-07 13:19:51,13,5,1,447.85,Suburban Branch,MasterCard,0,1,1,5,10.8,42006.05,405,0
1469,2024-01-03 21:20:01,21,2,0,437.2,Gas Station,RuPay,0,1,2,6,7.41,44222.53,1013,0
1666,2024-01-16 00:59:36,0,1,0,119.47,Hospital,RuPay,0,1,1,8,19.93,38195.87,398,0
1417,2024-01-02 06:27:04,6,1,0,51.94,Gas Station,Visa,0,1,2,5,25.56,21082.61,1118,0
6481,2024-05-10 18:53:16,18,4,0,28.21,Suburban Branch,RuPay,0,1,1,4,36.44,4249.89,984,0
4853,2024-03-11 10:14:55,10,0,0,289.45,Suburban Branch,Amex,0,1,1,1,20.59,9566.02,2725,0
2471,2024-03-26 16:40:22,16,1,0,172.95,University Campus,Visa,0,1,1,3,5.39,28565.71,1963,0
4374,2024-08-18 19:15:45,19,6,1,136.62,Gas Station,Amex,0,1,1,6,3.97,27020.87,2112,0
8525,2024-11-16 00:40:20,0,5,1,151.44,Remote Village,Visa,0,1,3,8,17.5,38215.31,3633,0
430,2024-06-19 11:30:57,11,2,0,25.14,Suburban Branch,MasterCard,1,1,1,4,30.76,33733.82,1503,0
5245,2024-05-31 11:27:35,11,4,0,308.2,Train Station,Amex,0,1,3,8,44.63,25572.7,3130,0
2120,2024-01-25 09:17:17,9,3,0,189.84,Hotel Lobby,Visa,0,1,2,2,13.55,36017.79,601,0
386,2024-05-26 11:44:32,11,6,1,39.5,Gas Station,Visa,0,1,3,5,0.28,23369.93,664,0
1946,2024-12-20 22:55:00,22,4,0,366.09,Airport Terminal,Visa,0,1,1,7,43.91,40201.93,157,0
4225,2024-08-05 02:15:57,2,0,0,345.33,Downtown Branch,Visa,1,1,2,4,30.26,13223.36,334,0
474,2024-12-08 21:31:34,21,6,1,28.99,Remote Village,MasterCard,1,1,3,2,32.91,26993.93,1617,0
2130,2024-03-07 20:07:09,20,3,0,285.19,Gas Station,MasterCard,0,1,3,1,4.53,47293.62,3277,0
6557,2024-03-19 09:32:57,9,1,0,56.81,Remote Village,MasterCard,0,1,2,8,20.73,14127.28,1839,0
6999,2024-01-08 22:05:37,22,0,0,314.17,Train Station,Amex,0,1,2,1,44.99,593.65,2734,0
1056,2024-04-28 10:14:21,10,6,1,376.12,Hotel Lobby,RuPay,0,1,1,1,48.9,34947.26,2692,0
3275,2024-07-05 01:51:38,1,4,0,371.16,Hotel Lobby,MasterCard,0,1,1,7,3.84,29807.39,657,0
4962,2024-03-19 00:40:16,0,1,0,57.29,Remote Village,MasterCard,0,1,2,5,28.47,5874.47,1365,0
5364,2024-12-26 12:59:10,12,3,0,121.6,Downtown Branch,RuPay,0,1,1,5,2.46,321.58,2687,0
5817,2024-04-27 19:51:28,19,5,1,463.68,Airport Terminal,MasterCard,0,1,2,7,48.14,49652.4,3603,0
812,2024-05-31 16:49:38,16,4,0,351.37,Remote Village,MasterCard,0,1,2,4,46.44,18794.77,1007,0
4574,2024-03-01 23:59:48,23,4,0,426.54,Airport Terminal,Visa,0,1,1,2,37.77,21382.29,1681,0
6138,2024-01-31 08:43:01,8,2,0,423.47,University Campus,MasterCard,0,1,3,2,36.11,36082.94,2046,0
2389,2024-03-16 10:26:50,10,5,1,172.97,Train Station,Amex,0,1,1,3,46.18,482.02,1818,0
9649,2024-09-04 01:29:32,1,2,0,996.26,Remote Village,RuPay,5,1,13,25,3183.55,-328.3,242,1
6226,2024-07-26 22:39:43,22,4,0,285.04,Downtown Branch,MasterCard,0,1,3,7,30.35,21021.66,2043,0
112,2024-05-05 02:17:59,2,6,1,311.98,Gas Station,RuPay,0,1,3,6,19.05,29909.85,1237,0
8910,2024-03-23 10:54:19,10,5,1,152.65,Downtown Branch,Visa,0,1,2,8,14.28,890.85,1154,0
1746,2024-06-15 22:55:33,22,5,1,221.45,Suburban Branch,Visa,0,1,3,7,7.97,30385.97,3244,0
7852,2024-01-26 15:24:33,15,4,0,416.38,Downtown Branch,Visa,0,1,2,3,47.98,7332.39,3144,0
1453,2024-05-07 10:36:48,10,1,0,471.17,Hospital,MasterCard,0,1,3,5,40.08,12956.35,3405,0
320,2024-12-09 21:23:24,21,0,0,203.09,Downtown Branch,MasterCard,0,1,2,5,11.31,13501.24,282,0
8594,2024-02-20 05:18:44,5,1,0,352.9,University Campus,Amex,0,1,2,6,25.92,701.13,2659,0
3334,2024-03-10 00:05:21,0,6,1,374.11,Shopping Mall,MasterCard,0,1,3,2,32.16,5221.94,1189,0
1923,2024-12-25 04:44:16,4,2,0,220.61,Shopping Mall,RuPay,0,1,3,1,2.98,19965.57,2886,0
5866,2024-02-12 11:22:53,11,0,0,275.94,Train Station,RuPay,0,1,1,5,1.95,21670.03,2625,0
9529,2024-04-28 19:34:50,19,6,1,111.11,University Campus,Amex,2,1,3,25,1236.51,-337.92,174,1
3686,2024-01-10 13:09:11,13,2,0,120.38,Gas Station,MasterCard,0,1,2,3,20.66,4889.54,3584,0
4276,2024-06-29 04:01:55,4,5,1,400.04,Airport Terminal,RuPay,0,1,3,2,36.72,16486.25,3489,0
4890,2024-01-16 10:59:12,10,1,0,54.01,Airport Terminal,RuPay,0,1,1,4,47.48,24278.47,2565,0
5226,2024-03-20 10:07:59,10,2,0,418.76,Gas Station,Visa,0,1,1,7,32.48,28121.5,2111,0
7473,2024-07-08 23:21:16,23,0,0,69.41,Hotel Lobby,MasterCard,1,1,3,3,36.01,45427.15,390,0
3606,2024-06-19 21:14:59,21,2,0,155.09,Airport Terminal,Visa,0,1,2,5,40.75,23927.85,673,0
1053,2024-02-20 09:02:34,9,1,0,310.94,Airport Terminal,Amex,0,1,1,5,46.92,10372.46,2918,0
4157,2024-04-29 20:03:23,20,0,0,325.95,Suburban Branch,MasterCard,0,1,2,5,38.41,48736.4,2099,0
9677,2024-05-08 21:20:19,21,2,0,138.4,Shopping Mall,RuPay,3,0,12,8,4530.03,924.52,9,1
100,2024-11-24 10:54:35,10,6,1,406.2,Hospital,Amex,0,1,3,2,22.74,33674.14,2783,0
7509,2024-11-24 14:17:25,14,6,1,172.11,Shopping Mall,RuPay,0,1,2,8,7.89,27121.34,1474,0
1457,2024-12-26 08:03:13,8,3,0,479.97,Hospital,MasterCard,0,1,1,5,12.16,40246.02,1406,0
7689,2024-06-05 16:56:42,16,2,0,403.33,Suburban Branch,Amex,0,1,1,7,5.97,1317.93,1251,0
4005,2024-01-24 12:04:34,12,2,0,59.91,Downtown Branch,Visa,0,1,3,6,36.92,4549.93,2107,0
6867,2024-02-26 20:43:33,20,0,0,409.35,Suburban Branch,Visa,0,1,3,6,31.79,38612.98,2173,0
4510,2024-09-06 14:36:42,14,4,0,478.14,Hotel Lobby,Amex,0,1,2,4,10.36,26162.16,2112,0
3300,2024-01-20 00:36:43,0,5,1,438.73,Train Station,RuPay,2,1,3,3,26.37,17301.82,3487,0
3800,2024-03-09 11:39:49,11,5,1,409.44,Gas Station,Amex,0,1,3,4,18.43,25198.13,2463,0
4282,2024-12-24 19:33:38,19,1,0,469.48,University Campus,MasterCard,0,1,1,8,19.86,32628.68,974,0
9052,2024-03-11 07:31:02,7,0,0,225.71,Suburban Branch,Amex,0,0,3,3,2.83,41569.47,3574,0
6463,2024-08-17 22:26:15,22,5,1,339.31,Suburban Branch,Visa,0,1,1,3,47.85,47106.15,127,0
7913,2024-02-18 19:33:18,19,6,1,446.48,Suburban Branch,Amex,0,0,1,1,2.29,5333.85,1398,0
1415,2024-09-05 00:08:24,0,3,0,138.57,Hotel Lobby,Amex,0,1,3,8,18.75,19642.35,2967,0
541,2024-08-27 08:28:31,8,1,0,190.7,University Campus,MasterCard,0,1,3,2,48.68,37811.57,1937,0
5816,2024-03-14 21:42:55,21,3,0,435.31,Gas Station,Amex,0,1,3,3,47.04,39454.75,67,0
8200,2024-03-24 22:47:12,22,6,1,423.42,Remote Village,MasterCard,1,1,1,5,34.44,26174.35,665,0
3681,2024-04-06 13:20:40,13,5,1,462.44,Hotel Lobby,MasterCard,0,1,3,4,42.71,38893.54,2397,0
755,2024-01-02 15:53:07,15,1,0,452.69,Hospital,Visa,0,1,3,8,38.12,26952.76,3254,0
4197,2024-05-21 14:06:55,14,1,0,70.98,University Campus,Visa,0,1,3,1,1.32,45144.94,2463,0
2651,2024-08-24 22:10:24,22,5,1,187.83,Shopping Mall,Visa,0,1,1,6,33.84,25634.81,3318,0
4523,2024-10-09 04:27:48,4,2,0,484.67,Shopping Mall,RuPay,0,1,2,3,36.88,38589.51,1159,0
9520,2024-04-21 16:54:28,16,6,1,296.05,Hotel Lobby,Amex,3,0,9,10,1757.97,1993.9,40,1
3119,2024-09-17 22:01:48,22,1,0,410.23,University Campus,RuPay,0,1,3,7,26.61,4166.05,1803,0
3729,2024-03-19 08:01:43,8,1,0,342.54,Train Station,Visa,0,1,3,1,28.8,20908.85,2217,0
3887,2024-03-22 20:23:43,20,4,0,55.29,Remote Village,Visa,0,1,1,7,48.48,47966.43,2327,0
7108,2024-04-17 21:39:08,21,2,0,486.74,Train Station,MasterCard,0,1,2,1,41.0,20875.78,158,0
8069,2024-02-21 13:07:54,13,2,0,153.79,Suburban Branch,RuPay,0,1,3,2,4.05,15543.51,98,0
7326,2024-02-16 05:05:20,5,4,0,350.98,Airport Terminal,MasterCard,1,1,2,1,0.87,686.8,1193,0
8484,2024-05-19 21:57:12,21,6,1,405.06,Train Station,Visa,0,1,3,4,0.11,326.94,3348,0
8768,2024-09-06 01:57:55,1,4,0,119.97,Airport Terminal,Amex,0,1,3,4,26.47,27288.32,778,0
6501,2024-01-31 20:52:11,20,2,0,144.1,Shopping Mall,MasterCard,1,1,2,1,24.09,18963.17,654,0
8427,2024-08-07 09:26:18,9,2,0,166.97,Hotel Lobby,Amex,0,1,2,2,7.21,33793.24,62,0
7964,2024-05-03 22:46:33,22,4,0,95.82,Suburban Branch,Visa,0,1,1,2,43.4,45649.44,188,0
602,2024-03-12 19:49:09,19,1,0,399.13,Train Station,Visa,0,1,1,2,19.24,34568.46,2204,0
9250,2024-11-17 02:02:27,2,6,1,246.45,Hospital,Amex,0,1,3,5,12.3,19681.49,3230,0
8920,2024-12-13 16:27:26,16,4,0,88.09,University Campus,RuPay,1,1,3,4,37.79,26343.81,147,0
6815,2024-09-03 14:55:37,14,1,0,189.01,Airport Terminal,RuPay,0,1,3,5,5.46,1306.43,3320,0
5412,2024-05-26 21:08:31,21,6,1,204.32,University Campus,Visa,0,1,1,3,8.05,21758.77,2291,0
8748,2024-09-18 21:21:04,21,2,0,382.04,Suburban Branch,MasterCard,0,1,3,8,26.36,44436.96,1048,0
5523,2024-01-28 10:57:14,10,6,1,301.68,Downtown Branch,MasterCard,0,1,1,3,15.89,36683.19,392,0
1045,2024-06-04 00:59:48,0,1,0,316.95,Airport Terminal,Amex,0,1,2,1,1.61,21128.14,851,0
7335,2024-05-15 01:02:05,1,2,0,401.7,Downtown Branch,MasterCard,0,1,3,5,42.31,3201.24,63,0
1558,2024-01-29 13:05:02,13,0,0,135.27,Hotel Lobby,Amex,0,1,1,5,46.69,34801.31,3541,0
3740,2024-07-10 20:35:26,20,2,0,30.46,Hospital,Amex,0,1,2,5,27.37,46106.1,421,0
3523,2024-05-21 06:58:39,6,1,0,92.91,University Campus,MasterCard,0,1,2,4,33.94,14625.33,49,0
181,2024-08-18 13:54:53,13,6,1,181.46,Suburban Branch,Visa,0,1,3,5,23.74,930.18,1386,0
2116,2024-09-05 21:46:53,21,3,0,64.6,Train Station,MasterCard,0,1,1,3,9.04,22372.29,2909,0
1700,2024-08-27 08:08:32,8,1,0,66.73,Downtown Branch,RuPay,0,1,3,5,13.68,39406.13,1735,0
1380,2024-10-09 00:39:41,0,2,0,284.49,Hotel Lobby,Amex,0,1,3,7,18.61,49177.29,3172,0
7230,2024-12-27 21:56:03,21,4,0,157.92,Downtown Branch,Amex,0,1,2,7,36.58,48851.5,353,0
9144,2024-04-16 12:16:55,12,1,0,126.46,Shopping Mall,MasterCard,0,0,2,6,17.85,12836.5,3144,0
619,2024-02-02 11:06:39,11,4,0,278.44,Airport Terminal,Visa,0,0,2,4,24.52,30198.28,2125,0
3182,2024-11-25 22:08:44,22,0,0,214.9,Downtown Branch,Visa,0,1,1,2,11.2,5402.49,1291,0
9852,2024-11-01 12:14:41,12,4,0,264.84,Hotel Lobby,Visa,3,1,5,18,3939.35,1190.16,124,1
1601,2024-11-06 01:29:18,1,2,0,36.28,University Campus,Amex,0,1,3,7,48.75,29951.32,2862,0
5964,2024-08-10 10:59:37,10,5,1,183.08,Gas Station,RuPay,0,1,3,6,44.85,33050.26,770,0
1616,2024-12-25 17:54:55,17,2,0,419.55,Remote Village,MasterCard,1,1,1,4,26.08,35263.84,2413,0
5921,2024-02-14 12:08:00,12,2,0,249.82,Suburban Branch,RuPay,0,1,2,3,48.52,8154.43,3545,0
9592,2024-08-14 14:21:39,14,2,0,114.81,Hospital,Visa,1,1,7,27,2414.11,1408.89,134,1
3892,2024-02-16 11:59:32,11,4,0,243.8,University Campus,MasterCard,0,1,2,8,4.7,21272.66,1167,0
2084,2024-10-01 01:23:38,1,1,0,240.33,Downtown Branch,RuPay,0,1,1,6,12.98,37611.87,2836,0
4575,2024-11-14 16:36:09,16,3,0,271.06,Downtown Branch,RuPay,0,1,2,7,43.69,25333.16,2576,0
5595,2024-03-01 09:17:37,9,4,0,98.12,Train Station,Amex,0,1,3,6,23.38,18374.03,1810,0
5122,2024-01-18 14:54:52,14,3,0,223.65,Downtown Branch,Visa,0,1,3,2,27.58,34138.2,225,0
4588,2024-09-06 01:01:12,1,4,0,152.12,Shopping Mall,RuPay,1,0,2,4,20.83,27329.29,337,0
4903,2024-05-08 16:15:50,16,2,0,353.75,Remote Village,Amex,1,1,2,1,49.14,8614.4,610,0
8253,2024-08-14 16:43:30,16,2,0,121.15,Downtown Branch,MasterCard,0,1,3,4,34.53,30480.24,1888,0
5917,2024-01-05 11:43:21,11,4,0,426.63,Airport Terminal,RuPay,0,1,1,2,48.73,26058.6,3594,0
5130,2024-01-01 14:55:25,14,0,0,97.47,Train Station,Amex,0,1,1,7,33.7,17961.62,445,0
8335,2024-11-08 18:46:34,18,4,0,265.58,Airport Terminal,Visa,0,1,1,2,11.68,46313.6,2127,0
1919,2024-02-04 23:18:16,23,6,1,246.11,Shopping Mall,MasterCard,0,1,2,5,28.77,26389.61,2699,0
8331,2024-09-02 14:05:07,14,0,0,329.28,Shopping Mall,Visa,0,1,2,1,24.13,33195.03,1906,0
5708,2024-10-20 09:23:19,9,6,1,258.05,Remote Village,MasterCard,0,1,1,8,29.7,3359.39,3546,0
5385,2024-06-04 15:03:08,15,1,0,314.35,Suburban Branch,MasterCard,0,1,1,4,4.29,23584.85,3136,0
6337,2024-12-07 22:42:55,22,5,1,394.82,Remote Village,Amex,0,1,1,4,34.31,14096.81,3184,0
2055,2024-07-27 11:42:52,11,5,1,31.14,Gas Station,MasterCard,0,1,1,6,42.34,40846.28,209,0
7613,2024-11-14 21:07:22,21,3,0,30.07,Airport Terminal,MasterCard,0,1,2,3,36.33,672.44,360,0
9210,2024-02-10 11:58:42,11,5,1,269.57,Remote Village,Visa,0,1,2,6,27.37,33328.43,2050,0
3964,2024-06-03 01:46:28,1,0,0,474.24,Remote Village,Visa,0,1,1,5,3.85,47001.41,418,0
1127,2024-06-20 16:29:22,16,3,0,193.28,Remote Village,Amex,0,1,1,6,45.79,25189.39,83,0
3429,2024-02-03 03:54:23,3,5,1,438.28,Airport Terminal,Amex,1,1,2,6,9.0,29850.83,2664,0
4602,2024-09-28 10:01:50,10,5,1,223.67,Remote Village,Amex,0,1,3,1,26.96,22623.82,846,0
3722,2024-07-19 16:32:01,16,4,0,305.22,Shopping Mall,Amex,0,1,1,5,0.24,10875.66,1041,0
2390,2024-02-15 16:40:20,16,3,0,326.99,Hotel Lobby,Visa,1,1,3,1,29.94,23271.63,1014,0
1323,2024-09-17 21:16:23,21,1,0,292.06,Airport Terminal,MasterCard,1,1,1,3,6.75,15075.22,1642,0
1604,2024-03-17 02:44:51,2,6,1,278.85,Shopping Mall,Visa,2,1,3,8,13.75,39034.37,2545,0
7225,2024-09-23 04:44:06,4,0,0,476.87,Remote Village,Visa,2,1,2,3,37.22,30400.71,2027,0
7426,2024-08-03 04:14:46,4,5,1,208.9,University Campus,RuPay,1,1,2,2,9.99,49753.29,97,0
4337,2024-05-09 21:36:22,21,3,0,146.71,Shopping Mall,MasterCard,0,1,3,5,45.11,10248.54,3047,0
5594,2024-09-27 15:21:12,15,4,0,29.47,Train Station,Amex,0,1,2,5,33.35,19675.46,1370,0
4412,2024-06-17 16:58:56,16,0,0,108.89,Suburban Branch,MasterCard,0,1,3,7,19.88,33115.81,3272,0
5859,2024-02-13 10:18:26,10,1,0,415.42,Hospital,MasterCard,1,1,3,5,19.76,18710.52,3234,0
9344,2024-04-25 05:43:08,5,3,0,116.69,Hospital,RuPay,1,0,2,6,15.84,46038.78,3541,0
3992,2024-02-07 20:58:36,20,2,0,409.16,Downtown Branch,Visa,0,1,2,6,25.87,2349.68,619,0
6080,2024-01-17 06:38:55,6,2,0,357.17,Train Station,RuPay,0,1,3,5,47.79,33674.23,1315,0
1560,2024-06-15 11:29:22,11,5,1,228.98,Downtown Branch,Visa,0,1,1,2,37.32,21383.15,3497,0
4683,2024-11-03 05:57:34,5,6,1,180.86,Hotel Lobby,Visa,0,1,2,8,31.84,1591.89,1915,0
7558,2024-08-24 09:29:11,9,5,1,43.76,Hotel Lobby,Amex,0,0,2,6,22.56,13250.53,2317,0
3773,2024-05-08 01:01:51,1,2,0,429.33,Suburban Branch,Visa,1,1,1,5,0.8,10909.86,2947,0
8780,2024-08-14 22:02:18,22,2,0,247.28,Hospital,Visa,0,1,2,6,18.37,5898.83,1532,0
3458,2024-04-22 10:02:25,10,0,0,364.82,Gas Station,Amex,1,1,2,7,22.67,39773.93,321,0
8384,2024-09-25 07:39:08,7,2,0,70.84,Gas Station,RuPay,0,1,2,3,6.77,4421.4,3158,0
1355,2024-04-25 19:12:40,19,3,0,145.27,Downtown Branch,RuPay,0,1,3,7,3.94,23300.48,634,0
46,2024-08-04 11:23:54,11,6,1,139.62,Train Station,RuPay,0,1,2,6,47.5,44582.15,2539,0
9873,2024-11-29 20:42:22,20,4,0,172.16,Hospital,MasterCard,2,1,4,27,1059.78,-238.64,169,1
749,2024-10-23 07:28:23,7,2,0,286.26,Gas Station,MasterCard,0,1,2,2,42.31,25071.58,3236,0
7918,2024-01-29 14:03:00,14,0,0,265.47,Airport Terminal,MasterCard,0,1,3,6,44.51,35177.16,1312,0
4242,2024-01-12 14:40:50,14,4,0,428.27,Suburban Branch,Amex,0,1,1,5,0.24,43292.36,3124,0
5629,2024-05-11 20:21:46,20,5,1,273.37,Train Station,MasterCard,0,1,1,3,9.12,4217.09,2826,0
4658,2024-10-14 20:05:00,20,0,0,241.07,Suburban Branch,Amex,1,1,3,2,18.66,16873.96,2290,0
4239,2024-01-10 10:32:55,10,2,0,431.38,Hotel Lobby,Visa,0,1,2,3,43.84,4562.6,2350,0
3461,2024-10-18 23:36:51,23,4,0,411.0,Train Station,Visa,1,1,2,7,43.07,24084.83,1644,0
7382,2024-09-01 01:48:55,1,6,1,121.95,Remote Village,Amex,0,1,2,5,44.66,401.96,2550,0
5550,2024-05-15 23:20:28,23,2,0,278.66,Downtown Branch,RuPay,0,1,3,5,11.44,33561.3,459,0
7076,2024-11-28 18:05:54,18,3,0,128.18,Airport Terminal,MasterCard,0,1,1,1,2.31,5469.05,1172,0
5839,2024-05-14 18:08:50,18,1,0,212.81,Downtown Branch,Amex,0,1,1,7,23.61,49226.51,616,0
8092,2024-04-08 17:53:27,17,0,0,251.67,Gas Station,RuPay,0,1,2,8,29.23,28302.9,2189,0
5475,2024-05-29 23:22:29,23,2,0,319.77,Hotel Lobby,MasterCard,0,1,3,5,19.92,21875.01,2593,0
3615,2024-10-17 17:33:12,17,3,0,467.99,University Campus,Visa,0,1,1,6,45.18,37170.9,2092,0
7502,2024-06-22 19:17:36,19,5,1,307.57,Hospital,MasterCard,2,1,2,2,14.17,13017.69,99,0
7054,2024-02-29 03:53:31,3,3,0,268.23,Shopping Mall,Visa,0,1,2,1,22.3,32386.18,2688,0
7368,2024-05-03 23:10:26,23,4,0,426.63,University Campus,RuPay,0,1,1,2,38.28,6333.23,1603,0
8020,2024-10-17 16:35:24,16,3,0,120.28,Remote Village,RuPay,0,1,3,6,29.32,31442.21,659,0
9639,2024-02-22 20:42:33,20,3,0,253.26,Downtown Branch,Amex,2,0,5,20,4630.6,1329.58,305,1
9056,2024-03-16 06:27:52,6,5,1,199.94,Airport Terminal,Amex,0,1,3,7,0.19,40507.43,2672,0
665,2024-09-07 05:15:13,5,5,1,429.21,Train Station,RuPay,1,1,1,2,15.7,14969.16,290,0
2320,2024-10-08 15:20:07,15,1,0,230.1,University Campus,RuPay,0,1,2,6,30.86,905.66,1972,0
3543,2024-02-20 15:45:09,15,1,0,25.22,Shopping Mall,RuPay,0,1,1,5,1.38,44780.02,3510,0
3678,2024-05-02 04:58:38,4,3,0,373.19,University Campus,RuPay,0,1,3,6,3.73,23051.36,1204,0
9600,2024-05-27 23:45:31,23,0,0,158.8,Hospital,Amex,2,0,4,7,4587.28,1161.66,242,1
3092,2024-03-27 15:56:45,15,2,0,495.42,Train Station,Visa,0,1,2,7,12.33,28019.74,1497,0
676,2024-09-01 17:28:58,17,6,1,232.83,Downtown Branch,MasterCard,0,1,3,5,15.69,4203.38,676,0
8677,2024-08-29 02:01:13,2,3,0,423.38,Shopping Mall,Visa,0,1,1,7,29.57,22963.42,3038,0
4885,2024-06-29 06:17:27,6,5,1,181.38,Airport Terminal,Amex,0,1,1,3,36.41,31172.23,3273,0
8080,2024-09-26 13:18:57,13,3,0,187.42,Gas Station,Amex,0,1,1,8,26.69,10617.82,2576,0
1963,2024-05-02 17:03:03,17,3,0,348.45,Airport Terminal,MasterCard,0,1,2,7,16.34,33078.6,1371,0
1841,2024-04-21 14:06:15,14,6,1,194.52,University Campus,Amex,0,1,1,3,11.33,21398.39,2107,0
7169,2024-11-01 08:59:53,8,4,0,323.15,Shopping Mall,RuPay,0,1,1,5,36.66,37359.4,2123,0
9899,2024-05-14 18:00:36,18,1,0,192.1,Gas Station,Amex,1,1,10,23,4778.5,-21.43,193,1
3539,2024-01-02 00:30:07,0,1,0,273.26,Shopping Mall,Amex,0,1,2,8,22.33,11710.98,2063,0
8027,2024-04-18 15:44:33,15,3,0,172.53,Hotel Lobby,Amex,0,1,1,5,23.42,24039.88,1746,0
4867,2024-02-22 01:53:20,1,3,0,178.5,Shopping Mall,Visa,0,1,3,1,37.2,10358.41,3120,0
4175,2024-01-03 11:06:54,11,2,0,483.61,Shopping Mall,RuPay,1,1,2,2,42.19,22578.3,966,0
8089,2024-10-27 17:03:45,17,6,1,403.45,Train Station,Visa,0,1,2,7,14.35,706.33,3555,0
4378,2024-03-02 02:44:56,2,5,1,341.27,Hospital,RuPay,0,1,1,4,45.61,22430.7,2218,0
6212,2024-11-18 15:09:35,15,0,0,125.32,Remote Village,Amex,0,1,3,1,13.55,5239.48,3438,0
4767,2024-09-16 01:50:13,1,0,0,329.49,Hospital,MasterCard,0,1,2,2,31.07,14218.98,2027,0
412,2024-05-26 06:43:17,6,6,1,333.76,Airport Terminal,Amex,0,1,2,4,25.82,17709.61,3584,0
614,2024-06-20 05:22:47,5,3,0,145.0,Suburban Branch,MasterCard,0,1,3,6,48.9,7482.42,1866,0
6127,2024-05-06 05:37:16,5,0,0,382.6,Gas Station,RuPay,0,1,3,4,43.91,31013.51,2043,0
5211,2024-07-23 02:33:30,2,1,0,241.42,Gas Station,Amex,0,1,1,5,43.78,1195.37,1016,0
1431,2024-01-31 18:42:48,18,2,0,272.12,Shopping Mall,Amex,0,1,2,5,43.55,9382.4,1707,0
2426,2024-02-10 02:39:12,2,5,1,255.63,Train Station,MasterCard,0,1,3,2,44.12,17107.28,891,0
8842,2024-03-02 21:43:46,21,5,1,281.29,Downtown Branch,MasterCard,0,1,2,3,20.72,33277.7,2514,0
3834,2024-09-25 06:45:14,6,2,0,282.46,Downtown Branch,MasterCard,0,1,2,4,0.29,33378.24,3174,0
4719,2024-11-07 08:36:16,8,3,0,61.76,Airport Terminal,MasterCard,0,1,2,5,22.48,8909.57,3420,0
7186,2024-08-17 05:56:47,5,5,1,315.55,Suburban Branch,RuPay,0,1,2,8,23.23,7468.21,2547,0
1418,2024-06-15 02:31:15,2,5,1,321.49,Airport Terminal,Visa,0,1,2,6,5.97,9137.13,1510,0
7200,2024-04-05 20:54:30,20,4,0,141.62,Hospital,Visa,1,1,2,7,27.33,350.14,755,0
605,2024-02-23 18:02:08,18,4,0,491.0,Airport Terminal,Amex,0,1,3,4,37.66,38068.21,1342,0
1273,2024-11-04 23:07:45,23,0,0,278.37,Suburban Branch,Amex,0,1,3,6,5.24,41332.06,963,0
3965,2024-08-19 18:49:53,18,0,0,186.24,Hospital,Visa,0,1,2,1,25.53,26683.77,3043,0
6368,2024-06-12 12:09:07,12,2,0,493.55,Train Station,Visa,0,1,1,5,29.19,47459.2,1166,0
8747,2024-03-14 03:45:19,3,3,0,230.56,Downtown Branch,Visa,0,1,1,2,31.45,10619.36,2771,0
248,2024-12-27 03:30:19,3,4,0,492.27,Shopping Mall,MasterCard,0,1,2,7,47.92,11669.59,1689,0
9227,2024-10-29 09:40:01,9,1,0,94.78,Hotel Lobby,RuPay,0,1,2,5,34.61,9255.34,75,0
1983,2024-07-16 22:20:51,22,1,0,365.9,University Campus,Amex,0,1,1,1,35.22,31368.9,2260,0
2836,2024-06-26 18:18:10,18,2,0,177.5,Remote Village,RuPay,2,1,1,8,36.28,1463.34,909,0
5376,2024-09-15 22:10:25,22,6,1,126.2,Hospital,Visa,0,1,2,5,7.29,45087.43,504,0
200,2024-10-22 21:02:46,21,1,0,138.78,Airport Terminal,MasterCard,0,1,3,6,3.91,28252.02,282,0
486,2024-03-31 11:39:46,11,6,1,143.0,Remote Village,RuPay,0,1,1,2,36.18,39665.92,738,0
6084,2024-12-19 17:20:47,17,3,0,401.55,Airport Terminal,Visa,1,1,2,6,37.16,38002.8,1594,0
8957,2024-04-08 23:04:39,23,0,0,430.35,Gas Station,RuPay,0,1,2,2,5.72,18162.7,2417,0
456,2024-08-17 10:56:36,10,5,1,306.84,Remote Village,Visa,0,1,3,5,45.45,24134.42,960,0
9799,2024-07-30 03:39:09,3,1,0,1645.48,Remote Village,RuPay,3,1,15,7,2388.82,296.09,140,1
8827,2024-07-19 07:05:36,7,4,0,313.6,Train Station,Amex,1,1,1,7,17.02,46670.98,1836,0
6516,2024-08-26 15:44:16,15,0,0,488.1,Suburban Branch,Amex,0,1,3,5,40.17,23443.86,1026,0
1722,2024-07-14 12:36:44,12,6,1,175.66,Gas Station,RuPay,0,1,3,7,12.72,32675.78,1198,0
7051,2024-10-12 19:18:12,19,5,1,393.86,Gas Station,RuPay,0,1,1,3,17.27,2924.47,3007,0
6383,2024-05-29 19:23:52,19,2,0,425.25,Downtown Branch,RuPay,0,1,2,5,42.42,42521.94,2291,0
8166,2024-03-15 02:25:56,2,4,0,117.42,Hospital,Visa,0,1,1,1,26.61,7122.64,2067,0
5768,2024-06-22 21:40:02,21,5,1,233.31,Shopping Mall,RuPay,1,1,2,5,47.56,33986.46,2816,0
5810,2024-07-29 00:07:12,0,0,0,167.64,Shopping Mall,MasterCard,0,1,3,8,29.4,5287.48,948,0
4627,2024-01-03 09:09:19,9,2,0,434.93,Gas Station,Visa,0,1,3,1,3.96,35066.81,851,0
863,2024-04-27 13:16:17,13,5,1,350.23,Hospital,RuPay,1,1,3,2,38.89,43258.3,2693,0
2095,2024-08-27 12:52:53,12,1,0,443.86,Gas Station,MasterCard,0,1,3,7,28.86,11711.18,1565,0
948,2024-08-29 00:32:20,0,3,0,489.17,University Campus,MasterCard,0,1,3,1,7.73,5354.37,1569,0
5642,2024-08-18 15:46:15,15,6,1,414.77,Hospital,Amex,0,1,3,7,22.37,49025.32,3384,0
1445,2024-01-05 07:03:03,7,4,0,496.21,Suburban Branch,RuPay,0,1,1,4,31.53,18626.19,1866,0
1281,2024-11-25 01:05:14,1,0,0,184.78,Hotel Lobby,MasterCard,0,1,2,5,24.98,9309.86,1674,0
3111,2024-05-08 04:55:04,4,2,0,436.54,Gas Station,RuPay,0,1,1,5,29.37,3024.05,1983,0
8953,2024-05-26 11:37:28,11,6,1,93.13,Gas Station,RuPay,0,1,3,6,40.1,38534.62,864,0
7610,2024-08-10 11:25:04,11,5,1,70.66,University Campus,MasterCard,0,1,2,6,42.98,19886.38,2397,0
5136,2024-03-02 07:34:43,7,5,1,87.69,University Campus,Visa,0,1,2,4,0.88,44037.58,2548,0
3017,2024-09-25 17:01:03,17,2,0,104.43,Suburban Branch,Visa,0,1,1,8,11.96,40987.39,505,0
2303,2024-12-10 18:33:34,18,1,0,252.03,Airport Terminal,RuPay,0,1,1,6,42.54,10002.76,2224,0
2005,2024-03-07 22:48:13,22,3,0,221.22,Remote Village,RuPay,0,1,1,5,19.13,21637.9,2846,0
4581,2024-01-25 02:57:09,2,3,0,267.5,University Campus,MasterCard,0,1,1,5,40.47,3614.92,2512,0
8705,2024-05-12 18:55:10,18,6,1,108.62,Hospital,MasterCard,0,1,3,4,11.32,30717.49,2072,0
1006,2024-01-05 22:41:49,22,4,0,339.7,Downtown Branch,Amex,0,1,2,2,8.54,38037.01,69,0
5139,2024-05-07 15:42:33,15,1,0,60.07,Hotel Lobby,MasterCard,1,1,3,3,10.63,44079.49,2843,0
4318,2024-07-18 00:54:57,0,3,0,370.95,Airport Terminal,RuPay,0,1,2,2,30.74,29720.0,42,0
6559,2024-02-27 09:19:47,9,1,0,380.36,Gas Station,Visa,0,1,1,7,8.64,25537.76,113,0
4388,2024-01-10 09:34:07,9,2,0,405.37,University Campus,RuPay,0,1,2,3,10.61,42580.01,1261,0
2133,2024-08-13 12:37:56,12,1,0,193.43,Airport Terminal,Visa,0,1,2,1,0.94,11656.81,336,0
4266,2024-12-25 15:55:32,15,2,0,53.25,Downtown Branch,Amex,0,1,1,8,30.7,17614.67,2280,0
2058,2024-02-09 00:32:33,0,4,0,362.49,Suburban Branch,Visa,0,1,1,4,8.16,49975.18,855,0
5387,2024-09-11 13:31:24,13,2,0,474.26,Suburban Branch,RuPay,0,1,2,8,5.51,28803.69,1838,0
230,2024-01-21 20:29:13,20,6,1,66.89,Airport Terminal,Amex,0,1,3,7,48.45,16386.19,2627,0
2890,2024-12-04 08:10:24,8,2,0,219.46,Airport Terminal,Amex,0,1,2,7,41.81,23615.15,2799,0
4473,2024-12-25 19:01:20,19,2,0,181.29,Train Station,MasterCard,0,1,2,6,28.26,42014.74,2653,0
6065,2024-11-03 14:44:54,14,6,1,383.5,Hotel Lobby,Amex,0,1,3,6,28.73,42270.93,3063,0
7925,2024-07-12 23:19:44,23,4,0,45.67,University Campus,MasterCard,0,1,3,4,30.93,46408.81,757,0
7650,2024-10-17 03:23:12,3,3,0,200.0,Train Station,RuPay,0,1,2,8,19.67,29802.88,1025,0
8382,2024-01-26 00:49:00,0,4,0,96.2,Shopping Mall,MasterCard,0,1,3,8,28.35,2675.46,3056,0
210,2024-04-02 00:06:20,0,1,0,164.85,Suburban Branch,MasterCard,0,1,2,5,3.05,47431.16,3633,0
2759,2024-09-12 18:07:01,18,3,0,435.15,Gas Station,Visa,0,1,1,8,15.98,37012.1,3224,0
8472,2024-09-23 20:44:31,20,0,0,496.44,Remote Village,RuPay,0,1,1,6,24.14,38199.24,328,0
2949,2024-02-02 07:32:04,7,4,0,422.46,Airport Terminal,Visa,0,1,1,5,27.81,26162.74,41,0
7117,2024-02-24 01:41:53,1,5,1,459.45,Remote Village,Amex,0,1,1,2,21.59,7880.92,1222,0
6331,2024-01-26 18:12:12,18,4,0,307.06,University Campus,Visa,0,1,2,7,47.09,39500.28,3605,0
1729,2024-11-23 05:13:47,5,5,1,223.99,Gas Station,MasterCard,2,1,3,6,13.08,21432.12,3412,0
4177,2024-12-30 03:59:15,3,0,0,111.92,Hospital,Amex,0,1,1,8,17.76,5360.17,1167,0
338,2024-08-14 23:48:54,23,2,0,69.11,Hotel Lobby,Amex,0,1,3,5,14.92,5494.42,291,0
4985,2024-03-24 21:16:51,21,6,1,181.91,Gas Station,RuPay,0,1,2,7,2.65,35628.68,2612,0
6879,2024-01-09 06:57:35,6,1,0,319.58,University Campus,RuPay,2,1,1,8,33.46,34549.19,1049,0
7249,2024-11-18 11:35:06,11,0,0,348.03,Shopping Mall,MasterCard,0,1,2,8,29.17,22745.46,3361,0
8453,2024-10-25 14:34:58,14,4,0,189.65,Train Station,RuPay,1,1,1,6,49.0,22476.43,49,0
1227,2024-09-29 07:47:15,7,6,1,60.54,Hospital,MasterCard,0,1,1,5,36.48,44876.83,215,0
7609,2024-11-17 08:56:39,8,6,1,178.58,Remote Village,RuPay,0,1,1,7,35.81,32060.49,2242,0
6828,2024-10-22 00:38:01,0,1,0,233.46,Downtown Branch,MasterCard,0,1,2,3,19.29,20373.87,2501,0
3541,2024-09-13 06:31:17,6,4,0,161.18,Suburban Branch,MasterCard,0,1,2,1,4.21,45148.22,1839,0
5869,2024-03-04 03:09:27,3,0,0,390.49,Suburban Branch,MasterCard,0,1,1,4,8.76,40547.95,1583,0
2112,2024-12-05 20:57:41,20,3,0,97.86,Hospital,Amex,0,1,3,7,6.61,40611.1,139,0
2692,2024-09-08 17:16:06,17,6,1,483.87,Gas Station,Amex,0,1,3,6,43.78,18767.22,906,0
7154,2024-07-24 02:39:24,2,2,0,410.56,Airport Terminal,RuPay,0,1,3,5,22.54,28689.14,568,0
3708,2024-10-28 10:44:18,10,0,0,78.59,Gas Station,MasterCard,0,1,2,6,12.77,40537.88,729,0
1018,2024-06-16 19:00:18,19,6,1,300.91,University Campus,RuPay,0,1,2,4,40.59,31888.53,1760,0
8512,2024-05-07 16:56:02,16,1,0,494.57,Shopping Mall,Amex,0,1,2,7,19.81,34842.94,1372,0
2808,2024-07-26 04:16:31,4,4,0,126.53,Remote Village,MasterCard,0,1,3,6,5.16,12839.63,1193,0
5016,2024-01-12 20:05:59,20,4,0,340.11,Gas Station,MasterCard,1,1,3,6,2.88,19791.08,660,0
1929,2024-11-16 14:25:14,14,5,1,299.36,Suburban Branch,RuPay,0,1,3,5,12.37,3845.51,551,0
351,2024-06-17 10:03:10,10,0,0,446.23,Hotel Lobby,RuPay,2,0,2,6,37.51,8327.69,3355,0
5174,2024-09-23 02:00:05,2,0,0,77.97,Hotel Lobby,MasterCard,0,1,1,1,4.69,19260.68,569,0
4193,2024-05-29 09:08:42,9,2,0,237.12,Airport Terminal,Amex,0,1,2,7,22.3,36620.52,300,0
1935,2024-06-13 07:07:28,7,3,0,303.33,Airport Terminal,RuPay,2,1,3,7,24.22,28165.55,2296,0
6902,2024-02-10 19:40:50,19,5,1,353.11,Shopping Mall,Visa,1,1,1,6,6.68,27584.47,3619,0
4824,2024-07-04 02:45:11,2,3,0,192.09,Gas Station,RuPay,1,1,1,4,36.62,36800.01,2924,0
565,2024-09-06 10:18:26,10,4,0,146.91,Downtown Branch,MasterCard,0,1,2,8,15.07,37332.91,3111,0
1583,2024-05-31 17:56:30,17,4,0,97.91,Train Station,MasterCard,0,1,3,7,38.15,20641.14,562,0
4695,2024-10-17 00:06:24,0,3,0,36.36,Hospital,RuPay,0,1,1,2,41.83,6078.98,3430,0
2176,2024-06-26 04:55:34,4,2,0,47.27,Shopping Mall,Amex,0,0,2,4,33.63,44129.92,1179,0
7029,2024-08-08 08:49:09,8,3,0,431.08,Train Station,MasterCard,0,1,1,3,46.57,25934.47,91,0
4881,2024-10-10 23:26:36,23,3,0,388.95,Hospital,Amex,0,1,2,6,20.18,12865.27,2056,0
2229,2024-01-18 00:39:45,0,3,0,173.13,Remote Village,Visa,0,1,2,6,11.26,4619.09,2313,0
1116,2024-03-04 18:48:39,18,0,0,271.7,Downtown Branch,Amex,0,1,1,3,23.52,49666.18,52,0
3127,2024-09-16 02:59:30,2,0,0,370.34,University Campus,RuPay,1,1,3,4,9.78,9187.27,1492,0
3545,2024-09-18 21:56:19,21,2,0,245.15,Gas Station,RuPay,0,1,2,2,35.95,23098.33,2767,0
5049,2024-11-16 19:37:24,19,5,1,406.12,University Campus,Visa,0,1,3,5,24.38,11365.01,652,0
7477,2024-03-31 03:57:19,3,6,1,142.17,Suburban Branch,Visa,0,1,2,1,47.32,18286.98,3105,0
822,2024-05-13 02:27:37,2,0,0,136.28,University Campus,MasterCard,0,1,3,4,30.4,19136.15,1347,0
6533,2024-08-26 03:42:04,3,0,0,360.62,Hospital,MasterCard,0,1,3,1,9.34,28015.16,2526,0
2273,2024-02-29 18:17:33,18,3,0,459.83,Hospital,MasterCard,0,1,1,6,36.57,27073.81,3044,0
5546,2024-06-04 07:56:19,7,1,0,53.08,Hotel Lobby,Amex,0,1,1,3,29.75,45651.87,2534,0
82,2024-03-28 06:21:42,6,3,0,496.28,Train Station,Amex,1,1,3,3,24.92,35858.51,2114,0
1324,2024-02-13 02:19:56,2,1,0,496.59,University Campus,Amex,0,0,2,5,35.57,47443.21,370,0
9406,2024-09-20 10:55:04,10,4,0,209.7,Hospital,Amex,0,1,2,1,25.38,30749.14,1412,0
1615,2024-01-07 01:42:16,1,6,1,312.74,Gas Station,Visa,0,1,1,1,9.71,31443.57,521,0
832,2024-04-04 02:53:32,2,3,0,249.31,Hotel Lobby,RuPay,1,1,3,1,34.87,32302.14,1100,0
3884,2024-12-04 07:58:01,7,2,0,328.55,Gas Station,Visa,0,1,3,7,20.07,12464.46,2518,0
8642,2024-10-15 07:30:51,7,1,0,447.86,Downtown Branch,RuPay,0,1,2,6,22.14,13734.71,1637,0
4465,2024-09-11 08:37:26,8,2,0,316.08,Gas Station,MasterCard,0,1,3,2,33.26,12382.93,2682,0
5340,2024-09-12 20:36:11,20,3,0,137.06,Hospital,RuPay,1,1,3,4,6.7,27665.25,1509,0
8067,2024-07-16 13:52:14,13,1,0,133.75,Airport Terminal,MasterCard,0,1,2,2,43.25,31320.41,219,0
1650,2024-07-01 13:37:04,13,0,0,59.67,Train Station,MasterCard,0,1,1,3,19.89,31701.21,3027,0
4066,2024-11-26 05:09:49,5,1,0,479.59,Gas Station,MasterCard,1,1,2,2,45.12,45316.23,1172,0
9666,2024-05-06 04:41:04,4,0,0,494.82,Hospital,RuPay,0,1,7,28,646.14,537.76,9,1
3039,2024-02-20 14:11:56,14,1,0,38.52,Train Station,Amex,0,1,1,8,24.04,1962.09,1095,0
3321,2024-11-29 06:08:28,6,4,0,253.66,Train Station,Visa,0,1,1,6,13.92,29268.36,499,0
7144,2024-10-11 07:05:38,7,4,0,190.09,Hotel Lobby,MasterCard,0,1,2,7,31.09,11324.82,671,0
6890,2024-07-31 20:16:48,20,2,0,220.49,Train Station,Visa,0,1,2,4,41.26,15047.89,542,0
5093,2024-05-22 15:19:22,15,2,0,440.48,Shopping Mall,Amex,0,1,1,8,13.94,24358.36,750,0
3721,2024-05-26 23:22:05,23,6,1,370.21,Train Station,RuPay,0,1,1,1,27.92,27207.24,820,0
2424,2024-10-27 04:02:07,4,6,1,456.0,Suburban Branch,MasterCard,0,1,3,3,43.69,35181.65,329,0
750,2024-05-24 23:27:24,23,4,0,279.41,University Campus,Amex,0,1,2,8,2.09,40650.92,3427,0
5272,2024-11-10 03:00:46,3,6,1,243.58,Remote Village,RuPay,0,1,1,2,45.23,9653.55,210,0
2374,2024-08-23 00:50:18,0,4,0,54.44,Airport Terminal,RuPay,0,1,3,8,15.08,48534.23,2723,0
4694,2024-01-29 00:51:37,0,0,0,69.67,Downtown Branch,RuPay,0,1,3,3,1.66,28529.39,2043,0
9880,2024-12-13 03:42:11,3,4,0,1470.67,Remote Village,Visa,4,0,3,8,4552.48,1890.05,96,1
8371,2024-11-19 18:53:02,18,1,0,116.56,Shopping Mall,RuPay,0,1,3,2,12.74,29893.51,3199,0
7320,2024-01-20 00:43:45,0,5,1,200.13,Shopping Mall,Amex,0,1,1,7,47.78,42276.91,1916,0
4369,2024-04-15 10:14:23,10,0,0,448.18,Suburban Branch,MasterCard,0,1,2,5,33.64,3152.95,705,0
6786,2024-11-27 07:28:04,7,2,0,338.74,University Campus,Visa,0,1,3,7,6.59,36397.61,2460,0
7402,2024-02-26 19:26:30,19,0,0,441.46,Remote Village,MasterCard,0,1,2,7,18.74,19770.74,2614,0
1140,2024-05-14 17:32:34,17,1,0,330.08,Gas Station,MasterCard,0,1,3,5,4.54,38693.11,1087,0
7632,2024-12-10 23:24:21,23,1,0,248.9,Airport Terminal,RuPay,0,1,3,6,6.2,32167.87,292,0
2232,2024-05-02 07:03:20,7,3,0,355.72,University Campus,RuPay,0,0,2,2,40.54,42033.79,1298,0
2165,2024-05-06 22:19:20,22,0,0,165.19,Remote Village,RuPay,2,1,1,5,17.94,28322.48,1744,0
5218,2024-08-19 17:35:11,17,0,0,295.65,Downtown Branch,RuPay,0,1,2,7,36.45,8233.16,2006,0
9445,2024-06-17 08:04:08,8,0,0,115.02,Gas Station,RuPay,0,1,1,5,6.09,14959.3,3389,0
9238,2024-09-14 18:58:38,18,5,1,457.28,Gas Station,Amex,0,1,3,1,47.12,226.36,2861,0
4562,2024-06-26 22:40:33,22,2,0,281.93,Downtown Branch,MasterCard,0,1,3,2,42.81,5872.25,1050,0
1571,2024-08-29 15:29:27,15,3,0,355.85,Train Station,RuPay,2,1,3,2,22.86,20943.41,155,0
173,2024-10-22 09:54:41,9,1,0,197.86,Hotel Lobby,Amex,0,1,1,5,22.48,7129.79,237,0
7164,2024-01-17 02:47:54,2,2,0,86.23,Airport Terminal,RuPay,0,1,2,1,15.0,14556.28,2063,0
2088,2024-06-06 20:16:01,20,3,0,450.04,Gas Station,Amex,0,1,3,7,29.57,11764.42,265,0
4668,2024-09-25 08:31:57,8,2,0,228.54,Remote Village,RuPay,0,1,1,8,35.33,9581.02,2343,0
4566,2024-06-17 14:45:36,14,0,0,480.13,Shopping Mall,Amex,0,0,3,8,6.61,5322.27,1424,0
7090,2024-08-19 14:43:09,14,0,0,190.45,University Campus,MasterCard,0,1,2,3,13.05,36332.94,3144,0
6570,2024-09-20 11:10:56,11,4,0,456.46,University Campus,Visa,0,1,1,8,8.52,41851.21,3300,0
4784,2024-05-04 13:51:22,13,5,1,24.81,Downtown Branch,MasterCard,0,1,3,6,38.36,7008.14,1571,0
2685,2024-05-11 16:12:18,16,5,1,118.88,Gas Station,RuPay,0,1,1,4,25.87,32240.23,2745,0
1833,2024-03-27 10:27:01,10,2,0,454.37,Shopping Mall,Visa,0,1,2,6,20.34,9829.46,43,0
8547,2024-05-12 20:24:13,20,6,1,329.81,Shopping Mall,MasterCard,1,1,2,5,22.13,37621.17,433,0
5066,2024-01-30 23:51:33,23,1,0,345.23,Hospital,Amex,0,1,1,8,44.83,8276.35,2105,0
9131,2024-04-12 22:08:07,22,4,0,181.4,Train Station,RuPay,0,1,3,5,49.93,19966.74,1563,0
9356,2024-07-12 19:48:04,19,4,0,450.84,Airport Terminal,Amex,0,1,3,7,23.33,14135.9,1878,0
4413,2024-01-11 08:58:30,8,3,0,485.78,Downtown Branch,MasterCard,0,1,1,4,13.15,10081.74,3371,0
7208,2024-04-15 12:52:04,12,0,0,102.52,Downtown Branch,Visa,0,1,3,4,30.51,31301.01,1647,0
9891,2024-04-17 20:02:12,20,2,0,138.14,Train Station,Visa,3,1,4,15,2007.61,-191.3,24,1
835,2024-07-13 10:21:59,10,5,1,484.49,Hospital,Visa,0,1,3,7,37.62,46223.6,3591,0
6822,2024-08-06 01:30:24,1,1,0,201.54,Airport Terminal,MasterCard,1,1,3,3,24.54,32632.17,1029,0
3782,2024-04-22 21:32:11,21,0,0,331.64,Hotel Lobby,Amex,0,1,2,3,43.78,35351.48,2338,0
9013,2024-02-09 14:33:02,14,4,0,385.2,Shopping Mall,RuPay,0,1,1,7,5.06,21958.02,1029,0
7500,2024-12-21 01:55:13,1,5,1,114.24,Train Station,Visa,0,1,3,1,5.95,8687.66,3379,0
3425,2024-07-04 00:23:40,0,3,0,139.34,Hotel Lobby,Amex,1,1,3,4,3.27,22713.48,154,0
66,2024-02-16 10:19:51,10,4,0,376.58,Shopping Mall,Amex,1,1,3,8,13.82,29520.39,3143,0
2964,2024-06-20 09:53:04,9,3,0,373.59,Airport Terminal,Amex,0,1,1,6,40.03,43093.95,2218,0
5670,2024-10-17 23:06:13,23,3,0,381.61,Suburban Branch,MasterCard,0,1,1,4,45.82,7233.7,2732,0
8963,2024-09-27 21:22:40,21,4,0,420.28,Hotel Lobby,RuPay,0,1,3,6,9.8,21852.73,3623,0
355,2024-06-12 10:48:22,10,2,0,337.6,Gas Station,Visa,0,1,3,3,20.94,44941.23,2125,0
8172,2024-07-16 23:03:06,23,1,0,136.08,University Campus,Amex,0,1,1,8,45.22,23448.29,1069,0
4031,2024-03-17 07:56:28,7,6,1,352.14,Train Station,RuPay,0,1,2,2,21.62,11274.32,2060,0
8535,2024-01-10 00:15:19,0,2,0,264.34,Downtown Branch,Amex,0,1,3,1,16.93,10457.97,2050,0
3652,2024-08-01 19:46:58,19,3,0,471.11,Airport Terminal,RuPay,0,1,3,7,19.8,23889.11,930,0
6740,2024-04-29 21:25:56,21,0,0,389.65,Airport Terminal,Visa,0,1,1,2,33.03,19312.13,234,0
3298,2024-11-01 21:17:54,21,4,0,375.02,Airport Terminal,MasterCard,1,1,3,1,36.98,1416.84,2513,0
4128,2024-09-02 02:31:52,2,0,0,80.1,Gas Station,Visa,1,1,2,7,20.1,8808.73,761,0
8044,2024-12-12 08:33:50,8,3,0,289.32,Suburban Branch,Visa,0,1,1,4,16.83,49420.62,2841,0
4768,2024-11-17 00:08:08,0,6,1,404.0,Hospital,RuPay,0,1,3,1,13.6,35635.91,286,0
473,2024-01-27 17:58:34,17,5,1,274.95,Gas Station,MasterCard,0,1,2,1,38.8,25347.29,3035,0
3762,2024-03-01 18:07:19,18,4,0,318.99,Suburban Branch,Amex,0,1,2,5,14.46,6422.7,812,0
8618,2024-04-08 18:33:32,18,0,0,467.55,Hospital,Amex,0,1,3,1,4.43,32787.46,2382,0
3567,2024-09-09 18:57:38,18,0,0,56.14,Gas Station,Amex,0,1,3,3,45.87,44894.47,229,0
2761,2024-01-22 12:23:08,12,0,0,251.02,Hotel Lobby,RuPay,1,1,3,4,10.08,28685.96,1555,0
869,2024-02-02 20:37:31,20,4,0,490.37,Hotel Lobby,Amex,0,0,1,7,48.86,32942.15,1047,0
9383,2024-04-10 13:10:04,13,2,0,85.16,Shopping Mall,Amex,0,1,1,8,1.14,17050.16,734,0
8689,2024-10-31 05:58:32,5,3,0,45.33,Hotel Lobby,RuPay,0,1,1,5,48.66,7473.86,1494,0
4053,2024-09-14 21:41:09,21,5,1,352.67,University Campus,MasterCard,0,1,2,6,20.74,1485.66,2076,0
6131,2024-08-03 23:46:42,23,5,1,222.52,Airport Terminal,Visa,0,1,2,7,41.75,49985.95,159,0
3245,2024-10-21 14:55:17,14,0,0,23.73,Remote Village,Visa,2,1,3,7,37.96,2635.67,852,0
4843,2024-06-12 08:41:28,8,2,0,353.01,Gas Station,RuPay,0,1,2,6,8.0,6818.06,2125,0
9331,2024-07-03 06:44:20,6,2,0,93.65,Remote Village,Amex,0,1,2,5,46.72,32785.32,2633,0
5641,2024-09-15 22:11:17,22,6,1,308.29,Hotel Lobby,Visa,0,1,3,3,7.74,47636.59,905,0
5781,2024-01-28 18:04:15,18,6,1,48.74,Downtown Branch,Visa,0,1,3,2,11.18,21168.47,1766,0
8541,2024-03-06 08:51:16,8,2,0,132.37,Hospital,Visa,0,1,1,8,42.98,22706.29,3510,0
1076,2024-10-28 13:01:20,13,0,0,456.45,Shopping Mall,MasterCard,0,1,2,6,15.69,4167.15,1754,0
2958,2024-05-15 14:59:03,14,2,0,393.71,Gas Station,MasterCard,0,1,3,6,4.65,44913.76,798,0
6753,2024-01-24 14:24:37,14,2,0,64.68,Gas Station,Amex,0,1,3,3,47.27,31448.12,192,0
8658,2024-05-17 12:47:00,12,4,0,359.19,Airport Terminal,MasterCard,0,1,3,4,48.5,25435.51,951,0
7273,2024-02-25 13:52:21,13,6,1,153.61,Gas Station,Visa,1,1,2,1,29.86,29467.19,2888,0
4760,2024-08-19 20:09:11,20,0,0,383.54,University Campus,Amex,0,1,2,1,21.25,28449.19,2550,0
4863,2024-02-15 11:46:15,11,3,0,339.38,Airport Terminal,Visa,0,1,2,8,18.39,1322.73,167,0
7026,2024-10-06 20:32:06,20,6,1,461.58,Remote Village,Amex,0,1,1,5,0.59,26889.51,2601,0
7648,2024-10-20 09:20:23,9,6,1,382.75,Hospital,Visa,2,1,1,7,18.39,49666.16,188,0
7162,2024-02-18 06:07:52,6,6,1,303.55,Train Station,MasterCard,0,1,3,6,34.31,40692.95,1663,0
74,2024-06-14 02:34:56,2,4,0,75.09,Shopping Mall,Amex,0,1,1,2,2.98,39652.17,2467,0
4902,2024-01-14 23:51:27,23,6,1,486.59,Shopping Mall,Visa,0,1,1,3,45.8,41708.16,1108,0
4376,2024-10-08 23:12:11,23,1,0,437.15,Remote Village,RuPay,0,1,1,1,34.11,3652.17,2497,0
6699,2024-02-22 13:00:31,13,3,0,390.95,Suburban Branch,MasterCard,0,1,2,6,46.84,25992.38,688,0
9806,2024-08-21 19:04:41,19,2,0,131.84,Airport Terminal,RuPay,2,0,15,30,3849.86,1253.56,310,1
1102,2024-01-06 07:08:32,7,5,1,37.32,Suburban Branch,MasterCard,0,1,2,8,2.11,14226.18,129,0
9538,2024-11-02 22:41:17,22,5,1,277.24,Airport Terminal,Amex,2,0,14,28,986.4,166.24,312,1
7656,2024-09-10 23:49:41,23,1,0,45.81,Train Station,Visa,2,1,1,4,44.52,26424.18,2933,0
5236,2024-08-30 03:41:19,3,4,0,42.51,Hospital,RuPay,0,1,2,6,39.39,46044.22,1068,0
5166,2024-12-03 02:25:36,2,1,0,155.5,Shopping Mall,MasterCard,0,1,3,3,28.52,44353.13,54,0
119,2024-01-12 05:51:47,5,4,0,106.6,Gas Station,RuPay,0,1,2,1,9.07,7248.25,2722,0
2023,2024-06-23 09:25:29,9,6,1,473.38,Shopping Mall,Visa,0,1,3,7,15.93,21641.5,636,0
9886,2024-10-06 01:41:37,1,6,1,1470.45,Remote Village,Amex,3,0,9,9,3716.05,110.82,142,1
2639,2024-11-22 09:14:57,9,4,0,302.06,Shopping Mall,Visa,1,1,2,3,23.61,9740.28,401,0
2035,2024-10-01 07:33:56,7,1,0,389.6,Suburban Branch,Amex,1,1,1,4,25.67,29863.53,3171,0
2565,2024-08-19 17:29:35,17,0,0,166.44,Train Station,Visa,0,1,3,2,4.43,41975.09,895,0
8666,2024-03-24 14:47:43,14,6,1,43.83,Suburban Branch,MasterCard,0,1,2,6,41.93,31780.5,466,0
3544,2024-07-26 10:45:52,10,4,0,34.9,Remote Village,Visa,1,1,1,3,15.14,20121.36,293,0
1220,2024-07-25 17:59:40,17,3,0,239.72,Remote Village,MasterCard,0,1,3,3,9.44,7499.36,1293,0
9715,2024-04-04 15:51:45,15,3,0,186.72,Downtown Branch,MasterCard,2,0,7,28,4298.3,1842.94,95,1
6712,2024-12-05 18:38:59,18,3,0,461.44,Hospital,RuPay,0,1,1,3,25.55,17309.26,3039,0
2904,2024-02-04 02:00:42,2,6,1,498.71,Remote Village,Visa,0,0,2,8,45.58,2044.9,3128,0
3027,2024-11-20 09:04:34,9,2,0,114.01,Suburban Branch,RuPay,0,1,1,1,15.77,44451.76,3122,0
2511,2024-08-08 06:10:13,6,3,0,41.93,University Campus,Amex,0,1,2,3,42.23,29555.5,1134,0
4202,2024-11-20 09:11:03,9,2,0,312.47,Downtown Branch,Amex,0,1,2,1,27.86,1586.98,3062,0
3208,2024-04-14 16:46:34,16,6,1,358.79,Remote Village,MasterCard,0,1,2,1,47.29,45573.11,2768,0
4490,2024-09-01 12:53:18,12,6,1,206.39,Gas Station,RuPay,0,1,2,8,44.22,18576.51,450,0
2756,2024-04-26 16:05:23,16,4,0,75.13,University Campus,Visa,0,1,3,1,23.55,1067.37,351,0
8890,2024-11-09 21:46:38,21,5,1,20.32,Hospital,Visa,0,1,3,4,32.19,23103.14,1431,0
178,2024-10-23 20:45:45,20,2,0,283.93,Remote Village,Amex,0,1,1,3,48.75,19755.8,3285,0
1644,2024-02-22 07:38:48,7,3,0,400.75,Downtown Branch,RuPay,0,1,1,1,44.17,13339.05,2300,0
9293,2024-03-22 08:52:00,8,4,0,222.25,Train Station,Amex,0,1,3,2,14.16,28039.07,1803,0
3519,2024-03-30 03:32:30,3,5,1,340.27,Suburban Branch,Visa,0,0,1,4,43.44,27268.72,2260,0
1375,2024-02-13 17:23:05,17,1,0,61.33,Remote Village,MasterCard,0,1,2,5,1.13,28205.21,289,0
1721,2024-06-28 02:44:07,2,4,0,285.97,Shopping Mall,MasterCard,2,1,2,3,15.49,6257.95,2313,0
3996,2024-11-24 23:36:03,23,6,1,132.39,Hotel Lobby,RuPay,0,1,3,2,28.42,37701.12,3264,0
3689,2024-04-16 15:13:16,15,1,0,184.03,Suburban Branch,MasterCard,0,1,2,4,4.28,38314.55,239,0
2265,2024-09-23 16:29:39,16,0,0,233.03,Hospital,RuPay,0,1,3,4,48.55,42830.17,3544,0
88,2024-06-08 05:16:39,5,5,1,438.05,Airport Terminal,Amex,1,1,2,6,31.16,19934.42,358,0
2849,2024-04-30 19:49:04,19,1,0,316.25,Remote Village,Visa,0,1,3,7,49.0,10800.67,1610,0
8688,2024-08-07 19:00:11,19,2,0,51.37,Downtown Branch,RuPay,1,1,2,6,33.88,24220.95,1930,0
404,2024-05-01 15:22:24,15,2,0,138.16,Hospital,RuPay,0,1,2,3,33.98,16644.99,1995,0
9901,2024-01-16 10:45:18,10,1,0,132.35,University Campus,Visa,2,1,3,17,3309.5,1542.32,317,1
4078,2024-09-23 19:03:43,19,0,0,389.77,Remote Village,Visa,0,1,2,8,31.4,38685.31,2450,0
6836,2024-07-03 23:38:01,23,2,0,84.4,Gas Station,RuPay,0,1,3,5,39.5,2401.64,82,0
6538,2024-04-17 17:11:33,17,2,0,148.1,Suburban Branch,MasterCard,0,1,2,5,20.79,4887.17,1374,0
2457,2024-02-28 21:14:47,21,2,0,398.57,Shopping Mall,MasterCard,0,1,2,3,23.95,19274.01,2456,0
2752,2024-08-01 20:24:59,20,3,0,274.42,Suburban Branch,MasterCard,1,1,3,3,2.1,36133.13,562,0
2215,2024-09-20 21:23:18,21,4,0,363.51,Remote Village,MasterCard,0,1,3,5,43.28,4035.15,847,0
1028,2024-05-31 17:43:02,17,4,0,46.71,Hospital,RuPay,0,1,1,4,42.09,27381.29,3395,0
9704,2024-06-14 01:15:35,1,4,0,3075.71,Remote Village,MasterCard,2,0,4,11,1112.12,1759.09,51,1
1422,2024-03-19 21:24:47,21,1,0,280.02,Shopping Mall,RuPay,0,1,3,5,40.48,6315.71,1038,0
2437,2024-03-15 23:31:22,23,4,0,233.46,Shopping Mall,RuPay,0,1,3,5,15.83,35916.61,1646,0
4278,2024-01-10 12:20:47,12,2,0,427.84,Airport Terminal,Amex,0,1,1,8,39.92,23594.14,2292,0
9610,2024-01-09 13:37:35,13,1,0,230.92,Hotel Lobby,MasterCard,3,0,11,18,3011.7,163.61,107,1
1279,2024-08-26 09:30:03,9,0,0,50.54,Shopping Mall,Visa,0,1,1,3,41.79,1571.43,2057,0
6221,2024-12-25 16:38:35,16,2,0,174.28,University Campus,Visa,0,1,1,3,46.78,45771.3,1377,0
4908,2024-03-30 11:24:09,11,5,1,35.02,Hospital,MasterCard,0,1,2,7,8.73,18979.27,2621,0
5065,2024-06-05 20:35:10,20,2,0,124.6,Downtown Branch,MasterCard,0,1,1,4,4.34,18102.29,2610,0
1979,2024-02-17 07:49:21,7,5,1,296.32,Airport Terminal,MasterCard,0,1,3,3,42.64,49239.47,1289,0
1062,2024-02-21 05:08:33,5,2,0,455.7,Gas Station,Amex,0,1,1,5,16.88,19790.6,2551,0
5015,2024-07-05 09:12:03,9,4,0,280.84,Hotel Lobby,RuPay,0,1,3,1,18.85,25869.05,2474,0
4536,2024-03-18 16:46:17,16,0,0,259.65,Shopping Mall,Amex,0,1,1,6,36.68,27332.44,1284,0
6994,2024-11-25 15:10:42,15,0,0,348.29,Train Station,Amex,0,1,1,2,9.39,21871.48,194,0
9254,2024-09-03 08:44:44,8,1,0,241.19,University Campus,Visa,0,1,2,5,41.56,24351.54,3017,0
1503,2024-12-03 09:48:48,9,1,0,197.0,Hospital,MasterCard,2,1,3,5,22.17,10157.29,2631,0
8569,2024-08-27 09:26:37,9,1,0,149.81,Airport Terminal,Visa,1,1,1,4,40.59,32787.07,1631,0
9315,2024-02-10 14:30:07,14,5,1,432.3,University Campus,RuPay,0,1,2,5,33.28,13491.05,2823,0
8837,2024-07-17 00:23:21,0,2,0,54.02,Gas Station,Visa,0,1,3,5,45.11,36886.54,3264,0
8921,2024-07-02 15:30:04,15,1,0,471.74,Gas Station,MasterCard,0,1,2,5,4.28,40556.93,1532,0
4919,2024-02-08 13:31:49,13,3,0,458.83,Airport Terminal,Visa,1,1,2,2,31.84,41902.65,897,0
679,2024-11-20 03:46:21,3,2,0,444.48,Downtown Branch,Amex,0,1,3,4,45.34,48708.97,842,0
5077,2024-01-28 20:18:52,20,6,1,322.06,Downtown Branch,Amex,0,1,2,2,28.69,24147.93,448,0
8065,2024-10-20 20:30:39,20,6,1,24.64,Train Station,MasterCard,0,1,3,7,1.21,26901.24,1736,0
7569,2024-12-02 01:00:05,1,0,0,86.96,Hotel Lobby,Visa,0,1,1,8,2.47,23964.3,2410,0
103,2024-07-10 07:35:39,7,2,0,75.74,Suburban Branch,RuPay,0,1,2,6,33.52,37182.69,2242,0
958,2024-06-23 23:30:50,23,6,1,472.8,Train Station,RuPay,1,1,3,2,1.82,37310.81,798,0
8557,2024-08-04 05:18:31,5,6,1,481.34,Downtown Branch,RuPay,0,0,2,5,26.7,40401.13,2351,0
3786,2024-12-09 12:15:07,12,0,0,482.89,Hotel Lobby,Amex,0,1,2,3,33.77,23743.92,2202,0
9631,2024-02-11 23:44:57,23,6,1,259.54,Remote Village,RuPay,3,1,3,29,947.31,438.92,205,1
7174,2024-01-25 14:47:02,14,3,0,20.62,Hospital,MasterCard,0,1,3,3,21.72,34968.37,1269,0
4044,2024-11-22 18:44:25,18,4,0,178.4,Hospital,Amex,0,1,3,3,13.9,42110.85,2625,0
2649,2024-07-10 04:21:02,4,2,0,82.16,Train Station,RuPay,0,1,1,3,7.29,2426.66,2673,0
6001,2024-07-30 23:42:54,23,1,0,336.36,Airport Terminal,RuPay,0,0,3,4,41.53,13982.04,250,0
7928,2024-08-21 00:05:29,0,2,0,64.55,Hospital,MasterCard,0,1,3,8,34.79,11337.32,128,0
2827,2024-04-07 12:04:06,12,6,1,277.61,University Campus,Visa,0,1,1,8,11.74,3932.79,1533,0
4095,2024-02-01 07:26:21,7,3,0,64.1,Suburban Branch,Visa,0,1,2,1,35.98,6192.03,3574,0
7775,2024-03-17 15:52:25,15,6,1,145.94,Downtown Branch,RuPay,0,1,3,5,14.34,47662.68,2032,0
9259,2024-09-29 22:52:51,22,6,1,115.53,Shopping Mall,RuPay,0,1,1,7,39.43,24645.27,926,0
8114,2024-08-13 22:04:41,22,1,0,331.41,Airport Terminal,MasterCard,0,1,3,2,13.31,38133.08,202,0
4773,2024-11-16 06:42:05,6,5,1,203.44,University Campus,Visa,0,1,3,5,44.22,43338.92,1433,0
1948,2024-06-01 18:42:14,18,5,1,252.3,Hospital,MasterCard,0,1,2,6,8.24,47005.93,1577,0
6110,2024-02-19 12:08:32,12,0,0,205.27,Airport Terminal,Visa,0,1,2,5,45.39,1090.99,957,0
2300,2024-06-20 18:09:15,18,3,0,133.34,Shopping Mall,Visa,0,1,3,4,5.01,16530.55,2619,0
7845,2024-01-24 08:15:22,8,2,0,104.98,Downtown Branch,Visa,1,1,3,8,26.48,1798.43,1353,0
4383,2024-10-21 02:41:04,2,0,0,210.83,Remote Village,Amex,1,1,3,2,36.75,30957.41,2611,0
5426,2024-03-05 16:07:18,16,1,0,183.46,Gas Station,RuPay,0,1,3,1,24.59,49867.87,2481,0
6772,2024-08-08 18:42:10,18,3,0,378.95,Suburban Branch,Amex,0,1,2,6,3.34,17176.11,2029,0
8579,2024-03-17 08:44:07,8,6,1,268.43,Airport Terminal,Amex,0,1,3,1,13.36,28468.47,2107,0
4292,2024-12-14 09:14:40,9,5,1,52.89,Downtown Branch,MasterCard,0,1,3,3,14.07,47405.4,3333,0
529,2024-11-05 14:56:58,14,1,0,37.07,Shopping Mall,Visa,0,1,3,6,23.12,40726.91,3071,0
1234,2024-04-30 22:44:46,22,1,0,248.6,Gas Station,RuPay,1,1,3,6,47.85,33454.75,424,0
780,2024-01-09 08:19:12,8,1,0,104.52,Airport Terminal,Amex,0,1,3,3,18.95,39391.96,484,0
5860,2024-02-11 01:09:50,1,6,1,248.11,Hospital,Amex,1,1,3,5,9.77,27693.76,2332,0
3060,2024-09-13 03:24:09,3,4,0,119.9,Hospital,Visa,1,1,2,5,31.86,47534.22,1964,0
8588,2024-04-26 05:20:40,5,4,0,337.93,Airport Terminal,Visa,0,1,2,2,16.73,17098.48,2126,0
1861,2024-02-17 00:16:50,0,5,1,301.32,Downtown Branch,RuPay,0,1,2,7,13.61,14211.14,2651,0
8439,2024-09-04 06:43:38,6,2,0,441.38,Gas Station,Amex,0,1,3,2,22.65,21608.52,711,0
7404,2024-11-03 22:53:10,22,6,1,277.84,Remote Village,Amex,0,0,1,1,6.51,2067.22,2075,0
4640,2024-03-01 06:19:20,6,4,0,54.8,Hotel Lobby,Amex,0,1,2,1,13.06,49776.18,2512,0
4251,2024-05-20 00:50:49,0,0,0,41.02,Hospital,Visa,0,1,3,2,13.4,18199.88,3431,0
1993,2024-08-09 05:41:19,5,4,0,103.38,Gas Station,Amex,0,1,3,8,38.26,43571.32,3120,0
7380,2024-10-10 21:14:50,21,3,0,373.21,Airport Terminal,RuPay,0,1,2,3,12.2,38294.16,906,0
7306,2024-01-30 12:14:56,12,1,0,486.86,Remote Village,Visa,0,1,1,3,7.77,17812.89,2138,0
5304,2024-11-19 16:55:33,16,1,0,422.33,Airport Terminal,MasterCard,0,1,3,1,12.76,500.55,413,0
8193,2024-06-26 10:23:27,10,2,0,221.11,University Campus,RuPay,0,1,2,8,2.31,5680.08,448,0
7448,2024-08-19 23:52:31,23,0,0,281.87,Remote Village,RuPay,0,1,2,5,29.66,32368.75,79,0
2472,2024-11-13 18:11:46,18,2,0,141.03,Suburban Branch,MasterCard,0,1,3,7,42.65,33971.06,1013,0
7198,2024-12-16 15:27:21,15,0,0,153.99,Train Station,RuPay,0,1,3,5,2.97,42984.91,1960,0
5313,2024-08-21 04:43:20,4,2,0,456.13,Hospital,RuPay,0,1,3,1,1.96,23172.24,169,0
9036,2024-01-28 21:55:08,21,6,1,271.66,Gas Station,Amex,0,1,3,1,34.72,18354.85,661,0
1397,2024-03-18 07:57:41,7,0,0,251.43,Hospital,MasterCard,0,1,3,3,38.62,2289.35,778,0
4003,2024-04-08 23:33:38,23,0,0,427.64,Train Station,Amex,0,1,1,5,36.59,26820.92,1835,0
5372,2024-09-18 10:17:47,10,2,0,318.01,Hotel Lobby,Visa,1,1,1,5,21.97,43489.96,2064,0
3236,2024-12-28 15:23:00,15,5,1,256.72,Shopping Mall,Amex,0,1,3,2,6.31,25764.29,637,0
1043,2024-02-19 09:31:08,9,0,0,395.55,Airport Terminal,Amex,0,1,1,6,1.13,41084.26,1217,0
3299,2024-06-18 07:51:50,7,1,0,422.45,Airport Terminal,Visa,0,1,3,1,40.73,3455.43,1944,0
7257,2024-02-25 21:22:57,21,6,1,208.79,Suburban Branch,Visa,1,1,1,3,3.02,45224.61,2383,0
258,2024-02-09 18:35:25,18,4,0,373.27,University Campus,RuPay,0,1,1,8,13.14,43123.76,386,0
7287,2024-04-25 14:25:16,14,3,0,30.58,Downtown Branch,RuPay,0,1,1,1,33.01,47263.24,1765,0
8617,2024-07-15 03:22:47,3,0,0,176.07,Shopping Mall,Visa,1,1,3,7,27.9,21783.89,3188,0
7817,2024-02-07 12:14:47,12,2,0,345.69,Train Station,Amex,0,1,1,5,31.26,26127.54,572,0
5844,2024-10-25 08:52:35,8,4,0,137.17,University Campus,Amex,0,1,3,6,47.26,34508.64,856,0
2090,2024-12-17 09:23:54,9,1,0,177.14,Hospital,RuPay,1,1,1,6,9.59,32846.26,1347,0
7703,2024-04-13 23:18:05,23,5,1,384.26,Gas Station,RuPay,0,1,2,5,36.22,44603.1,3352,0
504,2024-11-30 23:53:59,23,5,1,86.29,Suburban Branch,Amex,0,1,2,3,32.81,28285.73,677,0
5266,2024-07-08 18:13:08,18,0,0,139.72,Gas Station,Visa,2,1,2,1,18.94,31286.99,1311,0
8815,2024-05-10 22:24:36,22,4,0,198.29,University Campus,Amex,0,1,1,7,8.29,45881.77,2122,0
1346,2024-05-05 13:12:40,13,6,1,358.89,Shopping Mall,MasterCard,0,1,2,4,20.82,747.08,1291,0
8456,2024-08-10 16:39:39,16,5,1,104.47,Airport Terminal,MasterCard,0,1,1,5,48.57,31602.49,899,0
5047,2024-12-22 02:47:46,2,6,1,180.57,Hotel Lobby,Amex,0,1,2,1,42.32,41515.64,149,0
2249,2024-04-05 11:32:01,11,4,0,122.45,Hospital,RuPay,0,0,3,3,45.68,24688.88,1944,0
4982,2024-02-07 10:49:46,10,2,0,29.96,University Campus,Amex,1,1,2,7,19.62,42846.49,2250,0
373,2024-06-26 11:58:39,11,2,0,415.79,Hotel Lobby,Visa,0,1,2,1,46.33,41889.57,2441,0
8455,2024-02-09 01:01:57,1,4,0,29.55,Hospital,MasterCard,0,1,3,7,49.78,3939.32,3015,0
3371,2024-01-01 18:07:19,18,0,0,51.51,Airport Terminal,Amex,0,1,1,6,18.32,48006.14,1894,0
2007,2024-01-13 08:22:28,8,5,1,305.39,University Campus,Visa,0,1,2,3,3.5,18083.51,1706,0
3657,2024-10-20 05:36:23,5,6,1,189.82,Hospital,MasterCard,1,1,1,3,16.53,49052.92,589,0
8328,2024-05-30 04:36:34,4,3,0,132.55,Hotel Lobby,RuPay,0,1,3,8,21.94,18896.0,1434,0
7522,2024-10-06 14:07:57,14,6,1,416.75,Remote Village,MasterCard,0,1,2,7,8.9,1128.01,309,0
4002,2024-06-17 07:31:06,7,0,0,192.49,Downtown Branch,RuPay,0,0,1,1,44.47,1966.76,1229,0
6073,2024-05-27 09:53:09,9,0,0,354.63,Remote Village,Amex,0,1,1,7,48.65,4005.64,959,0
8737,2024-04-22 11:38:35,11,0,0,93.55,Suburban Branch,MasterCard,0,0,2,4,8.81,30028.5,398,0
998,2024-10-29 22:19:23,22,1,0,212.1,Hospital,Visa,0,1,2,2,7.36,43822.19,3081,0
8180,2024-02-27 09:11:48,9,1,0,199.42,Suburban Branch,Amex,0,1,3,3,44.62,45396.23,2722,0
3291,2024-02-05 22:29:04,22,0,0,235.56,Suburban Branch,Visa,0,1,3,2,22.7,30295.99,1565,0
1177,2024-02-23 19:35:06,19,4,0,312.66,Airport Terminal,MasterCard,0,1,3,7,47.27,16318.51,1053,0
552,2024-09-30 03:44:08,3,0,0,288.81,Airport Terminal,Amex,2,1,1,4,21.59,29549.18,2590,0
745,2024-02-25 22:29:47,22,6,1,107.68,Shopping Mall,Visa,0,1,2,3,2.95,48060.05,773,0
7224,2024-11-18 17:41:32,17,0,0,412.97,Suburban Branch,MasterCard,1,1,1,4,12.19,10661.48,1793,0
4555,2024-06-01 09:47:17,9,5,1,43.12,Shopping Mall,Visa,0,1,3,1,22.01,4701.39,511,0
2860,2024-09-16 02:57:46,2,0,0,389.94,Hotel Lobby,Amex,0,1,2,2,42.3,23037.69,2331,0
8821,2024-10-10 09:26:05,9,3,0,357.74,Hotel Lobby,Visa,0,1,1,6,21.28,46658.16,703,0
3460,2024-08-11 23:30:56,23,6,1,60.57,Gas Station,RuPay,0,1,3,7,24.58,39366.83,2763,0
2725,2024-10-30 07:03:50,7,2,0,439.82,Hospital,Visa,1,1,1,3,5.65,28612.2,3129,0
6848,2024-05-09 19:16:40,19,3,0,184.29,Remote Village,Visa,0,1,2,4,25.36,15241.25,43,0
7616,2024-09-03 17:36:05,17,1,0,213.28,Shopping Mall,Visa,0,1,1,8,23.84,23750.45,2766,0
7548,2024-12-22 22:28:37,22,6,1,273.22,University Campus,MasterCard,1,1,3,8,46.33,46574.66,1032,0
9175,2024-02-12 22:36:16,22,0,0,480.05,Suburban Branch,Amex,0,1,1,4,19.08,35607.38,2507,0
6394,2024-12-28 20:52:12,20,5,1,415.88,Shopping Mall,RuPay,0,1,2,4,37.32,37914.79,3272,0
5359,2024-01-03 06:06:59,6,2,0,174.91,Shopping Mall,Visa,0,1,3,1,25.44,1164.38,1971,0
9489,2024-01-25 19:50:40,19,3,0,355.97,Suburban Branch,Amex,1,1,3,6,4.37,17038.14,2030,0
2969,2024-01-25 22:44:20,22,3,0,429.86,Train Station,MasterCard,0,0,2,5,22.34,19391.16,1237,0
694,2024-05-25 01:48:56,1,5,1,303.36,Hotel Lobby,Amex,1,1,1,8,41.53,33011.01,1889,0
2534,2024-11-01 13:56:18,13,4,0,174.69,Train Station,RuPay,0,1,2,2,38.64,18013.34,2343,0
6400,2024-08-04 14:17:17,14,6,1,23.97,Airport Terminal,Visa,0,1,1,8,45.56,48611.79,2488,0
983,2024-06-15 18:10:30,18,5,1,399.63,Airport Terminal,Amex,0,1,2,6,7.25,15791.2,69,0
5365,2024-07-02 22:20:09,22,1,0,328.08,Train Station,Amex,0,1,1,8,5.29,17423.24,1585,0
80,2024-03-13 20:23:45,20,2,0,268.85,Train Station,RuPay,0,1,1,4,13.35,6637.56,1209,0
4054,2024-01-03 15:29:24,15,2,0,108.74,Train Station,Visa,0,1,1,4,41.69,24105.6,2625,0
6259,2024-05-04 08:15:09,8,5,1,195.33,Airport Terminal,Amex,1,1,3,4,3.62,4985.16,1884,0
9577,2024-01-13 04:51:31,4,5,1,283.98,Gas Station,MasterCard,1,1,6,16,3019.39,567.96,177,1
9026,2024-03-04 21:09:53,21,0,0,446.92,Suburban Branch,RuPay,0,1,2,5,8.68,15593.57,2848,0
3108,2024-04-03 02:34:22,2,2,0,41.64,Remote Village,MasterCard,1,1,2,5,19.66,30452.17,2650,0
3602,2024-04-07 03:58:40,3,6,1,451.77,Remote Village,Visa,0,1,3,5,10.1,38598.75,2986,0
6074,2024-11-30 00:17:09,0,5,1,143.78,Downtown Branch,Amex,0,1,2,7,36.39,34807.97,68,0
8127,2024-04-09 18:35:03,18,1,0,108.3,Downtown Branch,Amex,0,1,3,8,36.97,40519.85,3595,0
2143,2024-08-28 16:13:58,16,2,0,315.44,Gas Station,Amex,0,1,1,3,14.35,11037.71,1290,0
6311,2024-01-29 08:01:45,8,0,0,410.39,University Campus,Amex,1,1,2,6,26.4,11762.15,3317,0
2269,2024-05-30 01:38:49,1,3,0,271.41,Hospital,RuPay,0,1,1,5,34.16,17934.92,1728,0
446,2024-07-02 16:33:30,16,1,0,406.72,Train Station,Visa,0,1,3,6,39.27,15071.71,2332,0
4884,2024-05-24 21:50:49,21,4,0,71.99,Remote Village,MasterCard,0,1,3,3,40.17,20695.14,320,0
4467,2024-06-20 10:57:10,10,3,0,354.63,University Campus,MasterCard,0,1,2,1,43.3,26036.4,2502,0
9027,2024-03-16 15:35:43,15,5,1,120.04,Downtown Branch,RuPay,0,1,2,4,29.32,43658.85,152,0
6633,2024-02-10 03:13:57,3,5,1,163.43,Airport Terminal,Amex,0,1,3,4,40.91,19134.89,1931,0
3317,2024-01-27 16:25:13,16,5,1,351.17,Downtown Branch,Visa,0,1,1,8,7.9,30983.15,2141,0
1702,2024-07-31 07:39:14,7,2,0,279.7,Downtown Branch,RuPay,1,1,2,3,4.84,4073.01,1139,0
2527,2024-09-09 12:25:24,12,0,0,93.08,Remote Village,MasterCard,0,1,2,5,18.31,42965.15,622,0
69,2024-04-08 01:16:08,1,0,0,471.71,Airport Terminal,Visa,0,1,1,1,7.59,40575.99,1274,0
1169,2024-05-13 04:31:56,4,0,0,183.49,Train Station,RuPay,0,1,3,8,10.53,34916.5,2786,0
49,2024-02-23 17:44:23,17,4,0,92.4,Shopping Mall,Visa,0,1,1,7,20.38,27176.3,1733,0
1054,2024-12-14 14:36:46,14,5,1,459.25,Gas Station,Amex,0,1,3,5,43.45,12285.87,1125,0
4030,2024-11-10 22:39:43,22,6,1,312.86,Shopping Mall,Amex,0,1,2,5,13.21,8706.72,3185,0
881,2024-07-14 01:06:57,1,6,1,157.67,Suburban Branch,RuPay,1,1,1,5,31.78,4438.42,1281,0
2652,2024-10-01 09:01:46,9,1,0,466.28,Suburban Branch,MasterCard,1,1,2,1,14.4,1531.13,3271,0
7760,2024-04-04 21:09:01,21,3,0,264.33,University Campus,MasterCard,0,1,1,6,27.97,25995.86,1117,0
2440,2024-07-14 11:50:22,11,6,1,460.69,Gas Station,RuPay,0,1,3,4,10.23,37661.63,1762,0
4925,2024-11-10 12:22:17,12,6,1,233.73,Airport Terminal,RuPay,0,1,1,2,37.33,22993.79,966,0
1468,2024-10-31 08:50:39,8,3,0,360.39,Shopping Mall,MasterCard,0,1,3,7,32.92,47907.45,3108,0
7293,2024-04-17 07:14:38,7,2,0,167.95,Shopping Mall,Visa,1,1,1,4,6.8,23979.25,3540,0
5036,2024-09-11 17:56:07,17,2,0,60.99,Remote Village,Amex,0,1,1,1,11.92,4048.9,1807,0
2442,2024-05-28 00:57:13,0,1,0,24.19,Gas Station,Amex,0,1,2,7,43.84,30009.76,128,0
6555,2024-05-27 02:18:42,2,0,0,337.3,University Campus,Amex,0,1,2,4,37.87,8429.5,2136,0
231,2024-10-31 07:11:52,7,3,0,496.44,Hotel Lobby,Visa,0,1,2,7,9.29,29335.17,1586,0
1321,2024-09-24 22:55:40,22,1,0,427.04,Airport Terminal,RuPay,0,1,1,8,4.85,2064.98,3635,0
42,2024-06-15 22:50:52,22,5,1,397.16,Hotel Lobby,MasterCard,0,1,2,4,25.56,39707.4,3290,0
778,2024-01-04 20:12:03,20,3,0,55.39,Airport Terminal,Visa,0,1,2,4,31.57,45644.17,1504,0
8951,2024-01-28 11:14:03,11,6,1,319.89,Hotel Lobby,Visa,0,1,2,3,3.99,37311.31,1717,0
8405,2024-12-18 13:07:34,13,2,0,410.54,Hotel Lobby,MasterCard,0,1,1,5,37.08,31764.99,604,0
1730,2024-11-14 05:49:13,5,3,0,276.84,Airport Terminal,Visa,0,1,3,4,22.52,39235.48,468,0
3911,2024-04-06 21:47:45,21,5,1,223.22,Airport Terminal,Amex,0,1,1,6,47.75,3690.94,1478,0
580,2024-10-06 12:27:14,12,6,1,498.26,Hospital,RuPay,0,1,3,5,24.98,48251.2,3355,0
9942,2024-11-08 05:44:00,5,4,0,325.61,Hospital,MasterCard,1,1,11,8,2868.78,-86.22,356,1
5840,2024-11-03 06:19:01,6,6,1,270.18,Gas Station,RuPay,0,1,1,7,42.54,13867.56,334,0
8272,2024-05-20 23:12:08,23,0,0,407.45,Remote Village,RuPay,1,1,3,3,6.57,31537.17,3075,0
7276,2024-10-10 21:18:17,21,3,0,337.07,University Campus,Amex,0,1,1,1,35.73,8615.36,965,0
1492,2024-05-20 19:02:40,19,0,0,74.42,Hotel Lobby,MasterCard,2,1,1,3,28.82,29153.19,352,0
9110,2024-02-15 14:26:09,14,3,0,322.96,Hotel Lobby,Visa,0,1,2,8,20.21,21456.93,1011,0
5611,2024-02-02 10:51:03,10,4,0,299.35,Shopping Mall,RuPay,0,1,1,8,35.31,1705.13,3371,0
62,2024-05-10 15:26:37,15,4,0,33.78,Shopping Mall,Amex,1,1,2,5,17.02,44027.97,2902,0
5472,2024-12-10 03:13:16,3,1,0,82.14,Downtown Branch,MasterCard,0,1,1,3,12.88,40202.96,2237,0
3906,2024-10-19 06:23:48,6,5,1,161.23,Remote Village,Amex,0,1,3,4,39.37,10142.57,2032,0
6532,2024-01-18 05:12:44,5,3,0,181.59,University Campus,Amex,0,1,3,5,28.68,9489.34,1151,0
403,2024-07-07 16:33:17,16,6,1,236.31,Gas Station,Visa,0,1,1,6,40.38,47937.08,720,0
333,2024-12-22 12:40:11,12,6,1,192.98,Hotel Lobby,MasterCard,0,1,3,7,31.77,6281.26,155,0
2085,2024-02-27 06:48:17,6,1,0,448.88,Suburban Branch,RuPay,0,1,1,8,20.83,12608.52,72,0
9558,2024-01-18 04:00:14,4,3,0,1061.14,Remote Village,Amex,5,1,7,26,1941.42,1177.37,286,1
165,2024-11-08 02:40:12,2,4,0,491.85,Airport Terminal,Visa,0,1,2,8,26.28,38481.31,3402,0
4380,2024-01-18 17:26:55,17,3,0,141.0,Remote Village,Amex,0,1,2,5,10.41,1141.4,1663,0
2716,2024-12-19 23:02:02,23,3,0,206.8,Suburban Branch,Visa,0,1,2,5,23.44,24196.94,3029,0
8924,2024-11-27 03:05:19,3,2,0,186.63,Hotel Lobby,Visa,0,1,2,8,13.48,14342.22,611,0
7347,2024-07-30 18:25:28,18,1,0,474.05,Suburban Branch,Amex,0,1,3,1,8.57,12682.6,1667,0
5454,2024-08-05 16:36:58,16,0,0,261.39,Remote Village,RuPay,0,1,3,3,39.67,41335.07,2627,0
7047,2024-04-01 00:13:49,0,0,0,220.13,Remote Village,MasterCard,0,1,2,1,24.16,19651.11,218,0
1335,2024-07-01 05:21:30,5,0,0,158.27,Downtown Branch,MasterCard,0,1,3,1,3.98,48712.1,1108,0
8699,2024-05-15 15:16:37,15,2,0,417.79,Suburban Branch,RuPay,0,1,3,2,7.0,40813.51,3069,0
1660,2024-07-06 03:11:25,3,5,1,466.49,Hotel Lobby,Visa,0,1,2,4,27.88,13968.75,711,0
3579,2024-03-23 20:28:25,20,5,1,449.79,Remote Village,RuPay,1,1,3,4,1.44,15788.14,1987,0
754,2024-09-14 04:52:09,4,5,1,491.85,Train Station,RuPay,0,1,2,1,45.7,6772.91,38,0
6585,2024-01-15 01:45:04,1,0,0,71.39,University Campus,Visa,0,1,1,5,33.15,33671.4,2444,0
707,2024-09-25 05:26:20,5,2,0,343.43,Hospital,Visa,0,1,1,3,6.76,9621.02,3372,0
3015,2024-08-24 00:56:24,0,5,1,458.29,University Campus,Visa,0,1,2,5,20.33,4408.56,2464,0
8559,2024-11-18 16:51:28,16,0,0,326.14,Suburban Branch,MasterCard,0,1,1,8,42.44,33428.62,3158,0
9876,2024-09-17 02:14:43,2,1,0,1879.31,Airport Terminal,MasterCard,3,1,14,14,3782.67,-116.44,271,1
9583,2024-05-13 21:15:21,21,0,0,290.55,Hotel Lobby,Visa,3,0,9,20,3252.13,1651.63,195,1
8929,2024-11-25 13:57:10,13,0,0,261.5,University Campus,Amex,0,1,3,4,36.41,34725.27,2698,0
9557,2024-10-28 03:29:58,3,0,0,1126.09,Airport Terminal,Amex,3,1,12,9,1266.6,-301.52,317,1
8984,2024-08-15 04:26:56,4,3,0,189.71,Downtown Branch,Visa,0,1,1,5,14.73,21280.54,542,0
1835,2024-01-10 13:09:49,13,2,0,465.23,Suburban Branch,MasterCard,0,1,1,1,1.27,7683.95,3537,0
2997,2024-05-27 14:54:57,14,0,0,312.19,Gas Station,MasterCard,0,1,2,7,24.97,11490.38,797,0
5428,2024-04-09 12:59:51,12,1,0,223.38,Shopping Mall,Visa,0,1,2,6,34.19,13032.56,1101,0
3880,2024-05-10 09:05:31,9,4,0,284.96,Suburban Branch,Visa,0,1,1,8,1.16,43719.61,2367,0
7157,2024-09-28 02:16:27,2,5,1,60.5,Suburban Branch,Amex,1,1,2,5,46.49,7952.14,521,0
5082,2024-04-07 09:04:35,9,6,1,183.38,Downtown Branch,Visa,0,1,1,5,17.88,36213.82,2791,0
9115,2024-09-16 18:54:54,18,0,0,55.34,Airport Terminal,Amex,0,1,3,8,34.73,45928.59,2371,0
7245,2024-05-07 08:44:03,8,1,0,382.37,Train Station,Visa,1,1,3,3,40.89,33939.91,610,0
5401,2024-11-24 21:12:50,21,6,1,143.24,Downtown Branch,RuPay,0,0,1,2,41.89,38340.95,1999,0
5396,2024-05-02 13:17:42,13,3,0,258.54,Gas Station,Amex,0,1,2,5,39.87,22078.06,2752,0
9428,2024-06-21 07:01:36,7,4,0,54.32,Train Station,Visa,0,1,3,8,26.69,20657.84,1378,0
2247,2024-05-08 16:51:59,16,2,0,413.54,Hotel Lobby,Amex,1,1,3,6,6.34,19511.3,1842,0
836,2024-02-12 10:30:29,10,0,0,325.37,Hotel Lobby,Visa,0,1,2,4,46.5,19958.71,1291,0
8395,2024-03-31 03:59:14,3,6,1,491.71,Train Station,Visa,1,1,3,3,47.0,48140.95,2598,0
9043,2024-03-03 20:56:04,20,6,1,357.1,Downtown Branch,Visa,0,1,1,7,44.62,36028.83,3433,0
433,2024-06-25 14:39:40,14,1,0,466.26,Gas Station,Visa,0,1,3,2,27.93,25208.14,1422,0
3379,2024-08-28 17:06:28,17,2,0,112.5,Suburban Branch,Amex,0,1,1,7,36.01,1745.11,1172,0
6818,2024-03-03 07:30:45,7,6,1,432.03,Downtown Branch,Amex,0,1,2,4,19.8,4579.46,3066,0
8132,2024-04-15 12:16:34,12,0,0,72.53,University Campus,RuPay,0,1,2,1,45.54,45409.5,3522,0
9622,2024-03-19 03:23:11,3,1,0,3072.38,Remote Village,MasterCard,5,1,12,28,1123.17,1763.01,69,1
6067,2024-05-27 05:16:05,5,0,0,408.86,Airport Terminal,MasterCard,0,1,2,1,10.23,27441.98,2776,0
1194,2024-11-05 21:07:58,21,1,0,46.87,University Campus,MasterCard,0,1,3,3,34.48,32575.28,1033,0
6935,2024-12-18 13:20:45,13,2,0,102.76,Gas Station,Visa,1,1,2,5,26.95,42447.99,2200,0
5462,2024-05-05 13:05:02,13,6,1,355.1,Remote Village,Visa,0,1,1,2,46.75,10056.49,2618,0
3072,2024-07-09 23:02:59,23,1,0,366.82,Hospital,Amex,0,1,1,7,17.38,42635.86,3300,0
3045,2024-09-02 09:34:46,9,0,0,349.27,Hotel Lobby,Visa,0,1,2,7,39.4,1530.24,975,0
3264,2024-11-16 15:50:45,15,5,1,404.55,Suburban Branch,RuPay,0,1,1,6,16.87,42501.51,569,0
2730,2024-08-07 21:56:18,21,2,0,297.53,Hotel Lobby,RuPay,1,1,3,8,5.0,46454.46,363,0
3434,2024-08-16 05:46:12,5,4,0,182.61,Gas Station,Amex,0,1,2,8,8.8,12480.57,1718,0
434,2024-11-07 19:57:50,19,3,0,266.38,Suburban Branch,RuPay,0,1,3,5,34.71,48306.17,2336,0
3273,2024-08-13 09:31:20,9,1,0,419.3,Remote Village,RuPay,0,1,2,3,23.65,35194.2,1469,0
7002,2024-09-07 23:33:19,23,5,1,114.48,University Campus,MasterCard,0,1,1,3,33.86,10035.18,59,0
9727,2024-10-18 01:58:00,1,4,0,1362.55,Airport Terminal,Visa,3,1,6,7,590.42,1225.9,17,1
105,2024-03-25 09:06:00,9,0,0,232.82,Hotel Lobby,Visa,1,1,3,6,27.22,48894.34,1499,0
3316,2024-06-27 03:12:31,3,3,0,164.31,Shopping Mall,Visa,0,1,1,5,32.04,10399.15,1044,0
1657,2024-11-22 02:04:06,2,4,0,399.67,Downtown Branch,Visa,0,1,1,6,6.41,34758.57,2063,0
1534,2024-02-28 11:28:54,11,2,0,104.35,Suburban Branch,RuPay,0,1,1,6,18.97,2115.12,1810,0
4681,2024-06-29 01:32:15,1,5,1,158.35,Suburban Branch,Visa,0,1,2,3,23.14,11829.34,1022,0
8814,2024-12-12 21:56:09,21,3,0,229.55,Shopping Mall,RuPay,0,1,1,6,16.73,32926.72,2402,0
9003,2024-10-21 18:55:28,18,0,0,422.43,Remote Village,Amex,2,1,3,4,8.72,41236.72,1934,0
6623,2024-01-04 21:50:16,21,3,0,487.09,Gas Station,MasterCard,0,1,3,3,14.16,2875.15,2849,0
1444,2024-05-17 18:44:12,18,4,0,414.13,Downtown Branch,MasterCard,0,1,2,2,17.62,9754.62,2105,0
215,2024-07-05 04:16:40,4,4,0,120.27,Gas Station,RuPay,1,1,1,4,46.86,48107.67,510,0
5357,2024-01-11 04:55:23,4,3,0,164.36,Train Station,MasterCard,0,1,1,5,30.63,14334.41,1979,0
9219,2024-08-03 13:23:32,13,5,1,331.81,Airport Terminal,Visa,0,1,1,4,13.67,11159.6,2645,0
6323,2024-04-07 05:38:25,5,6,1,187.05,Shopping Mall,RuPay,0,1,1,5,29.02,14421.49,57,0
4990,2024-04-05 03:48:04,3,4,0,490.33,Downtown Branch,MasterCard,0,1,2,1,15.59,48621.64,150,0
1420,2024-12-12 03:37:32,3,3,0,336.94,Airport Terminal,Amex,0,1,3,5,14.21,12109.95,932,0
9517,2024-12-08 14:45:09,14,6,1,192.93,Airport Terminal,Visa,3,1,5,12,3211.88,654.42,44,1
8607,2024-10-28 01:44:58,1,0,0,134.04,Hotel Lobby,Visa,0,1,3,8,0.3,20366.22,2217,0
182,2024-06-10 18:26:12,18,0,0,300.18,Downtown Branch,RuPay,0,1,2,4,36.07,29217.81,728,0
4353,2024-11-15 13:13:34,13,4,0,29.01,Hospital,Visa,0,1,2,6,19.97,21373.19,1745,0
8701,2024-09-17 03:05:09,3,1,0,69.32,Remote Village,Amex,0,1,1,5,40.6,20236.02,1335,0
2447,2024-01-30 10:57:09,10,1,0,349.81,University Campus,Amex,0,1,3,2,13.72,32321.74,1985,0
5322,2024-07-08 12:24:00,12,0,0,79.54,Shopping Mall,MasterCard,0,1,3,6,41.44,18918.87,1078,0
8046,2024-08-11 01:44:52,1,6,1,460.82,Hospital,Visa,0,1,2,7,5.21,22896.31,278,0
5685,2024-05-11 18:24:33,18,5,1,139.11,Gas Station,Amex,0,1,2,2,40.37,25108.35,2278,0
3533,2024-02-27 07:18:58,7,1,0,334.66,Shopping Mall,Amex,0,1,1,2,21.83,28243.58,3001,0
8245,2024-04-09 17:49:56,17,1,0,321.99,Remote Village,Amex,2,1,1,2,29.36,9342.76,2871,0
7977,2024-03-11 08:25:31,8,0,0,150.13,Suburban Branch,RuPay,0,1,2,8,4.76,30075.05,351,0
3699,2024-05-20 21:50:59,21,0,0,421.8,Gas Station,RuPay,0,1,3,6,22.69,45698.03,3526,0
71,2024-11-30 01:20:03,1,5,1,302.49,Remote Village,Amex,0,1,3,2,47.38,10468.62,894,0
545,2024-08-03 23:41:32,23,5,1,331.74,Suburban Branch,RuPay,0,1,3,7,11.93,12260.18,681,0
1205,2024-12-28 20:35:11,20,5,1,430.99,Shopping Mall,RuPay,0,1,3,6,41.46,15835.8,1291,0
3079,2024-01-25 00:28:20,0,3,0,365.66,University Campus,MasterCard,0,1,2,4,9.71,24679.09,974,0
9107,2024-10-26 07:52:17,7,5,1,350.45,Shopping Mall,MasterCard,0,1,2,2,11.91,28826.45,2844,0
9121,2024-04-06 22:46:40,22,5,1,79.94,Shopping Mall,Visa,0,1,2,3,45.86,12917.66,2195,0
9681,2024-03-27 03:56:38,3,2,0,2111.47,Airport Terminal,Visa,4,0,13,22,3699.98,760.68,175,1
6181,2024-08-10 07:07:40,7,5,1,283.65,Downtown Branch,Visa,0,1,3,4,44.25,10409.87,2492,0
8330,2024-03-29 05:23:46,5,4,0,363.15,Train Station,RuPay,1,1,1,1,47.24,30500.89,2833,0
4285,2024-06-28 14:46:46,14,4,0,139.7,University Campus,RuPay,0,0,3,5,9.64,3846.04,1440,0
4008,2024-09-22 13:07:48,13,6,1,151.77,Train Station,Visa,1,1,3,7,43.9,40946.07,3442,0
8714,2024-03-21 17:39:42,17,3,0,210.1,Remote Village,MasterCard,0,1,2,5,15.54,13074.0,2347,0
878,2024-08-02 04:44:46,4,4,0,150.11,Downtown Branch,RuPay,0,1,2,3,17.26,37090.73,3260,0
8061,2024-10-04 16:58:53,16,4,0,211.11,Suburban Branch,Visa,0,1,3,4,6.2,8366.24,2620,0
197,2024-05-28 23:10:20,23,1,0,133.05,Hotel Lobby,Visa,0,1,3,1,13.08,18041.65,997,0
9747,2024-07-16 04:51:29,4,1,0,4202.89,Remote Village,Amex,4,0,9,29,2084.4,-181.23,156,1
4011,2024-10-22 13:46:47,13,1,0,475.21,Shopping Mall,Visa,0,1,2,2,47.07,27157.89,788,0
9963,2024-06-02 03:43:09,3,6,1,4486.18,Remote Village,MasterCard,3,0,10,8,3477.49,1328.68,104,1
2572,2024-11-19 03:28:04,3,1,0,256.89,Shopping Mall,Visa,0,1,1,3,35.33,20350.22,182,0
3754,2024-05-03 17:15:45,17,4,0,264.93,Gas Station,RuPay,2,1,1,6,20.93,41325.44,1602,0
9248,2024-12-16 11:05:58,11,0,0,203.72,University Campus,MasterCard,0,1,3,5,42.29,43873.68,1731,0
8629,2024-05-31 15:58:47,15,4,0,369.15,University Campus,MasterCard,0,0,1,2,5.34,27793.95,1064,0
9369,2024-03-02 21:15:06,21,5,1,230.75,Shopping Mall,MasterCard,0,1,2,2,11.24,41771.69,1666,0
6160,2024-09-24 21:12:28,21,1,0,206.66,Train Station,Amex,0,1,3,3,47.96,7234.81,296,0
4792,2024-02-20 23:15:04,23,1,0,263.94,Shopping Mall,RuPay,0,1,3,8,8.62,17144.18,3440,0
5338,2024-12-02 04:12:10,4,0,0,103.03,Gas Station,Visa,0,0,1,5,37.82,35595.14,3031,0
3025,2024-01-11 19:15:48,19,3,0,479.91,Suburban Branch,Amex,0,1,2,6,2.9,35806.36,1888,0
2719,2024-08-05 20:05:56,20,0,0,43.68,Suburban Branch,MasterCard,0,1,3,4,2.24,44313.81,2779,0
8656,2024-02-29 19:37:56,19,3,0,90.35,Shopping Mall,RuPay,0,1,1,8,27.68,49094.6,778,0
6917,2024-09-28 13:03:12,13,5,1,284.7,University Campus,Amex,0,1,2,6,29.05,38617.52,945,0
3985,2024-09-16 02:09:32,2,0,0,79.67,Suburban Branch,MasterCard,0,1,3,4,25.87,16168.36,3331,0
7309,2024-01-14 07:54:53,7,6,1,323.79,University Campus,MasterCard,0,1,2,2,28.95,39124.18,1663,0
5954,2024-02-21 20:20:38,20,2,0,105.8,Gas Station,Amex,0,1,1,6,1.28,21579.6,2461,0
3845,2024-03-04 22:05:03,22,0,0,75.35,Hotel Lobby,RuPay,0,1,1,5,23.66,37602.29,138,0
2683,2024-10-17 15:29:04,15,3,0,209.8,Remote Village,Visa,0,1,1,8,41.51,4201.09,3230,0
4025,2024-06-26 23:34:52,23,2,0,409.88,Hospital,Amex,0,0,1,8,12.92,45332.04,3086,0
8716,2024-09-14 01:58:27,1,5,1,63.36,Hotel Lobby,MasterCard,0,1,3,6,10.94,10375.63,2628,0
3140,2024-02-20 06:48:54,6,1,0,312.2,Hospital,RuPay,0,1,2,7,6.86,35986.1,1664,0
4238,2024-11-28 10:38:39,10,3,0,171.06,Airport Terminal,MasterCard,0,1,3,6,30.55,8421.19,1727,0
219,2024-04-24 15:23:29,15,2,0,93.16,Hospital,Amex,0,1,1,8,27.53,47178.88,1412,0
6619,2024-08-26 00:50:25,0,0,0,356.83,Remote Village,Visa,0,1,1,4,49.08,17800.58,1712,0
9607,2024-11-10 04:04:45,4,6,1,2649.26,Remote Village,Visa,5,1,6,24,3466.31,1479.32,90,1
5269,2024-01-03 02:02:59,2,2,0,349.51,Downtown Branch,MasterCard,1,1,1,3,6.39,2847.44,995,0
2544,2024-09-08 15:56:50,15,6,1,253.32,Downtown Branch,Visa,0,1,2,3,4.04,34967.59,438,0
2871,2024-11-07 05:54:49,5,3,0,462.46,Suburban Branch,MasterCard,0,1,1,2,3.72,39179.37,941,0
1245,2024-07-23 02:42:40,2,1,0,308.45,Suburban Branch,MasterCard,0,1,3,6,26.97,34715.37,2204,0
421,2024-12-14 08:21:23,8,5,1,470.11,Hospital,RuPay,0,1,2,1,34.88,21504.92,3316,0
6228,2024-11-16 03:55:32,3,5,1,430.47,Suburban Branch,MasterCard,0,1,1,6,19.21,8948.11,783,0
2059,2024-08-18 22:46:05,22,6,1,234.43,Remote Village,MasterCard,0,1,1,2,4.47,13873.52,84,0
8494,2024-03-13 03:39:47,3,2,0,224.87,University Campus,Amex,2,1,3,4,36.57,12395.22,636,0
6435,2024-12-27 14:29:06,14,4,0,337.5,Gas Station,Visa,0,1,3,6,34.39,42556.76,2461,0
3423,2024-02-16 11:37:34,11,4,0,39.71,Downtown Branch,Amex,0,1,1,2,12.87,44712.29,2596,0
4511,2024-11-01 22:29:26,22,4,0,319.59,Remote Village,RuPay,0,1,1,1,28.97,37254.61,1423,0
1167,2024-04-13 17:07:01,17,5,1,241.97,Hotel Lobby,Amex,0,1,1,1,35.45,11130.78,2534,0
255,2024-03-16 18:43:45,18,5,1,411.3,Suburban Branch,MasterCard,1,1,2,8,20.78,42010.6,2031,0
416,2024-02-22 07:43:08,7,3,0,322.18,Remote Village,Visa,0,1,1,5,46.12,25880.37,1690,0
9176,2024-12-22 15:38:08,15,6,1,390.42,Train Station,MasterCard,0,1,1,2,21.08,44707.57,1487,0
3470,2024-06-25 15:15:18,15,1,0,359.61,Hotel Lobby,MasterCard,0,1,2,4,32.51,22868.2,394,0
3051,2024-11-11 17:15:42,17,0,0,242.43,Hospital,Visa,0,1,2,6,35.63,28862.44,3619,0
760,2024-03-07 04:57:42,4,3,0,284.86,Remote Village,MasterCard,0,1,3,3,3.27,6499.5,296,0
1386,2024-03-26 01:53:37,1,1,0,296.97,Airport Terminal,MasterCard,0,1,3,8,7.79,34727.75,3115,0
655,2024-04-13 13:04:05,13,5,1,29.79,Downtown Branch,Visa,0,0,2,7,16.12,4976.51,2030,0
1202,2024-12-25 08:22:39,8,2,0,433.77,Suburban Branch,Amex,0,1,1,2,38.14,10739.5,2085,0
2414,2024-10-04 21:20:08,21,4,0,364.61,Train Station,RuPay,0,1,3,6,17.69,30025.14,40,0
5580,2024-09-05 12:15:24,12,3,0,385.37,Train Station,Visa,0,1,2,2,12.34,37312.05,1789,0
5994,2024-03-17 00:08:19,0,6,1,448.16,Suburban Branch,Amex,0,1,1,3,35.22,42073.86,2456,0
5295,2024-08-12 19:25:04,19,0,0,65.33,Airport Terminal,Amex,0,1,2,7,27.27,10975.51,1329,0
3056,2024-06-13 02:34:08,2,3,0,153.68,Remote Village,Visa,0,1,1,1,2.65,22303.31,1935,0
2831,2024-12-11 00:24:10,0,2,0,165.81,Suburban Branch,Visa,0,1,1,5,3.17,2358.8,1102,0
2971,2024-02-01 07:17:03,7,3,0,145.88,Shopping Mall,MasterCard,0,1,3,1,40.43,17272.44,620,0
329,2024-01-20 03:25:30,3,5,1,377.96,Hotel Lobby,Visa,1,1,2,5,14.02,24631.8,2881,0
4271,2024-05-18 07:51:30,7,5,1,244.88,Remote Village,Amex,0,1,1,7,5.99,7298.29,1440,0
5995,2024-10-18 01:23:16,1,4,0,94.81,Remote Village,RuPay,0,1,3,4,13.88,45487.98,3414,0
4393,2024-10-20 17:39:11,17,6,1,195.04,University Campus,Amex,0,1,1,7,31.42,43547.14,1341,0
2064,2024-07-21 22:51:24,22,6,1,377.45,Train Station,RuPay,0,1,1,4,23.4,47280.12,463,0
8302,2024-10-09 13:14:41,13,2,0,31.68,Shopping Mall,Visa,0,1,1,1,17.1,48013.8,795,0
9014,2024-10-24 20:23:45,20,3,0,217.27,Suburban Branch,Visa,0,1,3,5,12.73,8396.99,1236,0
9330,2024-12-02 04:20:14,4,0,0,497.59,University Campus,Amex,0,1,1,1,43.6,30596.24,1922,0
5170,2024-04-04 07:58:56,7,3,0,248.4,Shopping Mall,MasterCard,1,1,3,6,30.05,6196.5,1366,0
4430,2024-12-21 04:01:02,4,5,1,174.41,Hotel Lobby,Amex,0,1,3,1,41.65,4895.96,1876,0
1282,2024-03-29 00:26:23,0,4,0,188.58,Airport Terminal,Visa,0,1,1,5,1.02,30347.36,2311,0
3382,2024-06-27 02:48:05,2,3,0,288.28,Downtown Branch,MasterCard,0,1,2,6,34.12,17477.3,1408,0
2637,2024-03-17 03:34:45,3,6,1,481.05,Gas Station,MasterCard,0,1,1,5,6.36,30374.35,3374,0
3329,2024-01-20 23:44:51,23,5,1,231.92,Hotel Lobby,Visa,2,1,1,6,6.67,13061.95,3153,0
6437,2024-11-23 06:48:19,6,5,1,113.44,Airport Terminal,MasterCard,0,1,3,4,8.08,576.07,3022,0
5019,2024-04-12 19:49:55,19,4,0,455.54,Remote Village,Amex,0,1,1,4,1.65,10855.08,2020,0
7325,2024-09-24 18:12:31,18,1,0,230.48,Airport Terminal,RuPay,0,1,2,8,14.14,13960.24,2344,0
3796,2024-11-01 04:38:06,4,4,0,318.02,University Campus,MasterCard,0,1,3,5,7.12,16292.67,2452,0
2664,2024-12-04 21:34:19,21,2,0,445.23,Shopping Mall,MasterCard,0,1,1,2,26.35,7797.69,1559,0
8283,2024-11-17 04:58:14,4,6,1,488.18,Shopping Mall,RuPay,0,1,1,3,22.25,45232.27,1475,0
1283,2024-09-22 03:19:09,3,6,1,199.11,Suburban Branch,Amex,0,1,2,7,15.31,40021.9,2356,0
4149,2024-12-20 18:32:23,18,4,0,317.77,Suburban Branch,Visa,0,1,2,2,28.15,607.61,1875,0
1363,2024-02-29 06:37:17,6,3,0,478.12,Hotel Lobby,Visa,0,1,3,7,0.96,38300.28,2046,0
1438,2024-09-08 09:46:10,9,6,1,472.78,Remote Village,MasterCard,0,1,3,7,37.58,26221.17,1699,0
9629,2024-06-11 01:08:02,1,1,0,2542.04,Airport Terminal,Amex,2,1,7,26,3682.12,1894.22,316,1
3442,2024-12-07 07:08:43,7,5,1,424.88,Gas Station,RuPay,0,1,3,3,46.32,13008.14,1041,0
57,2024-10-29 01:32:44,1,1,0,413.26,Airport Terminal,MasterCard,1,1,2,7,19.83,35779.23,341,0
4598,2024-08-25 00:43:30,0,6,1,337.55,Downtown Branch,MasterCard,0,1,3,8,19.25,34592.57,2514,0
8480,2024-02-15 21:13:11,21,3,0,269.44,Downtown Branch,RuPay,1,1,1,7,13.52,24054.27,3298,0
5366,2024-02-27 15:23:19,15,1,0,160.97,Suburban Branch,Visa,0,1,3,6,41.09,8166.38,2793,0
1845,2024-12-24 11:22:59,11,1,0,359.58,Gas Station,MasterCard,0,1,2,4,16.22,37712.21,566,0
5516,2024-04-03 17:51:16,17,2,0,53.14,Gas Station,MasterCard,0,1,1,7,19.19,43196.09,2250,0
8574,2024-01-13 08:33:17,8,5,1,356.32,Train Station,Visa,0,1,3,6,43.76,25756.77,3606,0
6264,2024-02-09 17:25:02,17,4,0,98.79,Suburban Branch,RuPay,0,1,2,7,7.96,49169.75,372,0
2881,2024-08-12 11:41:26,11,0,0,482.72,Suburban Branch,Visa,0,1,2,4,48.08,41944.17,731,0
1744,2024-12-21 19:02:33,19,5,1,198.06,Airport Terminal,Visa,1,1,1,5,0.08,22406.35,1356,0
8399,2024-05-04 09:56:53,9,5,1,195.06,Hotel Lobby,RuPay,0,1,3,8,26.97,22424.73,2869,0
4170,2024-12-10 12:34:58,12,1,0,258.05,Remote Village,MasterCard,1,1,3,8,31.68,45352.49,2830,0
5198,2024-07-14 17:26:19,17,6,1,226.93,Suburban Branch,MasterCard,0,1,1,1,40.96,10287.31,624,0
8994,2024-01-29 19:31:36,19,0,0,418.83,Shopping Mall,Visa,0,1,1,7,44.79,23635.79,3579,0
741,2024-10-01 15:39:43,15,1,0,31.91,Gas Station,Visa,0,1,1,2,9.62,30973.33,2392,0
9067,2024-04-16 11:53:13,11,1,0,347.12,Downtown Branch,RuPay,0,1,1,2,43.96,27322.72,2727,0
1625,2024-02-02 05:24:35,5,4,0,409.96,Hotel Lobby,MasterCard,0,1,1,1,2.14,40100.91,1555,0
525,2024-07-10 06:28:27,6,2,0,407.83,University Campus,Visa,1,1,1,1,5.91,23297.79,3293,0
8000,2024-01-31 22:02:20,22,2,0,186.75,Train Station,Amex,0,1,1,8,47.41,47441.84,2306,0
4420,2024-04-09 11:04:30,11,1,0,402.78,Gas Station,MasterCard,0,1,2,7,17.05,9187.04,3180,0
5427,2024-05-18 14:31:33,14,5,1,242.07,Hotel Lobby,Visa,0,1,3,6,48.13,47753.04,2299,0
6690,2024-12-12 17:16:10,17,3,0,460.82,Train Station,Visa,0,1,2,2,37.99,28775.43,877,0
7383,2024-06-11 16:28:39,16,1,0,65.85,Hotel Lobby,Amex,0,1,2,1,6.02,24273.0,428,0
436,2024-09-19 21:17:10,21,3,0,356.56,Hospital,Visa,0,1,3,1,35.04,13241.15,1206,0
2961,2024-04-26 23:11:17,23,4,0,307.38,Hotel Lobby,Visa,0,1,3,7,25.81,4034.16,1147,0
309,2024-03-08 15:41:11,15,4,0,359.45,Remote Village,MasterCard,0,1,1,3,18.92,36726.35,1236,0
1566,2024-08-26 15:38:05,15,0,0,367.45,Hotel Lobby,Visa,0,1,3,1,30.28,2469.81,1538,0
2632,2024-07-15 07:26:19,7,0,0,343.67,Hotel Lobby,Amex,0,1,1,5,45.04,48527.69,3193,0
5598,2024-03-08 20:13:41,20,4,0,111.63,Gas Station,MasterCard,0,1,2,2,34.45,9163.21,119,0
9478,2024-11-25 07:58:03,7,0,0,283.2,Downtown Branch,Visa,0,1,2,1,16.77,6605.05,2789,0
402,2024-10-08 18:58:55,18,1,0,298.69,Hotel Lobby,Amex,1,1,3,4,5.0,31013.84,822,0
3827,2024-12-05 06:57:40,6,3,0,467.45,University Campus,Amex,0,1,2,3,24.14,31467.57,698,0
882,2024-10-26 06:18:40,6,5,1,170.11,Airport Terminal,Amex,0,1,1,2,8.26,2964.83,3075,0
3998,2024-11-16 03:42:03,3,5,1,369.99,Shopping Mall,Visa,0,1,2,5,2.78,47891.64,1510,0
7119,2024-08-23 05:14:06,5,4,0,247.96,Airport Terminal,Amex,0,1,1,3,48.74,31309.09,2635,0
3266,2024-06-30 07:45:00,7,6,1,37.48,Gas Station,Visa,0,0,2,4,44.14,40001.84,757,0
8407,2024-04-19 17:11:19,17,4,0,110.38,Hospital,Visa,0,1,3,4,49.48,24307.62,1772,0
5010,2024-11-08 19:28:10,19,4,0,346.57,Train Station,RuPay,0,0,1,1,7.22,15874.66,3194,0
5737,2024-05-14 19:24:52,19,1,0,382.37,Hospital,Amex,0,1,3,2,45.07,5817.42,3628,0
5555,2024-04-21 00:08:32,0,6,1,329.09,University Campus,Amex,0,1,1,8,32.02,49706.41,3162,0
289,2024-07-24 18:13:44,18,2,0,491.9,Downtown Branch,RuPay,0,0,1,5,4.65,46071.59,3493,0
5565,2024-01-14 13:53:39,13,6,1,292.35,Suburban Branch,RuPay,0,1,1,1,0.98,44804.54,3091,0
8325,2024-07-17 19:52:54,19,2,0,73.26,Gas Station,Amex,0,1,1,7,44.11,9973.02,2278,0
2624,2024-10-11 16:46:44,16,4,0,300.1,Hospital,RuPay,0,1,1,1,37.02,35629.54,1540,0
8860,2024-01-17 15:13:04,15,2,0,204.79,Hotel Lobby,MasterCard,0,1,1,6,19.23,45693.6,88,0
477,2024-09-12 12:16:14,12,3,0,255.16,Remote Village,RuPay,0,1,2,4,30.3,3636.61,884,0
8592,2024-11-27 07:04:09,7,2,0,231.12,Shopping Mall,MasterCard,2,1,3,1,25.41,26828.32,770,0
9714,2024-01-22 20:26:18,20,0,0,250.13,Downtown Branch,RuPay,1,1,5,30,3041.66,-363.45,226,1
6523,2024-11-19 19:10:11,19,1,0,97.44,Airport Terminal,Visa,0,1,1,2,29.79,18376.88,1159,0
3112,2024-04-10 19:14:48,19,2,0,231.82,Remote Village,Amex,0,1,3,2,21.3,9394.51,504,0
9471,2024-11-16 13:11:21,13,5,1,300.38,University Campus,Visa,0,1,2,2,41.95,45737.12,3322,0
738,2024-01-27 05:44:49,5,5,1,437.8,Remote Village,MasterCard,0,1,2,6,39.07,23813.85,2979,0
3134,2024-11-14 13:04:09,13,3,0,213.89,Hotel Lobby,Amex,0,1,3,1,20.7,6671.98,1900,0
8048,2024-05-02 20:10:14,20,3,0,35.04,Hospital,Visa,0,1,2,5,0.01,39919.1,2558,0
6552,2024-10-06 11:11:40,11,6,1,265.2,Shopping Mall,MasterCard,0,1,3,4,27.21,17193.44,578,0
5408,2024-05-05 22:39:09,22,6,1,433.88,Downtown Branch,RuPay,0,1,3,7,23.55,15512.56,3228,0
5564,2024-10-16 11:05:55,11,2,0,23.83,Hospital,Visa,1,1,2,4,12.93,30566.2,2888,0
5329,2024-12-19 21:49:48,21,3,0,62.24,Hotel Lobby,MasterCard,0,1,2,2,40.33,9246.18,1043,0
6719,2024-07-06 09:56:23,9,5,1,36.5,Gas Station,MasterCard,0,1,1,6,20.81,6479.9,1000,0
5119,2024-01-26 18:50:30,18,4,0,338.25,Downtown Branch,Amex,1,0,1,8,16.53,20776.08,2312,0
4620,2024-09-16 20:04:01,20,0,0,169.71,Remote Village,MasterCard,0,1,1,1,33.08,46549.97,824,0
3690,2024-05-14 19:43:55,19,1,0,213.12,Shopping Mall,Visa,0,1,2,8,9.54,33420.12,3597,0
7717,2024-05-05 22:46:59,22,6,1,359.45,Shopping Mall,RuPay,0,1,1,8,24.07,47681.27,677,0
1840,2024-12-19 05:34:12,5,3,0,132.62,Train Station,Visa,0,1,3,4,44.68,30209.15,743,0
1996,2024-10-28 05:40:19,5,0,0,366.0,University Campus,RuPay,0,1,1,2,25.36,10356.77,1954,0
2400,2024-12-25 19:04:44,19,2,0,126.88,Airport Terminal,Amex,0,1,3,1,7.0,11075.6,113,0
6511,2024-08-27 16:32:36,16,1,0,277.54,Remote Village,RuPay,0,1,3,1,12.45,5103.81,2506,0
9357,2024-01-14 19:03:26,19,6,1,101.01,Hotel Lobby,RuPay,0,1,1,7,3.58,42024.4,1280,0
4120,2024-12-24 00:43:50,0,1,0,327.19,Train Station,Visa,1,1,2,4,32.02,26607.1,2998,0
5895,2024-08-10 18:47:18,18,5,1,322.18,Shopping Mall,RuPay,0,1,3,8,41.35,35078.52,1166,0
801,2024-07-04 17:37:25,17,3,0,376.71,University Campus,MasterCard,0,1,1,5,21.61,35512.61,1974,0
8424,2024-04-25 00:33:40,0,3,0,241.59,Hotel Lobby,Amex,0,1,2,2,16.87,31680.44,2131,0
7681,2024-06-01 04:30:44,4,5,1,354.08,Train Station,MasterCard,0,1,3,3,2.17,17335.72,412,0
1406,2024-04-05 22:50:20,22,4,0,320.93,Hotel Lobby,Amex,0,1,2,7,2.98,21650.36,3596,0
5432,2024-06-28 23:50:31,23,4,0,87.41,Airport Terminal,Visa,0,1,2,1,23.98,11048.93,3262,0
70,2024-04-06 09:18:26,9,5,1,76.86,Remote Village,Amex,0,1,3,4,38.78,19080.86,1843,0
9544,2024-05-04 01:32:01,1,5,1,2584.63,Airport Terminal,Visa,3,0,11,29,1956.34,1188.24,201,1
2760,2024-05-18 01:36:33,1,5,1,102.14,Remote Village,RuPay,0,1,2,3,41.26,11567.61,2984,0
8295,2024-03-10 11:56:59,11,6,1,31.57,Downtown Branch,MasterCard,0,1,1,6,22.78,24898.76,2221,0
1587,2024-07-30 12:50:09,12,1,0,465.04,University Campus,Visa,0,1,1,2,3.93,8252.8,1585,0
6667,2024-11-28 00:29:48,0,3,0,438.28,Shopping Mall,MasterCard,0,1,1,4,1.85,29106.0,2627,0
8015,2024-10-21 13:22:56,13,0,0,141.6,Remote Village,RuPay,0,1,1,2,28.62,21126.39,3226,0
1075,2024-12-21 05:01:15,5,5,1,193.9,University Campus,MasterCard,0,1,2,4,28.47,41356.52,543,0
3064,2024-01-24 10:30:31,10,2,0,383.96,Gas Station,Amex,0,1,2,8,10.64,36610.29,3182,0
6488,2024-01-22 10:19:49,10,0,0,354.47,University Campus,MasterCard,0,1,1,7,41.84,39040.92,855,0
4706,2024-07-02 22:05:39,22,1,0,341.31,Shopping Mall,Visa,0,0,2,6,13.18,4218.91,3094,0
9070,2024-03-28 12:33:51,12,3,0,81.63,Downtown Branch,Visa,0,1,1,3,14.11,6775.5,1892,0
2604,2024-01-13 22:18:31,22,5,1,425.35,University Campus,Amex,0,1,3,8,21.39,8704.24,1571,0
7739,2024-10-06 10:56:35,10,6,1,440.12,Hospital,MasterCard,1,1,2,3,49.15,36143.72,1269,0
1580,2024-11-15 20:08:26,20,4,0,485.36,Downtown Branch,Visa,1,1,2,1,30.6,14034.43,1230,0
5059,2024-12-07 17:23:05,17,5,1,274.64,Airport Terminal,Visa,0,1,3,2,47.76,13627.88,1694,0
5754,2024-07-03 00:57:49,0,2,0,260.06,Hotel Lobby,Visa,0,1,1,3,3.71,25230.23,1888,0
3549,2024-09-28 08:21:55,8,5,1,215.3,Hospital,RuPay,0,1,2,2,29.22,16982.57,1127,0
410,2024-03-25 23:32:31,23,0,0,385.51,Gas Station,RuPay,0,1,1,4,25.89,39593.88,1619,0
4098,2024-03-24 23:46:38,23,6,1,405.06,Hospital,Amex,0,1,1,7,28.09,44675.15,2421,0
6462,2024-10-20 07:55:19,7,6,1,73.71,Shopping Mall,Amex,0,1,1,1,3.61,18368.41,130,0
5602,2024-07-27 06:46:26,6,5,1,190.9,Hospital,Visa,0,0,2,7,42.82,45434.87,2433,0
5232,2024-07-22 10:51:34,10,0,0,277.7,Shopping Mall,RuPay,1,1,3,7,48.43,43756.78,2763,0
3778,2024-08-07 19:20:05,19,2,0,271.37,Shopping Mall,Visa,0,1,2,5,29.24,34543.09,1344,0
2727,2024-10-20 14:28:49,14,6,1,261.67,Remote Village,Amex,0,1,1,7,18.1,12041.72,3320,0
478,2024-12-26 13:20:59,13,3,0,447.09,Downtown Branch,Amex,0,1,3,7,41.1,39733.05,268,0
1330,2024-07-08 20:13:47,20,0,0,155.19,Train Station,MasterCard,0,1,1,6,43.07,44801.38,124,0
4036,2024-03-30 23:35:08,23,5,1,105.37,Remote Village,Visa,2,1,1,5,31.18,4973.69,45,0
9643,2024-03-07 00:37:14,0,3,0,366.24,Airport Terminal,MasterCard,0,1,7,30,3630.66,-403.15,288,1
1778,2024-12-18 01:14:40,1,2,0,441.68,Remote Village,RuPay,1,1,3,6,1.6,14197.73,3449,0
6097,2024-02-15 00:09:26,0,3,0,97.37,Train Station,MasterCard,0,1,3,5,40.54,46493.47,1765,0
752,2024-01-18 15:56:54,15,3,0,97.48,Airport Terminal,RuPay,0,1,2,2,41.52,36281.18,1174,0
5793,2024-03-01 14:28:47,14,4,0,254.9,Hospital,MasterCard,0,1,2,6,13.14,11436.15,3198,0
4061,2024-08-23 17:11:54,17,4,0,229.77,Hotel Lobby,Visa,0,1,3,6,18.8,15909.53,1463,0
9042,2024-05-07 10:25:36,10,1,0,295.11,Remote Village,Amex,0,1,3,5,33.5,42159.74,1310,0
6031,2024-01-02 01:12:38,1,1,0,388.19,Train Station,MasterCard,1,1,1,6,33.38,44680.19,1259,0
5899,2024-06-20 18:54:49,18,3,0,433.8,Gas Station,Amex,0,1,1,6,23.21,37365.32,1794,0
9339,2024-02-28 09:54:01,9,2,0,112.66,Hotel Lobby,MasterCard,0,1,3,2,6.4,7923.6,625,0
9161,2024-11-02 03:26:33,3,5,1,273.56,Train Station,Amex,0,1,2,7,16.43,41200.29,2232,0
9997,2024-10-16 04:17:19,4,2,0,1975.45,Remote Village,Visa,3,1,8,28,2406.22,-435.63,223,1
5152,2024-11-22 11:41:23,11,4,0,95.69,Remote Village,RuPay,0,1,2,2,15.34,4323.0,74,0
469,2024-09-24 08:24:50,8,1,0,306.18,Airport Terminal,Visa,0,1,2,2,34.3,16987.26,3141,0
1546,2024-11-03 14:50:56,14,6,1,154.3,Remote Village,MasterCard,0,1,3,1,38.6,36565.93,1538,0
6312,2024-05-30 04:27:51,4,3,0,201.69,Train Station,Visa,1,1,3,7,26.55,30825.51,253,0
2684,2024-08-23 19:02:49,19,4,0,262.34,Hotel Lobby,MasterCard,0,1,1,5,14.95,39693.93,2504,0
8967,2024-08-22 09:23:40,9,3,0,341.56,Downtown Branch,RuPay,0,1,1,8,6.71,47566.31,1524,0
6182,2024-03-14 02:33:18,2,3,0,267.81,Airport Terminal,MasterCard,0,1,3,7,41.1,1148.11,103,0
1026,2024-09-29 11:07:52,11,6,1,118.43,Train Station,RuPay,0,1,3,3,15.04,15613.45,56,0
5113,2024-12-10 10:39:27,10,1,0,449.43,Suburban Branch,Visa,0,0,3,8,13.64,5973.72,990,0
8563,2024-02-20 02:59:36,2,1,0,136.27,University Campus,RuPay,0,0,2,8,16.58,13628.54,873,0
5369,2024-06-06 13:54:57,13,3,0,161.93,Train Station,Visa,1,1,1,6,30.68,40107.2,3213,0
2355,2024-02-20 19:07:56,19,1,0,202.18,Shopping Mall,RuPay,0,1,1,2,13.69,30715.87,3366,0
7279,2024-12-17 12:05:34,12,1,0,430.08,Hospital,RuPay,0,1,3,7,34.4,30293.96,728,0
3603,2024-02-11 21:30:07,21,6,1,452.84,Remote Village,MasterCard,0,1,2,6,10.27,41147.0,2231,0
774,2024-01-23 06:14:21,6,1,0,133.95,Suburban Branch,Visa,0,1,2,6,9.77,10098.56,854,0
6774,2024-04-17 22:03:19,22,2,0,406.28,Gas Station,Visa,0,1,3,1,48.43,46352.37,2245,0
8810,2024-04-26 13:51:54,13,4,0,414.94,Suburban Branch,MasterCard,0,1,3,2,26.08,22906.41,713,0
3383,2024-09-18 15:59:19,15,2,0,173.41,Downtown Branch,MasterCard,0,1,3,7,22.8,34957.33,2091,0
642,2024-03-14 07:36:12,7,3,0,431.25,Train Station,Visa,1,1,2,3,0.64,33740.53,2782,0
4234,2024-01-19 02:52:33,2,4,0,390.15,Remote Village,Visa,2,0,2,7,25.63,39376.45,753,0
3816,2024-08-20 17:33:33,17,1,0,64.23,Train Station,RuPay,0,1,3,3,43.37,1589.32,3259,0
4105,2024-08-27 18:17:57,18,1,0,284.28,Hospital,MasterCard,0,1,1,1,6.44,490.96,667,0
9926,2024-10-05 04:13:15,4,5,1,4552.12,Remote Village,RuPay,3,0,14,12,4103.44,1220.5,227,1
1109,2024-08-05 19:49:51,19,0,0,101.24,Train Station,MasterCard,1,1,1,3,20.16,41919.71,2173,0
3528,2024-02-14 04:03:50,4,2,0,198.9,Gas Station,Visa,0,1,2,7,30.94,5766.97,2595,0
3496,2024-07-16 12:36:38,12,1,0,42.54,Train Station,MasterCard,0,1,2,8,5.32,30119.08,924,0
1421,2024-12-26 08:12:11,8,3,0,285.26,Shopping Mall,RuPay,0,1,3,6,38.12,8674.93,3409,0
6924,2024-10-05 16:16:04,16,5,1,126.8,University Campus,RuPay,0,1,2,1,49.14,15663.73,1142,0
3882,2024-12-23 09:57:04,9,0,0,345.32,Hospital,Amex,0,1,1,7,14.64,7091.22,704,0
8354,2024-09-13 22:54:13,22,4,0,483.6,Downtown Branch,Amex,1,1,2,6,25.39,36388.87,3581,0
6246,2024-06-21 16:41:29,16,4,0,474.14,Shopping Mall,MasterCard,0,1,3,5,40.2,35284.83,426,0
4939,2024-03-30 16:53:30,16,5,1,175.36,Remote Village,Amex,0,1,3,2,45.65,45707.73,3239,0
6799,2024-01-11 11:19:08,11,3,0,290.76,Hotel Lobby,RuPay,0,1,1,6,24.65,32231.98,1955,0
7813,2024-04-26 07:46:54,7,4,0,34.6,Gas Station,MasterCard,0,1,2,4,38.63,6097.01,1116,0
1681,2024-11-25 09:03:56,9,0,0,494.26,Downtown Branch,Visa,0,1,1,8,40.99,27073.46,732,0
6716,2024-08-07 09:32:23,9,2,0,215.07,Downtown Branch,Amex,2,1,2,7,37.0,26975.55,1576,0
634,2024-09-24 05:03:51,5,1,0,128.76,Shopping Mall,RuPay,0,0,2,2,3.89,38757.15,3132,0
2570,2024-09-21 02:49:41,2,5,1,306.9,Airport Terminal,Amex,0,1,2,4,30.19,7790.94,1349,0
7360,2024-11-05 21:00:51,21,1,0,47.86,Suburban Branch,RuPay,2,1,2,8,48.31,26316.47,640,0
2167,2024-04-15 11:04:12,11,0,0,131.36,Gas Station,Visa,1,1,1,1,34.87,39162.22,2871,0
8170,2024-09-21 11:27:35,11,5,1,457.3,Remote Village,RuPay,0,1,3,8,43.74,41705.67,955,0
8846,2024-12-15 16:50:35,16,6,1,469.97,Downtown Branch,Amex,2,1,2,3,39.06,1121.6,1063,0
2826,2024-11-18 00:01:51,0,0,0,284.79,Gas Station,MasterCard,0,1,1,1,7.24,39982.31,1093,0
4088,2024-01-25 01:40:24,1,3,0,128.07,Hospital,MasterCard,0,1,3,8,44.38,19252.27,2345,0
6244,2024-10-01 00:04:44,0,1,0,257.5,Hotel Lobby,MasterCard,0,1,3,4,30.5,6627.56,2643,0
8365,2024-11-02 23:59:33,23,5,1,283.85,Gas Station,Visa,1,1,1,4,41.37,36333.61,1766,0
3942,2024-03-04 02:26:29,2,0,0,367.19,Gas Station,RuPay,0,1,3,5,49.7,44353.13,1735,0
9180,2024-02-26 19:29:08,19,0,0,31.75,Airport Terminal,Amex,0,1,3,5,13.37,15277.37,3287,0
8076,2024-02-28 13:44:48,13,2,0,36.87,Airport Terminal,MasterCard,0,1,1,7,34.32,37173.71,629,0
9196,2024-12-12 15:26:41,15,3,0,393.52,Gas Station,MasterCard,0,1,3,6,30.33,9951.79,1750,0
4129,2024-06-28 21:33:36,21,4,0,97.77,Hospital,Amex,2,1,2,1,21.67,1271.2,1317,0
1173,2024-06-02 16:39:16,16,6,1,124.79,Remote Village,RuPay,2,1,1,7,27.5,17666.03,921,0
8669,2024-04-27 00:15:33,0,5,1,200.16,University Campus,MasterCard,0,1,3,4,37.81,33576.78,2554,0
4223,2024-04-14 18:59:26,18,6,1,407.09,Shopping Mall,MasterCard,0,1,2,3,46.97,7744.27,2248,0
4835,2024-08-31 22:58:29,22,5,1,441.72,Remote Village,RuPay,1,1,3,8,30.81,27696.47,1208,0
2577,2024-05-07 14:58:45,14,1,0,332.41,Airport Terminal,RuPay,0,1,3,2,3.33,10389.17,2576,0
1990,2024-09-16 22:07:50,22,0,0,288.9,Train Station,MasterCard,0,0,1,5,7.14,21042.95,1759,0
6974,2024-12-08 03:42:32,3,6,1,387.41,Airport Terminal,Visa,0,1,2,1,12.78,33132.38,2389,0
5837,2024-10-19 20:24:33,20,5,1,373.32,Airport Terminal,Amex,0,1,3,8,22.41,28405.3,3486,0
4533,2024-09-23 03:27:13,3,0,0,94.92,University Campus,RuPay,0,1,1,2,48.23,6196.02,354,0
3210,2024-02-03 02:05:18,2,5,1,325.52,Suburban Branch,RuPay,1,1,1,3,29.99,12033.85,2974,0
3856,2024-04-05 21:51:38,21,4,0,470.11,Hospital,Amex,1,1,1,6,43.86,9817.98,2953,0
2629,2024-03-06 02:42:03,2,2,0,145.35,Gas Station,Visa,0,1,1,4,16.37,13196.54,452,0
7804,2024-02-10 19:38:51,19,5,1,315.64,Hotel Lobby,RuPay,0,1,1,8,6.98,38872.89,586,0
1411,2024-07-01 06:27:17,6,0,0,181.8,Hotel Lobby,Amex,0,1,3,2,12.58,13483.76,1141,0
8258,2024-04-18 15:15:23,15,3,0,244.78,Train Station,Amex,0,1,3,3,40.82,44249.11,1499,0
7387,2024-06-24 21:14:02,21,0,0,458.8,Gas Station,MasterCard,0,1,2,3,9.85,39143.43,3228,0
4304,2024-08-17 03:45:39,3,5,1,267.96,Shopping Mall,Visa,0,1,1,5,40.71,20774.76,3551,0
6751,2024-09-07 06:05:27,6,5,1,435.23,Train Station,Amex,0,1,2,4,4.15,1119.03,3252,0
6556,2024-05-14 16:57:40,16,1,0,424.02,Shopping Mall,Amex,0,1,3,4,26.79,34841.86,2120,0
816,2024-09-12 12:38:51,12,3,0,411.24,Hotel Lobby,MasterCard,0,1,1,7,15.08,29983.57,447,0
2405,2024-03-08 14:53:22,14,4,0,420.37,Hospital,MasterCard,0,1,2,3,18.45,3165.56,3154,0
5398,2024-01-11 21:27:32,21,3,0,352.5,Downtown Branch,Amex,0,1,3,5,15.56,28616.1,726,0
9957,2024-08-06 02:46:44,2,1,0,1678.61,Airport Terminal,MasterCard,4,1,9,20,3081.72,540.51,232,1
2132,2024-06-02 04:15:05,4,6,1,101.72,Downtown Branch,Visa,0,1,2,1,13.11,41569.1,1433,0
1798,2024-03-23 02:43:34,2,5,1,277.05,Suburban Branch,MasterCard,0,1,3,6,28.45,23241.13,1956,0
3091,2024-02-19 14:52:21,14,0,0,179.18,Hospital,RuPay,0,1,3,7,31.89,38393.92,1681,0
4185,2024-01-25 05:42:24,5,3,0,468.59,Hospital,RuPay,0,1,1,8,5.58,42127.2,1798,0
4565,2024-04-11 06:11:19,6,3,0,169.97,Downtown Branch,Visa,1,1,3,5,37.24,35333.98,1662,0
5031,2024-10-23 16:51:07,16,2,0,448.57,Remote Village,MasterCard,0,1,3,1,44.86,5502.72,1497,0
8049,2024-03-29 12:57:30,12,4,0,244.58,Gas Station,RuPay,1,1,2,3,40.68,11301.11,1472,0
123,2024-04-20 00:02:54,0,5,1,345.54,Suburban Branch,MasterCard,0,1,1,4,19.76,30006.32,61,0
180,2024-07-20 16:31:54,16,5,1,239.35,Suburban Branch,Amex,0,1,3,6,8.13,49531.73,3058,0
9251,2024-12-13 00:19:05,0,4,0,444.48,Airport Terminal,MasterCard,1,1,3,5,23.29,16133.49,1281,0
8096,2024-07-28 07:13:11,7,6,1,359.93,Airport Terminal,Visa,0,1,1,8,43.8,30594.73,3280,0
6430,2024-12-06 10:05:43,10,4,0,463.61,Airport Terminal,RuPay,0,1,3,4,3.92,11482.71,3494,0
9738,2024-12-29 01:15:10,1,6,1,406.17,Shopping Mall,Visa,0,1,3,5,1072.09,1627.73,103,1
4993,2024-03-04 02:08:08,2,0,0,425.62,Train Station,MasterCard,0,1,3,5,36.38,48094.82,2658,0
1158,2024-12-28 19:09:41,19,5,1,359.63,Suburban Branch,Visa,0,1,3,8,21.74,23291.68,193,0
9004,2024-08-12 16:20:35,16,0,0,129.43,Gas Station,RuPay,0,1,1,1,30.57,37156.89,2144,0
1533,2024-10-19 06:04:54,6,5,1,160.23,Suburban Branch,Visa,0,1,3,8,14.36,26158.89,3175,0
8993,2024-09-07 23:48:42,23,5,1,326.35,Train Station,Visa,0,1,3,4,29.85,45184.48,1549,0
7860,2024-10-16 22:31:03,22,2,0,310.39,Shopping Mall,MasterCard,0,1,2,2,33.65,46580.49,1753,0
9111,2024-06-28 22:44:06,22,4,0,387.93,University Campus,RuPay,0,1,1,1,35.46,49859.54,2098,0
1536,2024-07-24 20:17:10,20,2,0,91.98,Airport Terminal,Visa,0,1,1,5,25.58,49534.31,1543,0
9260,2024-04-23 20:28:09,20,1,0,419.89,Hospital,RuPay,0,1,1,2,49.52,45472.7,2891,0
5518,2024-06-07 05:10:11,5,4,0,32.75,Gas Station,Visa,0,1,3,6,31.92,22074.35,3141,0
2606,2024-09-17 15:47:15,15,1,0,204.97,Hotel Lobby,MasterCard,0,1,3,2,1.09,4065.37,3159,0
6128,2024-05-08 07:32:49,7,2,0,291.29,University Campus,Amex,0,1,2,5,40.94,48981.44,3201,0
9142,2024-11-24 03:03:11,3,6,1,429.25,University Campus,Visa,0,1,1,8,41.66,12130.75,2009,0
7459,2024-12-20 18:04:40,18,4,0,383.7,Downtown Branch,Amex,0,1,3,5,35.99,35003.33,2673,0
2178,2024-11-10 18:28:03,18,6,1,337.72,Gas Station,MasterCard,0,1,2,4,20.39,1026.51,398,0
7991,2024-01-12 22:29:51,22,4,0,95.41,Downtown Branch,Amex,0,1,2,3,11.24,7450.12,3524,0
2352,2024-06-08 13:09:35,13,5,1,283.29,Hospital,MasterCard,0,1,3,1,20.65,5153.28,3023,0
9178,2024-05-20 05:03:30,5,0,0,469.6,Airport Terminal,RuPay,0,1,2,2,15.26,6590.14,2995,0
3503,2024-05-07 01:48:28,1,1,0,398.75,University Campus,Amex,0,1,2,6,7.67,28511.51,1648,0
2135,2024-02-03 17:26:24,17,5,1,475.83,Downtown Branch,Visa,0,1,2,1,46.59,7263.95,2020,0
1481,2024-01-30 14:28:32,14,1,0,491.75,Downtown Branch,Amex,1,1,1,5,48.26,5757.2,1878,0
2794,2024-05-12 09:18:55,9,6,1,208.77,Remote Village,Visa,0,1,2,6,42.79,6666.64,982,0
4844,2024-04-25 17:28:38,17,3,0,201.88,Suburban Branch,Amex,1,1,1,5,11.91,4202.49,2315,0
9781,2024-04-03 04:46:37,4,2,0,499.95,University Campus,RuPay,2,0,13,15,1782.64,1611.48,323,1
9935,2024-11-09 03:42:53,3,5,1,275.98,Hospital,Visa,0,1,11,14,3670.67,1369.77,256,1
4763,2024-02-03 01:39:35,1,5,1,169.87,Airport Terminal,Visa,0,1,1,6,12.62,36138.29,3610,0
7192,2024-03-14 02:42:31,2,3,0,138.69,Train Station,Visa,0,0,3,5,7.38,48831.99,2459,0
6042,2024-03-10 08:40:12,8,6,1,375.27,Hospital,Amex,0,1,3,3,20.44,9139.34,1572,0
9637,2024-08-24 04:09:12,4,5,1,883.98,Remote Village,Amex,3,0,15,19,3249.38,1829.45,176,1
3446,2024-01-29 02:29:39,2,0,0,94.06,Downtown Branch,Visa,0,1,2,8,32.99,43139.88,1459,0
8150,2024-06-21 01:15:09,1,4,0,371.23,Hotel Lobby,Amex,0,1,3,4,33.54,34934.78,863,0
7766,2024-10-14 11:36:04,11,0,0,111.06,Downtown Branch,RuPay,0,1,1,8,23.39,36563.23,3611,0
3621,2024-09-20 01:17:40,1,4,0,219.87,Hospital,MasterCard,1,1,3,5,49.02,28327.09,1752,0
1953,2024-05-09 07:56:34,7,3,0,369.75,Shopping Mall,MasterCard,0,1,3,1,0.17,12531.93,553,0
556,2024-05-29 09:48:03,9,2,0,190.55,Remote Village,Amex,0,1,2,4,35.61,13535.6,2267,0
4265,2024-09-13 14:33:41,14,4,0,336.04,Airport Terminal,Amex,0,1,1,3,27.3,45383.29,1448,0
1164,2024-10-07 05:44:35,5,0,0,333.39,Hospital,MasterCard,1,0,1,5,49.75,30817.52,2238,0
1585,2024-10-25 16:39:14,16,4,0,393.32,Suburban Branch,MasterCard,0,1,2,2,48.51,10002.12,1889,0
6152,2024-06-10 16:11:22,16,0,0,140.85,Downtown Branch,Amex,0,1,2,3,12.91,42838.51,1296,0
9721,2024-06-28 01:43:48,1,4,0,3959.79,Remote Village,RuPay,2,0,8,29,2910.72,526.61,19,1
5838,2024-09-12 19:43:47,19,3,0,495.5,Airport Terminal,RuPay,0,1,3,1,20.35,27616.23,757,0
5262,2024-03-22 21:38:21,21,4,0,76.22,Gas Station,Amex,0,1,2,6,30.07,40138.77,975,0
5240,2024-12-23 03:09:07,3,0,0,172.24,University Campus,Visa,0,1,1,3,39.91,23209.95,539,0
7914,2024-12-25 12:04:41,12,2,0,22.04,Train Station,Visa,0,1,2,1,10.89,12782.44,1847,0
9163,2024-03-04 18:41:56,18,0,0,143.0,Remote Village,Amex,0,1,1,8,2.28,32133.69,2392,0
1599,2024-01-29 06:06:34,6,0,0,491.22,Remote Village,Amex,0,1,2,1,27.88,26759.55,2822,0
7183,2024-11-03 11:45:37,11,6,1,312.05,Downtown Branch,Visa,0,1,2,8,32.3,45572.52,506,0
301,2024-09-01 23:03:25,23,6,1,497.16,Downtown Branch,Amex,0,0,3,6,23.98,39093.61,1439,0
9661,2024-05-05 17:51:27,17,6,1,274.08,Remote Village,Visa,2,1,14,24,382.45,541.09,90,1
6948,2024-12-17 13:34:09,13,1,0,264.89,Downtown Branch,Amex,0,0,3,8,24.96,24337.53,165,0
3795,2024-07-16 18:59:27,18,1,0,140.15,Suburban Branch,RuPay,0,1,1,2,32.12,22403.58,2944,0
4573,2024-09-10 23:01:09,23,1,0,142.37,Downtown Branch,Amex,0,1,2,3,32.11,26907.26,3291,0
4336,2024-06-30 17:16:47,17,6,1,58.19,Hotel Lobby,Amex,0,1,2,2,40.45,1602.38,2507,0
2859,2024-05-07 20:59:29,20,1,0,31.45,Hospital,Visa,1,0,1,1,33.34,39210.2,3291,0
5695,2024-04-16 12:40:34,12,1,0,221.08,Downtown Branch,Visa,0,1,3,6,32.91,4447.25,3094,0
3143,2024-02-21 07:36:17,7,2,0,119.02,Shopping Mall,RuPay,0,1,2,3,48.05,17076.12,1429,0
1360,2024-02-05 16:11:30,16,0,0,382.24,Hotel Lobby,RuPay,2,1,2,2,24.62,27301.06,2179,0
4534,2024-03-08 15:20:39,15,4,0,435.21,Airport Terminal,RuPay,0,1,2,4,13.16,1884.49,460,0
9750,2024-02-15 12:50:13,12,3,0,122.46,Hospital,RuPay,1,1,5,6,4167.8,-371.58,1,1
5688,2024-04-30 11:54:04,11,1,0,452.13,Shopping Mall,RuPay,0,0,2,3,17.41,16169.09,2843,0
487,2024-11-16 16:07:50,16,5,1,451.53,Airport Terminal,Visa,0,1,2,1,36.54,28856.56,351,0
7837,2024-12-30 06:12:06,6,0,0,70.69,Airport Terminal,RuPay,0,0,2,2,27.22,49053.67,202,0
9555,2024-09-11 04:19:34,4,2,0,460.18,Hotel Lobby,RuPay,1,1,12,29,4777.84,1184.5,93,1
5901,2024-08-21 13:01:41,13,2,0,20.88,Hospital,RuPay,0,1,3,2,44.84,44440.6,314,0
8117,2024-08-03 04:19:05,4,5,1,417.79,Train Station,Amex,0,1,2,1,45.0,15220.47,1757,0
7363,2024-09-27 23:48:23,23,4,0,481.03,Train Station,Visa,0,1,1,4,15.06,32856.94,114,0
1153,2024-03-23 00:49:41,0,5,1,164.93,Hospital,RuPay,0,1,2,3,14.25,19402.09,3393,0
5383,2024-06-04 14:50:56,14,1,0,297.97,Downtown Branch,MasterCard,1,1,1,5,18.36,35713.91,2216,0
9742,2024-03-06 02:28:34,2,2,0,1024.39,Remote Village,RuPay,2,1,8,27,2437.77,-43.14,111,1
5425,2024-03-22 18:33:27,18,4,0,246.64,Shopping Mall,Visa,0,1,3,4,41.3,45301.42,3052,0
8808,2024-02-05 00:20:27,0,0,0,403.74,Shopping Mall,MasterCard,0,1,2,6,36.18,18022.39,2364,0
5187,2024-07-17 19:08:54,19,2,0,70.69,Hospital,Amex,0,1,1,5,12.72,12879.04,1367,0
8410,2024-09-25 09:25:07,9,2,0,461.87,Gas Station,RuPay,0,1,1,3,43.36,12708.75,3552,0
6190,2024-04-16 01:58:31,1,1,0,45.95,Gas Station,RuPay,0,1,2,6,48.16,16285.73,1755,0
9703,2024-01-03 18:26:26,18,2,0,158.72,Shopping Mall,RuPay,2,1,15,8,4111.22,-466.52,180,1
8270,2024-04-29 03:21:13,3,0,0,316.0,Hospital,RuPay,0,1,1,3,6.51,27205.84,3567,0
5315,2024-09-25 10:33:45,10,2,0,64.8,Shopping Mall,MasterCard,0,1,3,7,40.8,22494.99,1859,0
9904,2024-04-12 01:17:43,1,4,0,384.2,Hospital,Amex,2,1,9,17,478.84,1232.33,284,1
666,2024-12-14 06:31:56,6,5,1,194.45,Airport Terminal,Visa,0,1,3,3,11.8,28591.57,2079,0
3354,2024-01-03 15:43:16,15,2,0,411.25,Downtown Branch,Amex,2,1,2,1,36.16,27623.77,3201,0
8852,2024-03-31 19:00:21,19,6,1,470.52,Shopping Mall,Visa,0,1,2,2,29.66,12251.15,113,0
8062,2024-08-25 11:48:07,11,6,1,335.28,Suburban Branch,Amex,0,0,2,1,32.62,12351.64,1733,0
643,2024-06-02 22:26:02,22,6,1,230.27,Airport Terminal,MasterCard,0,1,2,7,34.75,48880.79,3066,0
9243,2024-10-28 01:58:50,1,0,0,151.97,Airport Terminal,MasterCard,0,1,1,1,45.28,43093.93,536,0
177,2024-10-23 15:39:39,15,2,0,213.56,Downtown Branch,RuPay,0,1,1,6,27.66,3769.23,2095,0
6432,2024-07-15 22:30:14,22,0,0,489.11,Suburban Branch,Visa,0,1,1,8,41.7,48885.08,1754,0
9911,2024-02-20 12:19:13,12,1,0,164.71,Gas Station,Amex,2,0,12,21,2531.84,670.41,138,1
3439,2024-08-06 21:30:14,21,1,0,265.16,Hotel Lobby,Visa,0,1,2,5,31.03,47891.03,382,0
787,2024-06-02 18:03:18,18,6,1,124.92,Hospital,Amex,0,1,2,5,27.53,6803.08,374,0
6392,2024-06-10 07:46:11,7,0,0,274.98,Downtown Branch,Visa,0,1,1,3,42.1,7005.7,229,0
9066,2024-01-08 03:39:00,3,0,0,231.49,Gas Station,Amex,0,1,3,3,12.94,26790.75,388,0
9928,2024-10-14 01:09:19,1,0,0,2853.25,Airport Terminal,Amex,3,1,6,6,4611.36,758.04,345,1
3203,2024-04-19 04:20:46,4,4,0,330.91,Hospital,RuPay,0,1,3,1,12.38,42553.15,589,0
4804,2024-07-14 22:34:02,22,6,1,198.21,Airport Terminal,MasterCard,0,1,2,6,0.0,39951.43,2648,0
7836,2024-03-17 15:52:00,15,6,1,22.58,Hotel Lobby,MasterCard,0,1,1,3,10.67,48848.44,2457,0
7941,2024-07-18 02:11:53,2,3,0,300.87,Train Station,Visa,0,1,1,1,26.79,21105.75,1247,0
92,2024-01-31 16:02:18,16,2,0,312.56,University Campus,Amex,0,1,3,3,11.61,31931.44,1912,0
5763,2024-02-18 00:14:56,0,6,1,460.04,Hospital,Visa,0,1,2,7,13.05,44388.67,2292,0
9028,2024-03-14 20:07:46,20,3,0,482.14,University Campus,RuPay,0,1,1,1,5.86,12246.46,3537,0
9505,2024-02-10 03:16:12,3,5,1,3991.89,Remote Village,RuPay,5,1,12,20,3055.48,1615.13,106,1
8238,2024-07-06 04:48:14,4,5,1,358.94,Shopping Mall,Amex,0,1,2,3,32.02,15807.82,2537,0
1972,2024-11-14 10:58:10,10,3,0,86.08,University Campus,Amex,0,1,2,2,23.11,46318.89,3104,0
2906,2024-01-24 14:35:03,14,2,0,23.73,Gas Station,MasterCard,0,1,3,2,6.5,25428.61,2396,0
531,2024-01-26 17:09:00,17,4,0,485.41,Downtown Branch,Visa,0,1,2,3,28.55,19539.36,2467,0
3636,2024-11-10 09:27:10,9,6,1,470.84,Hospital,RuPay,0,1,1,7,32.55,46931.77,1274,0
997,2024-10-22 08:15:41,8,1,0,473.3,Shopping Mall,MasterCard,0,1,1,3,10.94,18245.82,1883,0
5853,2024-05-30 22:12:34,22,3,0,385.68,Gas Station,MasterCard,0,1,1,5,23.32,14170.7,244,0
4227,2024-01-06 17:06:14,17,5,1,166.94,Suburban Branch,MasterCard,0,1,2,2,37.51,12348.77,2696,0
5617,2024-05-19 10:14:07,10,6,1,160.31,Remote Village,Visa,0,1,1,5,41.15,11874.56,2697,0
2313,2024-06-13 22:26:32,22,3,0,50.55,Downtown Branch,Visa,0,1,1,2,25.68,4792.76,2342,0
2155,2024-03-23 01:13:00,1,5,1,32.98,Train Station,MasterCard,0,1,1,7,23.55,39593.78,522,0
5318,2024-11-06 06:26:50,6,2,0,321.73,Downtown Branch,RuPay,0,0,3,3,29.42,40859.46,1396,0
1428,2024-09-07 16:17:02,16,5,1,354.84,Downtown Branch,RuPay,0,1,2,6,19.05,24598.78,2996,0
8631,2024-04-15 19:28:06,19,0,0,387.7,University Campus,Amex,1,1,2,2,14.51,29505.16,3597,0
6033,2024-09-10 15:36:32,15,1,0,429.63,Downtown Branch,MasterCard,0,1,3,6,41.15,33359.88,1109,0
4416,2024-10-16 09:40:09,9,2,0,159.31,Hospital,MasterCard,0,1,2,3,30.14,10131.82,1630,0
8819,2024-11-21 09:21:31,9,3,0,178.09,Suburban Branch,RuPay,1,1,2,1,44.47,35416.24,2097,0
3086,2024-04-24 20:59:05,20,2,0,197.37,Gas Station,MasterCard,0,1,3,3,4.79,24524.43,2883,0
7799,2024-02-29 19:23:03,19,3,0,371.64,Hospital,Visa,0,1,3,5,27.08,1799.39,120,0
9154,2024-03-04 07:24:05,7,0,0,230.57,Suburban Branch,Amex,0,1,1,8,45.75,3158.95,1288,0
8210,2024-07-18 09:00:57,9,3,0,137.41,Hospital,Visa,0,1,2,5,6.25,19497.5,1046,0
9574,2024-11-29 15:33:24,15,4,0,189.55,Downtown Branch,RuPay,2,0,11,13,2507.45,1746.31,292,1
9535,2024-08-05 11:00:15,11,0,0,255.23,Gas Station,Visa,3,1,14,11,649.67,1145.83,219,1
496,2024-09-26 10:38:24,10,3,0,406.05,Train Station,RuPay,0,1,1,4,10.19,26210.97,1089,0
3750,2024-02-27 08:17:09,8,1,0,250.54,Train Station,RuPay,2,1,1,8,28.78,35360.57,2850,0
2322,2024-04-05 06:29:06,6,4,0,392.89,Train Station,RuPay,0,1,2,6,21.71,15427.78,3587,0
4268,2024-11-07 05:09:01,5,3,0,300.82,Hotel Lobby,Amex,0,1,1,3,40.61,39093.91,1597,0
3406,2024-12-20 05:05:53,5,4,0,83.12,Train Station,RuPay,0,1,2,5,14.26,45496.38,2346,0
152,2024-01-18 05:14:18,5,3,0,189.1,Shopping Mall,MasterCard,0,1,3,8,49.04,23978.71,776,0
7370,2024-06-04 15:36:17,15,1,0,308.98,University Campus,MasterCard,0,1,1,5,27.97,2985.29,1022,0
695,2024-08-18 18:23:06,18,6,1,335.84,Downtown Branch,MasterCard,0,1,2,6,47.37,49991.07,3294,0
4418,2024-08-05 12:59:00,12,0,0,360.59,Gas Station,MasterCard,0,1,3,3,18.88,21960.1,872,0
5698,2024-11-30 15:37:23,15,5,1,104.0,Downtown Branch,MasterCard,1,1,3,8,0.75,7183.57,3410,0
1739,2024-11-13 14:43:36,14,2,0,161.83,Airport Terminal,MasterCard,0,1,3,4,44.89,14539.21,1337,0
3002,2024-02-25 20:08:01,20,6,1,281.26,Hospital,Visa,0,1,1,6,44.55,27450.91,340,0
168,2024-05-14 09:10:07,9,1,0,474.79,Gas Station,Amex,0,1,2,4,31.75,27586.99,542,0
6112,2024-04-15 21:19:34,21,0,0,445.58,University Campus,MasterCard,0,1,1,1,38.13,43294.81,3290,0
4623,2024-04-12 00:01:19,0,4,0,479.36,Hotel Lobby,MasterCard,0,1,3,8,27.07,8557.26,2388,0
2866,2024-11-17 17:53:59,17,6,1,33.95,Gas Station,Amex,0,1,3,7,30.38,21235.67,805,0
8545,2024-11-23 18:58:18,18,5,1,87.54,Shopping Mall,MasterCard,0,1,2,5,38.88,41477.05,2588,0
4703,2024-04-18 05:16:18,5,3,0,284.12,Suburban Branch,MasterCard,0,1,1,5,42.21,46320.74,2950,0
2884,2024-08-01 18:13:21,18,3,0,161.56,Gas Station,RuPay,0,1,1,7,34.09,8092.27,2541,0
3032,2024-11-06 07:58:43,7,2,0,381.27,Suburban Branch,MasterCard,0,1,2,5,44.08,27131.4,2185,0
8184,2024-01-01 20:07:06,20,0,0,58.45,Train Station,RuPay,0,1,3,6,10.59,40298.93,3034,0
8981,2024-10-11 23:26:28,23,4,0,171.69,Remote Village,Visa,0,1,3,6,39.02,14118.87,3370,0
8529,2024-03-18 00:12:56,0,0,0,293.67,Suburban Branch,Amex,0,1,3,5,26.53,10667.26,77,0
5682,2024-10-04 05:23:49,5,4,0,344.75,University Campus,Visa,2,1,1,1,3.21,39747.2,2814,0
7210,2024-06-24 23:32:36,23,0,0,106.82,Suburban Branch,RuPay,0,1,2,6,3.62,12061.74,2321,0
5992,2024-09-01 21:27:39,21,6,1,220.42,Remote Village,MasterCard,2,1,3,2,31.64,19253.32,994,0
2277,2024-10-18 23:12:35,23,4,0,351.82,Suburban Branch,Amex,0,0,1,6,24.91,31994.0,942,0
7133,2024-11-30 02:49:47,2,5,1,403.92,Hospital,Amex,0,1,3,3,31.29,36737.45,1263,0
5706,2024-03-24 00:12:52,0,6,1,52.26,Remote Village,RuPay,0,1,3,7,37.06,42819.89,1407,0
7999,2024-07-18 08:57:52,8,3,0,338.93,Remote Village,MasterCard,0,1,3,6,44.21,11398.38,2695,0
5293,2024-12-01 08:47:50,8,6,1,61.74,Train Station,Visa,0,1,2,5,10.97,28148.26,1002,0
4305,2024-05-12 07:11:07,7,6,1,227.27,Shopping Mall,Amex,1,1,1,7,24.91,1564.99,2811,0
7446,2024-03-14 10:14:05,10,3,0,495.21,Remote Village,MasterCard,0,1,2,8,6.84,41124.92,494,0
429,2024-12-27 10:36:46,10,4,0,492.54,Suburban Branch,RuPay,0,1,3,1,47.29,41029.41,2652,0
7069,2024-09-29 14:46:52,14,6,1,381.99,Hospital,MasterCard,0,1,3,2,14.55,714.97,2429,0
6365,2024-07-26 07:11:51,7,4,0,74.15,Remote Village,MasterCard,0,1,2,3,9.88,6593.33,2154,0
4216,2024-08-11 21:44:36,21,6,1,110.85,Train Station,RuPay,0,1,2,3,31.5,18123.95,2105,0
427,2024-02-08 22:39:52,22,3,0,122.94,Hotel Lobby,Visa,0,1,3,1,8.04,48232.06,51,0
2224,2024-11-18 01:01:50,1,0,0,24.01,Suburban Branch,Visa,0,1,1,7,13.3,499.91,2262,0
101,2024-08-15 00:29:41,0,3,0,202.89,Hotel Lobby,Amex,0,1,1,8,1.25,44223.32,2329,0
9245,2024-09-30 20:35:40,20,0,0,269.97,Downtown Branch,Amex,1,1,3,6,47.61,20601.95,1627,0
3308,2024-05-24 19:09:18,19,4,0,205.58,Train Station,MasterCard,0,1,1,6,7.23,1901.22,358,0
2763,2024-05-10 07:46:00,7,4,0,233.81,University Campus,Visa,0,1,2,2,13.39,33216.62,1431,0
5858,2024-04-23 13:01:54,13,1,0,462.05,Shopping Mall,Visa,0,1,2,3,47.24,45134.98,858,0
4739,2024-07-03 01:34:57,1,2,0,68.54,University Campus,MasterCard,0,1,2,2,48.26,15959.58,1776,0
7093,2024-10-04 18:09:15,18,4,0,109.47,Gas Station,MasterCard,0,1,2,8,35.59,41357.05,1307,0
9633,2024-07-03 23:07:20,23,2,0,285.49,Downtown Branch,MasterCard,2,0,11,21,4989.08,-374.27,25,1
3287,2024-10-07 22:37:23,22,0,0,138.95,University Campus,Amex,2,1,1,6,24.1,38635.08,2896,0
7713,2024-12-08 11:05:32,11,6,1,304.33,Suburban Branch,RuPay,0,1,1,1,34.51,42003.29,397,0
7869,2024-01-24 05:00:41,5,2,0,317.85,Hospital,Amex,0,0,1,4,33.69,42575.84,3533,0
6068,2024-02-28 16:50:19,16,2,0,353.06,University Campus,Visa,0,1,2,5,48.77,34801.21,2579,0
9236,2024-05-27 23:07:22,23,0,0,266.68,Downtown Branch,Visa,0,1,3,7,6.7,2337.7,1570,0
3578,2024-03-06 21:19:10,21,2,0,269.03,Hotel Lobby,RuPay,1,1,3,5,22.85,16251.06,1957,0
1466,2024-08-12 23:11:26,23,0,0,134.84,Hospital,Visa,0,1,3,5,46.87,10567.62,1968,0
7676,2024-10-26 16:51:24,16,5,1,242.01,Hotel Lobby,Amex,0,1,2,3,21.68,42834.15,1333,0
2235,2024-07-12 00:50:44,0,4,0,408.3,Downtown Branch,Visa,0,1,2,1,18.67,9044.21,1267,0
1745,2024-06-03 21:18:08,21,0,0,314.78,Remote Village,MasterCard,1,1,3,8,2.1,30797.26,1534,0
9755,2024-08-08 00:58:50,0,3,0,264.31,Hospital,Amex,0,1,12,30,4120.79,-110.05,186,1
6095,2024-02-12 19:45:09,19,0,0,246.45,Suburban Branch,RuPay,0,1,1,5,34.38,45765.4,728,0
8782,2024-02-17 01:28:02,1,5,1,249.66,Downtown Branch,Visa,0,1,3,6,20.87,46161.86,1238,0
9402,2024-04-08 23:12:33,23,0,0,86.2,Shopping Mall,RuPay,0,1,1,5,46.44,20162.38,3001,0
8372,2024-05-26 12:40:19,12,6,1,245.3,Suburban Branch,RuPay,0,1,2,5,48.85,27367.67,3287,0
5028,2024-07-08 06:10:12,6,0,0,259.75,Remote Village,Amex,1,1,2,3,7.47,7155.14,1788,0
9235,2024-10-17 08:00:46,8,3,0,390.32,Hotel Lobby,MasterCard,0,1,1,7,3.77,28902.63,3072,0
3945,2024-07-03 16:46:57,16,2,0,375.33,Gas Station,RuPay,0,1,1,2,46.66,20225.52,395,0
6863,2024-06-09 03:44:10,3,6,1,266.02,Remote Village,Amex,0,1,3,8,35.1,23311.33,2473,0
5351,2024-06-01 12:37:51,12,5,1,265.97,Hotel Lobby,RuPay,0,1,2,6,49.96,46699.83,3216,0
9423,2024-01-29 12:05:56,12,0,0,82.3,University Campus,Amex,0,1,1,2,22.3,30372.45,479,0
2122,2024-06-30 00:43:07,0,6,1,310.62,Gas Station,Amex,0,1,1,2,25.09,11889.72,3383,0
4973,2024-08-25 05:47:15,5,6,1,370.56,Remote Village,Visa,2,1,2,7,18.33,38245.23,2950,0
8577,2024-08-28 23:59:05,23,2,0,23.14,Airport Terminal,RuPay,0,1,1,1,29.04,5705.71,1627,0
3785,2024-04-07 14:14:35,14,6,1,173.89,Suburban Branch,Amex,0,1,3,6,42.76,10083.87,1035,0
6873,2024-03-24 02:54:19,2,6,1,77.27,Shopping Mall,RuPay,0,1,3,3,43.56,8540.34,495,0
917,2024-08-22 07:06:11,7,3,0,67.87,Airport Terminal,MasterCard,0,1,3,1,6.61,38528.87,1126,0
9395,2024-05-09 12:15:58,12,3,0,79.8,Suburban Branch,Amex,2,1,2,2,21.95,32175.34,1742,0
7253,2024-05-24 04:03:36,4,4,0,255.31,Remote Village,MasterCard,0,1,2,1,35.2,7419.46,46,0
8013,2024-06-06 15:12:59,15,3,0,175.71,Suburban Branch,MasterCard,0,1,2,6,27.04,23609.22,964,0
5822,2024-09-24 02:43:37,2,1,0,272.06,Downtown Branch,Visa,1,1,2,7,5.65,25806.72,3645,0
4404,2024-02-14 11:38:43,11,2,0,54.89,Downtown Branch,Amex,0,1,3,7,26.3,21713.89,1746,0
4864,2024-03-24 17:35:58,17,6,1,205.25,Suburban Branch,MasterCard,0,1,2,4,29.28,46570.63,1974,0
8516,2024-09-10 13:22:11,13,1,0,95.49,Train Station,RuPay,0,1,3,5,42.56,17105.84,2697,0
5423,2024-01-30 04:32:32,4,1,0,39.25,Airport Terminal,MasterCard,0,1,3,5,19.62,2497.73,1388,0
7734,2024-11-23 02:39:07,2,5,1,264.54,Remote Village,Visa,0,1,1,7,2.64,47799.15,979,0
1204,2024-11-27 00:32:44,0,2,0,95.81,Hotel Lobby,RuPay,0,1,2,7,38.99,13542.22,1106,0
3769,2024-02-19 12:26:45,12,0,0,426.49,Train Station,Visa,0,1,3,2,49.01,220.31,1134,0
5358,2024-04-19 10:06:58,10,4,0,268.64,Shopping Mall,MasterCard,0,1,2,3,46.28,43587.87,2835,0
3853,2024-02-19 06:10:06,6,0,0,370.63,Downtown Branch,Amex,0,1,1,1,16.18,713.53,1204,0
1927,2024-03-19 02:37:17,2,1,0,452.03,Shopping Mall,Visa,0,1,3,4,17.47,9423.06,3049,0
3115,2024-05-24 18:48:42,18,4,0,82.89,Hospital,Visa,0,1,1,6,15.78,116.15,3563,0
2642,2024-08-27 11:29:28,11,1,0,499.91,Hotel Lobby,RuPay,0,1,2,6,15.99,20398.18,3468,0
7640,2024-10-16 19:02:02,19,2,0,159.41,Gas Station,Visa,0,1,1,5,36.02,36185.5,3388,0
7361,2024-04-16 13:46:51,13,1,0,222.56,Hospital,Visa,0,1,3,1,3.33,20634.06,1412,0
8183,2024-04-03 08:45:01,8,2,0,334.51,Remote Village,RuPay,0,1,2,5,18.64,35086.51,1459,0
7611,2024-01-08 16:09:29,16,0,0,369.19,Remote Village,RuPay,0,1,3,8,16.0,16632.63,3328,0
2729,2024-04-28 03:53:30,3,6,1,42.6,Airport Terminal,RuPay,0,1,3,4,9.47,28610.7,1535,0
9598,2024-02-02 03:46:50,3,4,0,2498.57,Airport Terminal,MasterCard,2,0,5,18,3097.34,1108.5,248,1
4986,2024-12-01 02:38:24,2,6,1,350.89,Suburban Branch,Amex,2,1,3,3,37.76,29570.33,250,0
6847,2024-07-30 11:16:02,11,1,0,173.25,Train Station,Visa,0,1,3,5,46.37,23263.77,529,0
7699,2024-11-30 19:37:12,19,5,1,125.11,Downtown Branch,Visa,0,1,1,1,5.3,33185.22,238,0
4013,2024-10-25 00:54:29,0,4,0,256.69,Shopping Mall,Amex,0,1,2,6,48.96,4706.61,3549,0
2627,2024-08-30 00:06:06,0,4,0,276.81,Shopping Mall,RuPay,0,1,1,6,3.36,43795.96,2208,0
7239,2024-06-18 02:17:40,2,1,0,160.49,Remote Village,MasterCard,0,1,1,2,36.82,18468.13,34,0
8256,2024-08-14 19:30:25,19,2,0,21.09,Downtown Branch,Visa,0,1,1,4,20.89,15934.72,3291,0
9566,2024-06-18 18:24:05,18,1,0,288.68,Shopping Mall,MasterCard,2,1,10,14,1694.02,1140.72,311,1
806,2024-04-03 02:07:18,2,2,0,445.06,Suburban Branch,Visa,0,1,1,4,45.44,20622.78,3150,0
4635,2024-03-19 05:45:13,5,1,0,405.97,Downtown Branch,Visa,2,1,1,6,48.26,37276.44,1292,0
5248,2024-07-22 16:18:11,16,0,0,115.25,Hospital,RuPay,0,1,2,5,20.27,49240.15,2086,0
5567,2024-06-01 00:51:20,0,5,1,486.98,Train Station,Amex,0,1,2,6,0.18,43193.99,2524,0
5740,2024-10-25 01:48:16,1,4,0,490.1,Train Station,MasterCard,0,1,2,6,42.83,29117.09,3116,0
5144,2024-02-11 13:47:26,13,6,1,211.94,Downtown Branch,Visa,0,1,3,5,28.56,12709.34,3575,0
8266,2024-05-21 08:22:55,8,1,0,325.77,Hospital,Visa,0,1,3,3,32.08,45895.12,705,0
4460,2024-05-29 04:45:34,4,2,0,440.86,Hospital,RuPay,0,1,2,8,26.26,32926.34,1299,0
1243,2024-08-01 18:42:12,18,3,0,362.09,Hotel Lobby,RuPay,0,1,2,2,48.31,48586.82,777,0
6946,2024-09-25 02:07:21,2,2,0,351.28,Airport Terminal,RuPay,1,1,3,8,38.84,19931.81,1181,0
5741,2024-05-24 06:01:07,6,4,0,28.54,University Campus,Amex,0,0,2,4,20.77,42357.62,854,0
5326,2024-02-16 03:00:20,3,4,0,243.09,Hotel Lobby,Visa,0,1,3,3,35.82,2349.09,3347,0
548,2024-04-29 15:06:03,15,0,0,478.82,Airport Terminal,Visa,0,1,3,7,16.37,32284.96,281,0
3023,2024-09-25 06:33:07,6,2,0,282.97,Remote Village,Visa,0,1,3,8,14.53,16120.87,3580,0
5762,2024-01-02 17:40:08,17,1,0,409.06,Train Station,RuPay,1,1,2,8,42.63,46004.94,2719,0
4032,2024-09-21 09:10:22,9,5,1,272.24,Train Station,RuPay,0,1,2,2,29.32,19540.6,2816,0
27,2024-06-26 13:38:30,13,2,0,171.77,Airport Terminal,MasterCard,0,1,3,2,3.66,10736.4,1116,0
4953,2024-11-17 06:54:15,6,6,1,455.03,Train Station,Amex,0,1,2,7,21.34,46823.53,2387,0
5153,2024-05-28 13:29:44,13,1,0,53.57,Remote Village,Visa,1,1,1,3,36.59,47663.88,1880,0
2509,2024-05-18 06:27:00,6,5,1,31.41,Gas Station,Amex,0,1,1,6,49.73,1690.87,746,0
1434,2024-10-29 13:21:32,13,1,0,242.02,Shopping Mall,Amex,0,1,1,4,39.35,16341.35,733,0
2583,2024-09-16 13:04:43,13,0,0,373.2,Airport Terminal,Visa,0,0,2,5,0.4,40155.06,1197,0
1303,2024-06-20 15:57:38,15,3,0,306.56,Suburban Branch,MasterCard,0,1,1,4,36.25,2283.52,88,0
5813,2024-04-26 22:17:34,22,4,0,332.66,Suburban Branch,Visa,0,1,1,3,33.86,37848.21,2889,0
7350,2024-03-24 22:10:51,22,6,1,364.9,Remote Village,MasterCard,0,1,2,3,6.83,23363.48,738,0
5282,2024-01-14 21:07:03,21,6,1,29.12,Airport Terminal,MasterCard,0,1,1,7,8.13,36613.38,2076,0
6115,2024-11-07 09:45:31,9,3,0,483.33,Airport Terminal,Visa,0,1,3,6,11.44,14465.39,1742,0
1222,2024-09-12 14:33:41,14,3,0,120.23,Hospital,RuPay,0,0,1,4,38.62,1462.09,3624,0
7436,2024-06-25 08:29:44,8,1,0,423.9,Gas Station,Amex,0,1,2,7,7.61,14389.17,1363,0
2549,2024-10-18 07:17:07,7,4,0,87.86,Remote Village,RuPay,0,1,1,3,37.11,38269.13,1593,0
751,2024-09-10 14:56:58,14,1,0,486.6,Train Station,Amex,0,1,2,7,49.96,42137.69,901,0
438,2024-03-11 23:40:28,23,0,0,474.62,University Campus,MasterCard,0,1,1,4,36.77,43649.85,876,0
4372,2024-02-25 05:17:21,5,6,1,32.05,Hotel Lobby,MasterCard,0,1,2,6,46.97,36268.82,1597,0
4449,2024-05-14 14:29:48,14,1,0,372.81,Train Station,RuPay,0,1,1,1,27.87,33133.96,1486,0
2848,2024-03-29 20:40:49,20,4,0,292.42,Downtown Branch,Visa,0,1,3,4,18.01,45352.89,3619,0
1174,2024-12-15 16:53:07,16,6,1,307.64,Hotel Lobby,RuPay,0,1,3,6,25.12,26672.17,952,0
7496,2024-07-26 10:10:32,10,4,0,453.24,Suburban Branch,RuPay,0,1,1,8,7.74,28816.26,3372,0
2700,2024-08-10 10:41:00,10,5,1,399.48,Downtown Branch,Visa,0,1,2,3,47.21,15698.79,2814,0
9889,2024-02-10 21:12:48,21,5,1,211.99,Gas Station,MasterCard,1,0,6,7,4957.72,1473.71,78,1
9507,2024-09-12 02:03:08,2,3,0,3101.29,Airport Terminal,RuPay,4,0,4,11,1294.11,800.41,256,1
6396,2024-10-08 17:21:07,17,1,0,187.05,Remote Village,Amex,0,1,1,2,30.39,36215.22,508,0
2482,2024-07-17 18:44:26,18,2,0,398.66,Shopping Mall,Amex,0,1,2,2,17.44,49208.69,3147,0
5457,2024-06-16 20:06:45,20,6,1,417.9,University Campus,MasterCard,1,1,1,8,31.9,24880.41,1097,0
8445,2024-08-29 03:48:55,3,3,0,123.29,Suburban Branch,RuPay,0,1,3,2,32.63,25593.14,2399,0
2707,2024-08-05 18:17:15,18,0,0,410.6,Downtown Branch,RuPay,0,1,2,3,47.43,33502.48,1001,0
4662,2024-10-06 05:30:35,5,6,1,146.09,Hotel Lobby,Amex,0,1,3,2,49.38,12286.83,1221,0
327,2024-12-25 04:57:19,4,2,0,70.7,Gas Station,RuPay,0,1,2,7,13.21,32773.9,2373,0
1040,2024-06-17 13:45:37,13,0,0,410.64,University Campus,Amex,0,1,1,2,10.18,40519.44,51,0
2638,2024-05-01 01:47:00,1,2,0,459.07,Remote Village,Visa,0,1,3,8,37.23,12183.92,3155,0
5023,2024-08-20 18:59:01,18,1,0,284.35,Shopping Mall,Amex,0,1,3,6,1.73,23307.22,2294,0
2500,2024-01-08 16:40:12,16,0,0,471.4,Shopping Mall,RuPay,0,1,3,7,6.94,35117.28,2381,0
1005,2024-10-14 00:49:30,0,0,0,166.56,University Campus,MasterCard,1,1,3,2,8.33,16674.55,1894,0
2862,2024-09-18 04:57:19,4,2,0,375.14,University Campus,RuPay,0,1,2,7,41.61,31262.22,3160,0
3234,2024-08-19 07:57:03,7,0,0,466.53,Hotel Lobby,Visa,0,1,1,6,43.05,25464.34,348,0
1871,2024-08-12 14:19:36,14,0,0,236.43,Gas Station,MasterCard,0,1,2,1,26.29,33833.48,2722,0
4246,2024-05-01 06:55:57,6,2,0,424.68,Hospital,Visa,0,1,2,4,1.77,44728.81,2756,0
6928,2024-05-20 14:14:57,14,0,0,84.91,Shopping Mall,Visa,0,1,2,7,29.35,24336.39,2879,0
8386,2024-12-01 15:50:32,15,6,1,237.17,Hotel Lobby,MasterCard,0,1,2,8,37.23,17815.02,1763,0
535,2024-11-15 06:53:10,6,4,0,491.49,Shopping Mall,Visa,0,1,1,8,19.38,43254.03,504,0
9828,2024-05-22 11:03:25,11,2,0,145.78,Train Station,Amex,3,1,13,6,3225.91,-467.44,298,1
7149,2024-04-21 01:24:11,1,6,1,122.88,Train Station,MasterCard,1,1,2,3,14.65,26693.06,913,0
7366,2024-08-09 12:56:20,12,4,0,130.17,Suburban Branch,MasterCard,0,1,3,8,3.07,3395.87,2434,0
586,2024-02-24 20:25:20,20,5,1,383.62,Hotel Lobby,RuPay,0,1,2,4,46.28,2130.87,439,0
9915,2024-12-29 01:37:42,1,6,1,4956.57,Remote Village,RuPay,2,0,11,9,1651.17,742.64,145,1
3036,2024-06-15 08:39:22,8,5,1,257.89,University Campus,MasterCard,0,1,2,4,19.82,28173.36,2630,0
4429,2024-08-05 12:04:34,12,0,0,491.96,Airport Terminal,Visa,0,1,2,2,6.77,22177.85,2036,0
4090,2024-01-23 09:39:50,9,1,0,146.15,Train Station,Amex,0,1,3,1,7.99,22826.71,1106,0
1704,2024-08-27 09:53:59,9,1,0,338.32,University Campus,RuPay,0,1,3,7,34.82,27522.65,1306,0
4296,2024-04-17 15:32:37,15,2,0,292.49,Hospital,RuPay,0,1,2,5,29.03,36295.2,839,0
5720,2024-08-27 21:00:59,21,1,0,342.43,Downtown Branch,Amex,0,1,1,6,37.04,23318.71,3267,0
492,2024-06-02 12:38:17,12,6,1,333.08,Remote Village,Amex,0,0,3,4,12.12,13386.23,1791,0
6900,2024-06-15 10:42:38,10,5,1,495.94,Suburban Branch,RuPay,0,1,3,6,18.93,45624.52,481,0
4354,2024-01-15 21:25:36,21,0,0,465.15,University Campus,Visa,0,1,2,3,40.31,827.59,1145,0
2837,2024-04-13 02:52:08,2,5,1,143.97,Remote Village,Visa,0,1,3,8,0.19,47134.15,1041,0
2267,2024-02-08 10:20:27,10,3,0,220.97,Hotel Lobby,RuPay,0,1,3,7,47.55,16594.14,2755,0
7719,2024-01-25 08:23:05,8,3,0,216.48,Suburban Branch,Amex,0,1,1,2,49.93,48048.52,1486,0
9524,2024-12-19 02:35:29,2,3,0,1248.34,Airport Terminal,Visa,2,1,11,13,228.58,1569.86,159,1
8023,2024-08-09 19:09:50,19,4,0,125.31,University Campus,Visa,0,0,1,5,41.38,7023.17,204,0
4708,2024-03-20 20:11:20,20,2,0,174.27,Shopping Mall,Amex,0,1,2,3,49.02,13784.09,2764,0
9844,2024-01-30 05:04:44,5,1,0,459.41,Suburban Branch,RuPay,0,1,6,23,3985.34,589.58,81,1
2901,2024-09-29 19:56:38,19,6,1,177.67,Gas Station,RuPay,0,1,2,3,2.26,36848.97,1474,0
9619,2024-12-09 02:08:48,2,0,0,3461.55,Airport Terminal,RuPay,5,1,14,20,2088.92,330.84,313,1
2945,2024-10-01 17:51:13,17,1,0,329.07,Airport Terminal,RuPay,0,1,1,6,9.79,24685.31,2673,0
1917,2024-09-12 17:42:07,17,3,0,106.54,Hospital,Visa,0,1,1,2,9.67,953.68,2856,0
3186,2024-05-28 03:05:42,3,1,0,238.01,Hospital,RuPay,1,1,1,7,22.6,48892.63,2422,0
8627,2024-05-07 17:50:09,17,1,0,309.17,University Campus,Amex,0,1,3,1,19.11,31839.95,2068,0
9435,2024-01-22 19:25:50,19,0,0,28.63,Remote Village,MasterCard,0,1,3,8,31.67,43995.59,586,0
7256,2024-03-30 02:15:27,2,5,1,96.21,Shopping Mall,Amex,1,1,1,7,44.21,4596.07,1500,0
4247,2024-11-10 15:00:51,15,6,1,370.03,University Campus,MasterCard,0,1,1,1,29.58,22212.19,255,0
8616,2024-10-01 16:50:25,16,1,0,452.28,Gas Station,RuPay,1,1,2,2,42.91,24199.27,2235,0
5147,2024-08-25 08:49:01,8,6,1,479.0,Gas Station,MasterCard,0,1,3,3,19.32,25739.72,2935,0
8566,2024-05-17 03:08:48,3,4,0,344.3,Airport Terminal,Visa,2,1,1,5,20.25,21843.2,1994,0
2519,2024-08-15 00:52:11,0,3,0,131.43,Train Station,MasterCard,0,1,2,6,41.44,15701.96,2832,0
398,2024-11-05 10:26:19,10,1,0,402.79,Shopping Mall,MasterCard,0,1,3,6,47.87,656.4,3613,0
1318,2024-09-19 14:32:31,14,3,0,66.59,Downtown Branch,MasterCard,0,1,1,6,42.63,15733.36,1491,0
4561,2024-01-30 03:09:07,3,1,0,446.53,Train Station,Visa,0,1,3,3,24.82,25954.21,729,0
122,2024-04-15 16:10:56,16,0,0,232.69,Remote Village,Visa,0,1,2,4,37.75,5779.49,1790,0
2450,2024-11-02 22:13:17,22,5,1,457.71,Remote Village,Visa,0,1,3,4,24.19,5231.25,412,0
8856,2024-08-16 02:12:16,2,4,0,419.89,Suburban Branch,RuPay,0,1,3,5,9.58,31726.18,1953,0
8109,2024-08-06 11:49:56,11,1,0,475.15,Hospital,RuPay,0,1,1,2,9.04,40202.12,3570,0
1567,2024-11-07 23:10:23,23,3,0,158.89,Downtown Branch,RuPay,0,1,2,5,29.14,8363.49,3127,0
1985,2024-11-30 06:59:48,6,5,1,205.2,Remote Village,RuPay,0,1,1,6,17.34,43873.32,444,0
4334,2024-09-08 09:44:52,9,6,1,346.89,Downtown Branch,RuPay,0,1,1,7,24.28,24215.45,1585,0
7911,2024-01-13 03:08:14,3,5,1,423.16,University Campus,Visa,0,1,3,2,24.91,23312.47,3577,0
9287,2024-01-12 23:37:51,23,4,0,472.33,Train Station,Visa,0,1,3,6,12.09,31287.56,1803,0
3919,2024-10-23 05:48:48,5,2,0,207.84,Shopping Mall,Visa,1,1,1,8,47.69,23605.11,832,0
2174,2024-08-07 09:41:12,9,2,0,108.25,Gas Station,RuPay,0,1,2,1,21.15,29657.58,490,0
3284,2024-03-14 03:30:25,3,3,0,89.73,Suburban Branch,Amex,0,1,1,5,8.83,34201.87,1718,0
8496,2024-11-01 20:27:04,20,4,0,21.24,Gas Station,RuPay,1,1,1,5,28.07,5970.18,2851,0
8585,2024-08-10 10:32:25,10,5,1,197.37,Downtown Branch,RuPay,0,1,2,7,11.59,47662.58,2178,0
2334,2024-05-08 10:03:13,10,2,0,385.27,Hospital,MasterCard,0,1,3,1,7.14,21447.91,2398,0
574,2024-03-10 07:12:05,7,6,1,329.83,Suburban Branch,Visa,0,1,1,2,45.63,35798.48,453,0
3661,2024-09-01 23:31:14,23,6,1,168.33,University Campus,Amex,0,1,3,4,41.01,31847.74,162,0
9076,2024-07-04 17:03:04,17,3,0,381.5,University Campus,RuPay,0,1,2,6,46.38,18483.55,3104,0
982,2024-03-05 22:52:26,22,1,0,446.94,Gas Station,Amex,1,1,2,6,19.92,5821.03,3343,0
9371,2024-08-06 10:44:15,10,1,0,310.54,Airport Terminal,Visa,0,1,1,7,6.29,8170.23,2391,0
1408,2024-09-07 21:32:17,21,5,1,438.5,University Campus,RuPay,0,1,2,8,38.65,21693.8,156,0
536,2024-04-30 18:33:21,18,1,0,467.52,Remote Village,Amex,0,1,2,8,44.46,5244.83,3168,0
4316,2024-12-20 15:04:08,15,4,0,211.02,Downtown Branch,Visa,0,0,2,7,10.42,8176.24,1225,0
4599,2024-11-20 05:05:49,5,2,0,234.21,University Campus,Amex,0,1,2,3,43.31,26021.4,287,0
8623,2024-01-12 23:22:00,23,4,0,120.39,Shopping Mall,MasterCard,0,1,3,6,40.1,22374.53,661,0
8759,2024-02-20 18:28:02,18,1,0,103.47,University Campus,Amex,0,1,1,1,19.4,8769.2,274,0
1435,2024-07-18 07:47:54,7,3,0,410.39,Downtown Branch,Amex,0,1,1,1,23.45,42342.2,1020,0
6995,2024-10-11 19:44:05,19,4,0,365.8,Downtown Branch,MasterCard,0,1,3,7,48.81,36062.32,2498,0
2580,2024-11-10 20:48:57,20,6,1,408.5,University Campus,Visa,0,1,1,7,15.63,45099.19,415,0
9404,2024-06-14 05:09:04,5,4,0,98.62,Gas Station,Visa,0,1,2,7,3.35,43942.28,1805,0
3270,2024-12-20 08:34:02,8,4,0,109.1,Remote Village,RuPay,0,1,2,7,20.54,49755.65,792,0
9554,2024-09-28 04:50:11,4,5,1,4545.28,Airport Terminal,MasterCard,3,1,4,25,4553.93,1267.49,263,1
3839,2024-05-02 18:11:27,18,3,0,213.5,Hotel Lobby,Visa,0,1,3,6,27.15,32560.46,1340,0
1868,2024-08-26 11:39:16,11,0,0,159.19,Suburban Branch,RuPay,0,1,2,7,17.43,14156.48,2722,0
1455,2024-06-11 20:04:49,20,1,0,291.95,University Campus,RuPay,0,1,2,2,38.75,46313.61,263,0
1787,2024-01-08 23:10:41,23,0,0,21.33,Hospital,Amex,0,1,1,6,16.4,10976.51,2622,0
9913,2024-09-06 02:18:56,2,4,0,3278.5,Remote Village,RuPay,4,1,14,26,4184.53,-195.43,22,1
7096,2024-02-22 16:03:06,16,3,0,67.34,Train Station,Amex,0,1,3,1,3.82,9249.94,3379,0
2522,2024-10-22 13:30:18,13,1,0,224.19,Shopping Mall,RuPay,1,1,1,5,26.29,25607.08,3239,0
4440,2024-10-12 00:01:02,0,5,1,84.36,Remote Village,MasterCard,0,1,1,7,10.83,26943.09,3519,0
1821,2024-06-06 13:05:52,13,3,0,33.43,Gas Station,RuPay,2,1,2,7,45.81,28229.4,1130,0
5616,2024-05-15 20:28:53,20,2,0,29.6,Gas Station,MasterCard,0,1,1,2,27.36,11195.07,419,0
2930,2024-07-08 13:58:05,13,0,0,216.77,Remote Village,MasterCard,2,1,1,5,33.92,20611.89,149,0
52,2024-05-31 00:24:42,0,4,0,181.34,Hospital,Visa,0,1,2,3,49.04,26752.77,1643,0
4727,2024-05-20 09:20:43,9,0,0,66.37,Hospital,Amex,0,1,3,2,21.1,27377.63,740,0
5717,2024-12-21 11:01:32,11,5,1,129.88,Suburban Branch,Amex,0,1,1,3,40.23,15608.52,482,0
5466,2024-05-10 12:55:19,12,4,0,136.17,Hospital,Visa,0,1,2,6,41.37,10378.2,1845,0
470,2024-01-24 05:08:40,5,2,0,190.65,Suburban Branch,Amex,0,1,1,8,11.63,49085.62,3259,0
2630,2024-12-27 04:26:34,4,4,0,450.65,Shopping Mall,RuPay,1,1,1,8,32.26,41931.3,366,0
6514,2024-12-23 17:07:19,17,0,0,328.23,Remote Village,Amex,0,1,2,5,39.24,28223.57,1803,0
7468,2024-12-19 16:46:20,16,3,0,393.58,Shopping Mall,MasterCard,0,1,2,6,4.18,42429.39,385,0
3946,2024-01-12 05:37:13,5,4,0,205.74,Downtown Branch,Visa,0,1,3,3,22.6,26659.66,3540,0
6205,2024-07-01 11:50:06,11,0,0,99.06,Gas Station,RuPay,0,1,3,2,14.14,21976.63,2965,0
4263,2024-04-11 09:21:24,9,3,0,175.23,Airport Terminal,RuPay,0,1,2,5,22.1,7628.34,841,0
1859,2024-09-08 22:46:22,22,6,1,281.45,University Campus,RuPay,0,1,3,5,10.15,30170.63,2610,0
9533,2024-06-12 00:39:07,0,2,0,242.27,Train Station,RuPay,0,1,7,5,1387.45,1715.04,138,1
866,2024-04-25 20:56:52,20,3,0,294.28,Airport Terminal,RuPay,0,1,3,3,20.27,35067.02,1642,0
6391,2024-09-28 21:55:35,21,5,1,396.16,Remote Village,MasterCard,0,1,3,3,17.25,26609.15,1767,0
7213,2024-04-10 22:31:28,22,2,0,324.44,Downtown Branch,Visa,0,1,3,5,0.32,15106.1,1867,0
4922,2024-02-16 21:37:46,21,4,0,438.44,Downtown Branch,Amex,0,1,3,2,3.11,32258.68,3531,0
8102,2024-07-11 02:03:49,2,3,0,56.76,Hotel Lobby,MasterCard,1,1,2,8,47.83,35087.38,866,0
4793,2024-05-06 21:21:47,21,0,0,496.91,Airport Terminal,RuPay,1,1,1,8,2.79,2883.32,3153,0
8855,2024-10-24 23:59:28,23,3,0,244.01,Downtown Branch,Visa,0,0,3,5,20.15,21900.78,2570,0
6251,2024-10-17 16:15:57,16,3,0,333.19,Suburban Branch,MasterCard,0,1,1,1,20.37,14591.85,3424,0
5937,2024-06-13 00:51:56,0,3,0,215.66,Downtown Branch,Visa,0,1,1,4,16.78,43586.06,3010,0
426,2024-04-29 02:12:50,2,0,0,297.27,Hospital,MasterCard,0,1,3,2,37.39,22385.08,2894,0
189,2024-12-28 08:24:48,8,5,1,289.77,Airport Terminal,MasterCard,0,1,3,4,12.12,33524.71,2205,0
5630,2024-10-08 00:43:30,0,1,0,455.62,Gas Station,MasterCard,0,1,1,4,33.09,14133.32,223,0
4360,2024-04-09 06:39:40,6,1,0,324.58,Hotel Lobby,MasterCard,0,1,3,2,6.37,32988.59,282,0
229,2024-08-08 01:59:19,1,3,0,420.63,Suburban Branch,Amex,0,1,3,3,39.52,34496.6,351,0
7758,2024-01-20 03:46:17,3,5,1,265.17,Downtown Branch,Visa,0,1,1,6,24.98,9011.08,1365,0
7678,2024-04-22 15:51:23,15,0,0,113.51,Shopping Mall,MasterCard,0,1,1,6,22.4,47754.7,720,0
2742,2024-12-24 03:14:14,3,1,0,435.44,Hospital,Visa,0,1,3,3,46.57,39111.21,1981,0
1042,2024-07-13 12:15:46,12,5,1,189.01,Suburban Branch,Visa,0,1,1,8,21.38,18868.3,320,0
4076,2024-01-05 03:28:52,3,4,0,476.33,Shopping Mall,RuPay,0,1,1,8,47.6,37291.57,2578,0
9141,2024-01-28 16:01:23,16,6,1,209.56,Remote Village,Visa,0,1,3,3,13.85,34872.42,1835,0
6119,2024-05-07 03:44:45,3,1,0,400.23,Suburban Branch,MasterCard,0,1,1,8,39.24,45217.69,3548,0
6903,2024-09-20 17:06:38,17,4,0,349.06,University Campus,Visa,0,1,1,1,33.15,7689.02,640,0
472,2024-08-05 02:29:19,2,0,0,161.46,University Campus,MasterCard,0,1,3,6,16.18,23472.9,3583,0
2922,2024-04-11 22:30:24,22,3,0,305.23,Shopping Mall,Amex,0,0,1,5,24.1,3834.35,1766,0
1906,2024-03-31 13:18:55,13,6,1,148.64,Train Station,RuPay,0,1,1,3,45.6,28405.21,101,0
8877,2024-01-20 12:52:32,12,5,1,396.79,Hospital,Visa,0,1,2,5,44.0,42456.06,2107,0
802,2024-08-22 10:58:47,10,3,0,296.04,University Campus,RuPay,0,1,3,8,13.77,471.42,614,0
1488,2024-05-02 09:35:56,9,3,0,433.76,Airport Terminal,Amex,0,1,3,2,29.64,23724.15,2297,0
8442,2024-09-10 12:59:11,12,1,0,73.65,Remote Village,Visa,0,1,3,6,25.62,2823.69,3395,0
228,2024-03-10 15:42:18,15,6,1,465.81,University Campus,MasterCard,0,1,3,7,46.44,15033.92,2339,0
7891,2024-11-12 05:23:50,5,1,0,329.3,Downtown Branch,MasterCard,0,1,3,5,22.48,10099.02,818,0
1129,2024-12-01 05:28:13,5,6,1,364.65,Remote Village,Visa,0,1,2,3,23.67,43759.35,3104,0
5071,2024-06-19 14:27:45,14,2,0,252.85,Downtown Branch,Visa,0,1,3,4,37.04,13200.86,1376,0
9167,2024-07-14 15:12:24,15,6,1,324.09,University Campus,MasterCard,0,1,3,4,10.13,10468.28,3060,0
2209,2024-10-05 09:17:18,9,5,1,169.51,Airport Terminal,MasterCard,1,1,1,4,30.21,39444.26,2266,0
7994,2024-11-13 08:42:22,8,2,0,295.65,Gas Station,MasterCard,0,1,1,3,39.77,9926.16,3278,0
9843,2024-08-17 03:14:54,3,5,1,2577.2,Airport Terminal,Amex,5,1,10,8,553.53,-398.57,315,1
6560,2024-10-28 10:41:27,10,0,0,219.43,Train Station,Visa,0,1,1,2,40.76,23240.83,1532,0
9922,2024-10-19 03:59:49,3,5,1,1713.29,Remote Village,Amex,2,0,6,21,2173.83,15.25,6,1
3154,2024-05-02 03:58:44,3,3,0,169.19,Shopping Mall,MasterCard,0,1,1,6,5.84,44961.91,2186,0
4442,2024-08-24 12:21:21,12,5,1,62.45,University Campus,MasterCard,0,1,2,6,42.46,25257.19,1895,0
7506,2024-03-06 04:13:06,4,2,0,147.74,Hotel Lobby,Visa,0,1,2,1,0.57,1091.24,2046,0
8958,2024-11-09 03:50:32,3,5,1,253.72,Shopping Mall,RuPay,0,1,2,5,3.89,26515.96,1513,0
6216,2024-10-05 06:26:11,6,5,1,220.51,Hospital,RuPay,0,1,3,4,41.13,28353.77,797,0
9599,2024-03-07 14:02:34,14,3,0,202.73,Train Station,Visa,1,0,13,15,4173.63,618.25,19,1
2145,2024-08-10 09:00:50,9,5,1,142.65,Downtown Branch,MasterCard,0,1,2,6,37.27,18987.17,3147,0
7412,2024-07-04 16:29:43,16,3,0,228.15,Remote Village,Amex,0,1,2,8,7.34,8990.17,3562,0
8930,2024-04-20 19:55:12,19,5,1,291.15,Suburban Branch,RuPay,0,1,2,2,42.23,7177.47,3094,0
2375,2024-02-17 10:11:13,10,5,1,395.58,Shopping Mall,MasterCard,2,1,1,2,17.42,43861.23,341,0
2578,2024-03-15 14:35:24,14,4,0,468.47,Train Station,MasterCard,0,1,1,8,32.84,35359.96,75,0
1633,2024-09-15 07:42:55,7,6,1,238.89,Hotel Lobby,Amex,0,1,2,5,37.34,18223.05,2601,0
4833,2024-01-14 13:26:29,13,6,1,127.6,Downtown Branch,Visa,1,1,3,8,28.7,16671.47,3334,0
2299,2024-11-30 20:46:22,20,5,1,268.91,University Campus,RuPay,0,0,1,6,17.72,22359.94,3308,0
5034,2024-12-02 13:31:41,13,0,0,301.0,Shopping Mall,MasterCard,0,1,2,6,17.8,21862.87,778,0
157,2024-08-22 00:50:26,0,3,0,364.48,Train Station,Visa,0,1,1,6,30.74,21803.53,2649,0
8047,2024-03-05 15:18:37,15,1,0,128.97,Airport Terminal,Amex,1,1,3,1,8.05,1193.76,402,0
6707,2024-07-13 15:52:45,15,5,1,277.4,Downtown Branch,RuPay,0,1,3,1,29.31,9732.46,110,0
3350,2024-08-03 18:06:41,18,5,1,335.63,Shopping Mall,MasterCard,0,1,3,4,45.39,32440.4,2776,0
2880,2024-08-03 18:40:11,18,5,1,160.0,University Campus,MasterCard,1,1,1,1,18.07,47816.41,161,0
3414,2024-06-14 23:28:04,23,4,0,63.59,Remote Village,Amex,1,1,3,7,36.3,16872.55,3300,0
7769,2024-07-17 11:21:57,11,2,0,417.19,University Campus,Visa,0,1,3,3,16.46,3343.66,3184,0
4190,2024-11-25 22:01:50,22,0,0,290.33,Suburban Branch,RuPay,0,1,1,8,17.41,20223.07,2205,0
9611,2024-09-24 22:23:28,22,1,0,160.81,Airport Terminal,Visa,3,1,11,11,386.36,-29.32,107,1
9735,2024-10-24 15:07:42,15,3,0,128.52,Airport Terminal,Visa,3,0,3,12,4210.84,920.82,281,1
7252,2024-05-03 21:05:23,21,4,0,274.43,Downtown Branch,Amex,2,1,2,5,15.42,18052.79,765,0
7614,2024-08-22 08:16:02,8,3,0,491.7,Airport Terminal,Visa,0,1,1,7,49.83,32228.7,394,0
6920,2024-07-02 11:16:58,11,1,0,85.38,Remote Village,RuPay,0,1,3,2,9.49,16254.96,1170,0
9682,2024-01-27 15:27:32,15,5,1,269.22,University Campus,RuPay,3,1,14,16,2127.04,782.59,178,1
9672,2024-04-14 03:36:32,3,6,1,3483.37,Airport Terminal,RuPay,3,1,15,18,1314.35,-188.55,122,1
4795,2024-06-18 16:15:00,16,1,0,421.13,Shopping Mall,MasterCard,0,1,1,8,14.28,8102.91,3525,0
5655,2024-07-29 12:29:17,12,0,0,320.81,Remote Village,MasterCard,0,1,3,8,45.05,20077.37,3601,0
2496,2024-07-22 01:20:35,1,0,0,474.99,Train Station,MasterCard,0,1,2,1,31.32,32163.77,3200,0
7305,2024-05-10 19:18:33,19,4,0,167.75,Hotel Lobby,RuPay,0,1,2,2,41.85,8878.18,933,0
2373,2024-10-27 01:13:10,1,6,1,466.13,Hospital,MasterCard,0,1,3,6,24.54,14798.75,1785,0
4092,2024-12-21 13:36:34,13,5,1,255.65,University Campus,Visa,0,1,3,1,27.1,9079.49,1289,0
9472,2024-09-01 11:42:26,11,6,1,430.83,Shopping Mall,RuPay,0,1,3,4,0.98,25763.42,1749,0
3462,2024-08-06 07:30:47,7,1,0,189.34,Hotel Lobby,Visa,0,1,1,7,15.54,44035.14,787,0
7007,2024-09-20 09:06:15,9,4,0,392.6,University Campus,MasterCard,0,1,1,2,25.37,47457.65,217,0
5392,2024-08-31 23:02:51,23,5,1,411.43,Suburban Branch,Amex,0,1,3,7,6.43,48244.47,737,0
7173,2024-07-19 22:38:41,22,4,0,197.7,Hospital,RuPay,0,1,2,6,20.84,34440.34,2043,0
5697,2024-05-30 02:47:13,2,3,0,127.69,Suburban Branch,Visa,0,1,2,2,11.65,33968.46,1347,0
5665,2024-06-25 12:26:01,12,1,0,490.2,Remote Village,MasterCard,0,1,3,3,15.35,22580.84,1406,0
4504,2024-10-01 20:10:53,20,1,0,236.23,Suburban Branch,Amex,0,1,1,5,9.71,25172.27,292,0
2551,2024-10-17 06:38:35,6,3,0,157.52,Shopping Mall,Amex,2,1,1,5,33.36,48074.6,1266,0
4716,2024-05-16 13:55:14,13,3,0,419.94,Hospital,RuPay,0,1,2,7,32.22,1277.43,120,0
848,2024-03-06 06:21:57,6,2,0,450.28,Train Station,Visa,1,1,1,4,10.58,37687.3,2732,0
3345,2024-09-10 03:20:08,3,1,0,496.57,Remote Village,Visa,1,1,2,7,35.42,45506.76,1268,0
939,2024-05-02 04:06:03,4,3,0,64.74,Hotel Lobby,MasterCard,0,1,2,4,15.72,19593.0,1487,0
4826,2024-08-24 22:35:23,22,5,1,176.38,Shopping Mall,RuPay,0,1,1,5,11.76,13846.71,2608,0
9694,2024-06-08 20:50:20,20,5,1,134.32,Airport Terminal,Visa,3,1,15,7,827.72,1543.09,268,1
8864,2024-02-21 08:54:09,8,2,0,314.09,Hospital,RuPay,0,1,1,8,33.15,32449.94,390,0
8611,2024-11-20 21:20:34,21,2,0,61.29,Suburban Branch,RuPay,0,1,2,6,40.45,17347.59,2171,0
5355,2024-05-03 23:40:03,23,4,0,461.15,Remote Village,Visa,0,1,2,5,24.7,35878.24,3242,0
5478,2024-05-16 02:00:56,2,3,0,130.68,Hotel Lobby,MasterCard,0,1,1,3,28.48,32742.33,2848,0
9724,2024-01-13 04:02:18,4,5,1,4192.79,Remote Village,Amex,4,1,6,30,3269.39,640.31,310,1
757,2024-02-18 10:53:00,10,6,1,242.09,Train Station,Amex,1,1,3,1,37.92,34059.66,2934,0
4751,2024-05-01 18:14:00,18,2,0,376.83,Hospital,MasterCard,1,1,2,5,0.71,38978.82,509,0
2645,2024-09-05 19:54:38,19,3,0,202.66,Downtown Branch,Visa,0,1,3,3,8.0,12577.93,3307,0
4163,2024-07-15 21:02:23,21,0,0,458.95,Remote Village,Visa,0,1,1,7,40.43,37144.09,103,0
8649,2024-12-07 05:26:05,5,5,1,274.06,University Campus,MasterCard,0,1,3,7,19.03,43204.6,339,0
3166,2024-03-25 09:51:08,9,0,0,239.05,University Campus,MasterCard,2,1,2,5,29.17,2347.31,892,0
6498,2024-08-06 18:59:36,18,1,0,251.43,Shopping Mall,RuPay,0,1,3,8,33.66,47566.15,3443,0
5988,2024-12-20 20:31:29,20,4,0,399.27,Train Station,Amex,0,1,1,7,48.08,49537.19,574,0
3874,2024-04-22 20:41:15,20,0,0,68.23,Train Station,MasterCard,0,1,3,3,17.69,695.72,190,0
7752,2024-07-28 01:05:36,1,6,1,424.71,University Campus,RuPay,0,1,2,6,17.28,32847.22,3321,0
6524,2024-06-16 17:30:41,17,6,1,206.72,Hospital,RuPay,1,1,2,3,31.82,39793.79,164,0
3419,2024-03-30 20:51:45,20,5,1,262.23,Downtown Branch,RuPay,1,1,1,3,26.59,30194.74,185,0
9905,2024-05-09 03:58:46,3,3,0,1437.56,Remote Village,RuPay,3,1,11,30,4066.89,1252.45,135,1
2062,2024-10-07 07:16:37,7,0,0,263.52,Gas Station,Visa,0,1,3,8,41.07,16499.97,1523,0
550,2024-03-16 23:44:42,23,5,1,118.72,Gas Station,Amex,1,1,3,5,45.93,46840.16,2970,0
4454,2024-06-01 16:23:26,16,5,1,450.21,Shopping Mall,RuPay,0,1,2,7,2.53,46943.74,3342,0
2813,2024-10-26 05:51:48,5,5,1,245.47,University Campus,Visa,0,1,1,2,18.93,34406.89,2000,0
8778,2024-11-24 15:36:35,15,6,1,101.21,Airport Terminal,MasterCard,0,1,2,6,5.67,39512.76,2098,0
8996,2024-12-03 21:09:29,21,1,0,493.09,Train Station,RuPay,0,1,2,6,10.97,7851.87,1159,0
2550,2024-07-30 05:32:29,5,1,0,125.0,Hotel Lobby,RuPay,0,1,2,2,9.78,42318.76,2179,0
6070,2024-12-14 13:23:06,13,5,1,493.22,Shopping Mall,Amex,0,1,1,8,11.73,822.72,530,0
3170,2024-10-05 11:22:39,11,5,1,86.84,Suburban Branch,Visa,1,1,1,3,39.37,32286.44,550,0
7055,2024-04-16 19:33:03,19,1,0,308.2,Gas Station,MasterCard,0,1,2,2,24.63,41829.49,220,0
4829,2024-03-11 07:30:09,7,0,0,442.01,Suburban Branch,Visa,0,1,3,4,43.08,5699.55,2040,0
9571,2024-07-25 14:03:40,14,3,0,119.86,Hotel Lobby,Visa,2,0,13,24,338.4,-147.96,29,1
1260,2024-09-16 20:10:08,20,0,0,455.88,Shopping Mall,RuPay,0,1,2,2,14.61,20665.98,146,0
8713,2024-04-15 06:41:05,6,0,0,470.03,Hotel Lobby,Visa,1,1,1,4,37.68,46288.63,1158,0
3662,2024-02-10 15:15:51,15,5,1,121.12,Hotel Lobby,MasterCard,0,1,2,8,3.38,11029.85,477,0
7923,2024-05-21 03:09:48,3,1,0,78.02,Remote Village,Visa,0,1,1,3,38.45,26811.53,3499,0
1025,2024-05-09 12:17:27,12,3,0,305.28,Remote Village,Visa,0,1,2,1,6.07,29272.41,2122,0
4966,2024-04-21 14:03:47,14,6,1,78.31,Downtown Branch,RuPay,0,1,2,7,0.62,23722.16,2457,0
753,2024-03-22 21:15:57,21,4,0,313.01,Hotel Lobby,MasterCard,1,1,2,5,48.98,35416.93,1148,0
3943,2024-03-25 05:02:05,5,0,0,55.69,University Campus,Visa,0,1,3,8,44.79,44250.5,1110,0
3711,2024-11-26 12:14:41,12,1,0,177.25,University Campus,Amex,0,0,1,5,37.49,30047.13,978,0
9961,2024-03-12 17:01:16,17,1,0,257.78,Gas Station,MasterCard,3,1,4,30,2750.25,822.2,40,1
1952,2024-08-21 07:41:47,7,2,0,229.8,University Campus,Amex,0,1,2,1,24.45,4183.6,591,0
6315,2024-10-30 05:13:22,5,2,0,187.22,University Campus,Amex,0,1,3,8,31.43,8680.4,222,0
352,2024-01-08 10:15:19,10,0,0,129.64,Shopping Mall,Visa,0,1,1,3,6.16,35584.39,3274,0
1512,2024-02-07 07:37:23,7,2,0,202.36,University Campus,RuPay,0,1,2,6,23.57,12134.24,1395,0
4830,2024-06-10 07:39:30,7,0,0,442.74,Train Station,Visa,0,1,1,5,48.62,33463.94,1425,0
9617,2024-08-04 02:41:02,2,6,1,1178.46,Remote Village,Amex,2,0,15,26,963.51,554.28,155,1
3747,2024-09-08 11:41:28,11,6,1,362.69,Hospital,RuPay,0,1,2,8,6.02,16258.25,2957,0
5800,2024-02-21 18:26:25,18,2,0,274.35,Hospital,Visa,0,1,2,6,39.22,7980.84,541,0
702,2024-08-01 23:38:21,23,3,0,56.74,Airport Terminal,Amex,0,1,2,2,23.23,36043.47,3359,0
3694,2024-07-30 09:56:31,9,1,0,230.89,Gas Station,MasterCard,0,1,3,4,19.65,3993.9,858,0
4615,2024-12-11 12:41:26,12,2,0,162.07,Downtown Branch,MasterCard,0,1,2,4,12.15,45921.08,3091,0
7214,2024-12-03 02:38:11,2,1,0,156.65,Hotel Lobby,MasterCard,0,1,3,4,20.97,2609.34,1718,0
562,2024-04-07 21:17:07,21,6,1,83.62,Gas Station,RuPay,0,1,1,3,45.51,36974.46,2729,0
2319,2024-02-22 04:57:10,4,3,0,400.85,Shopping Mall,MasterCard,0,1,1,5,30.69,27256.47,326,0
3099,2024-08-20 09:23:40,9,1,0,490.25,Hospital,RuPay,0,1,1,2,1.67,617.79,2277,0
4839,2024-07-29 09:38:54,9,0,0,461.15,Remote Village,Amex,2,1,3,3,40.99,4222.72,3410,0
3151,2024-07-14 01:17:34,1,6,1,72.34,Downtown Branch,Amex,0,1,3,7,7.53,15605.54,1702,0
5609,2024-05-31 14:17:53,14,4,0,43.31,Airport Terminal,MasterCard,0,1,2,8,20.87,624.14,1118,0
4300,2024-10-21 20:30:02,20,0,0,270.13,Shopping Mall,Amex,0,1,2,1,23.6,20740.5,2860,0
4619,2024-05-08 01:30:13,1,2,0,167.18,University Campus,Amex,0,1,2,4,21.85,21735.69,1747,0
4075,2024-06-15 04:02:00,4,5,1,254.29,Remote Village,MasterCard,0,1,1,4,14.97,43220.32,1090,0
3995,2024-08-30 10:38:01,10,4,0,325.15,Train Station,Visa,0,0,3,1,31.07,23886.63,3358,0
6374,2024-04-01 13:10:45,13,0,0,434.54,Downtown Branch,RuPay,0,1,2,1,25.4,28835.62,996,0
6168,2024-04-26 02:18:59,2,4,0,191.18,Suburban Branch,RuPay,0,1,2,6,43.74,48039.06,3366,0
1048,2024-01-14 19:49:00,19,6,1,258.37,Hotel Lobby,MasterCard,0,1,2,4,1.07,2862.29,3198,0
2940,2024-02-23 08:14:02,8,4,0,375.51,Hospital,RuPay,0,1,3,7,40.92,41113.59,2679,0
1809,2024-07-01 09:42:06,9,0,0,163.3,Downtown Branch,MasterCard,1,1,1,4,5.97,39279.39,1109,0
3167,2024-02-15 15:24:41,15,3,0,96.89,Remote Village,RuPay,0,1,3,1,46.47,22004.7,1217,0
415,2024-09-19 05:35:39,5,3,0,249.83,Shopping Mall,MasterCard,0,1,2,1,12.18,6481.47,2456,0
1341,2024-03-29 14:09:16,14,4,0,301.87,Hotel Lobby,RuPay,0,1,2,6,46.17,42339.43,1681,0
9372,2024-01-07 19:16:06,19,6,1,283.2,Downtown Branch,Amex,0,1,3,2,36.4,46629.26,1631,0
7741,2024-07-14 07:44:32,7,6,1,212.57,Downtown Branch,MasterCard,0,1,3,8,44.19,26474.95,3306,0
5061,2024-11-23 13:11:57,13,5,1,87.92,Hospital,MasterCard,0,1,2,5,42.83,15753.75,1392,0
4634,2024-12-13 12:41:41,12,4,0,311.73,Downtown Branch,Amex,0,1,3,7,1.67,5915.28,834,0
4610,2024-06-27 17:52:41,17,3,0,312.65,Suburban Branch,Visa,0,1,1,4,47.83,49829.73,2477,0
7367,2024-05-20 09:36:46,9,0,0,252.02,Train Station,RuPay,0,1,2,1,43.67,14343.81,2228,0
1470,2024-04-17 21:51:51,21,2,0,455.51,Hospital,Amex,0,1,1,6,35.57,40030.41,1557,0
1711,2024-04-11 19:14:10,19,3,0,97.68,Gas Station,RuPay,0,1,2,8,37.81,17061.85,149,0
6271,2024-08-09 12:07:21,12,4,0,415.33,Hospital,MasterCard,0,1,3,3,14.04,29273.63,1695,0
8733,2024-03-28 00:31:26,0,3,0,476.25,Gas Station,MasterCard,0,0,3,3,4.32,45056.68,1940,0
2272,2024-11-14 16:22:50,16,3,0,245.58,Airport Terminal,Amex,0,1,1,7,9.7,44106.65,1251,0
1584,2024-05-13 19:26:35,19,0,0,29.34,Train Station,Visa,0,1,2,7,46.15,49100.92,2345,0
1413,2024-07-20 01:03:01,1,5,1,344.53,Remote Village,Amex,0,1,3,4,38.42,44538.46,600,0
4112,2024-02-08 13:18:56,13,3,0,271.35,Shopping Mall,MasterCard,1,1,3,7,41.97,20247.87,2190,0
7653,2024-12-28 11:06:04,11,5,1,364.98,Airport Terminal,Amex,0,1,1,3,28.98,15252.49,3423,0
6694,2024-05-02 03:53:41,3,3,0,427.19,Hospital,Amex,0,1,1,4,46.77,48793.03,1606,0
1723,2024-05-11 11:24:50,11,5,1,375.09,Airport Terminal,RuPay,1,1,1,3,46.73,49237.8,1199,0
2025,2024-12-07 05:36:15,5,5,1,119.91,Downtown Branch,RuPay,0,1,3,7,12.43,14655.37,2955,0
2213,2024-10-07 13:01:19,13,0,0,133.63,Shopping Mall,Visa,0,1,1,8,15.0,42515.21,2090,0
1508,2024-03-26 00:02:35,0,1,0,493.52,Shopping Mall,Amex,0,1,3,6,26.1,34526.4,1143,0
2623,2024-06-14 14:11:54,14,4,0,56.72,Train Station,RuPay,0,1,1,7,25.56,33479.59,1179,0
5291,2024-06-30 16:56:10,16,6,1,170.5,Remote Village,RuPay,0,1,3,1,21.71,1199.56,504,0
9129,2024-04-02 21:59:37,21,1,0,174.19,Gas Station,Visa,1,1,3,3,36.72,46042.1,1937,0
1322,2024-07-02 14:56:14,14,1,0,202.1,Downtown Branch,RuPay,0,1,2,8,29.24,9173.5,111,0
843,2024-05-26 23:16:34,23,6,1,313.19,Hotel Lobby,MasterCard,2,1,1,8,43.53,20150.24,3451,0
1147,2024-04-30 02:38:17,2,1,0,400.57,Hotel Lobby,MasterCard,0,1,1,8,0.04,7459.8,3646,0
3625,2024-08-04 17:20:15,17,6,1,422.96,Hospital,RuPay,0,1,3,5,26.28,28596.31,3418,0
4281,2024-10-20 14:51:34,14,6,1,40.59,Remote Village,Visa,0,1,3,1,16.32,20334.43,1345,0
9011,2024-08-05 08:58:15,8,0,0,72.02,Shopping Mall,Visa,0,1,1,4,7.26,45877.08,2624,0
8987,2024-05-11 15:42:54,15,5,1,392.78,University Campus,MasterCard,0,1,3,3,10.92,26661.76,3163,0
4682,2024-09-05 18:42:38,18,3,0,267.91,Suburban Branch,MasterCard,0,1,2,8,16.35,14316.52,3386,0
464,2024-05-08 06:08:25,6,2,0,58.51,Shopping Mall,Amex,0,1,2,2,27.16,9162.03,3476,0
1755,2024-09-21 11:31:20,11,5,1,160.95,Downtown Branch,Amex,0,1,3,3,0.14,28941.1,547,0
3937,2024-02-12 11:56:13,11,0,0,135.11,Shopping Mall,RuPay,1,1,3,7,23.95,4980.96,1655,0
7934,2024-10-28 06:20:35,6,0,0,118.5,Shopping Mall,MasterCard,0,1,2,6,0.53,18090.94,894,0
9461,2024-01-27 12:57:07,12,5,1,465.49,Shopping Mall,Visa,0,0,3,8,10.5,7178.68,3132,0
4402,2024-06-21 21:46:16,21,4,0,71.37,Airport Terminal,RuPay,0,1,3,2,48.23,42566.58,3602,0
4701,2024-02-15 20:37:34,20,3,0,69.84,Downtown Branch,MasterCard,0,1,1,3,47.25,26528.57,1521,0
8992,2024-10-04 10:55:38,10,4,0,67.88,Shopping Mall,MasterCard,0,0,3,8,44.03,5970.3,440,0
379,2024-10-22 10:56:13,10,1,0,189.07,Remote Village,Amex,0,1,3,7,33.71,44703.91,2216,0
3107,2024-05-17 18:36:16,18,4,0,40.83,Suburban Branch,MasterCard,0,1,1,1,19.75,37370.63,266,0
8216,2024-06-30 09:31:34,9,6,1,294.13,Downtown Branch,Amex,0,1,2,6,20.76,20979.94,923,0
1336,2024-12-07 01:11:58,1,5,1,280.16,Airport Terminal,MasterCard,2,1,1,4,9.35,16138.13,962,0
1224,2024-03-20 20:37:53,20,2,0,390.07,Airport Terminal,Amex,0,1,1,2,8.14,10560.93,2033,0
3849,2024-12-16 18:02:35,18,0,0,334.2,Airport Terminal,RuPay,0,1,3,5,47.96,13270.91,3276,0
2717,2024-06-12 19:20:52,19,2,0,337.47,Airport Terminal,Visa,0,0,1,8,18.86,37049.08,1558,0
6838,2024-10-24 11:08:54,11,3,0,162.21,Train Station,RuPay,0,1,2,3,11.59,35335.33,2360,0
2953,2024-01-20 21:36:24,21,5,1,344.62,Airport Terminal,Visa,0,1,3,6,1.4,8912.87,1554,0
1351,2024-08-30 04:26:18,4,4,0,174.39,Train Station,Amex,0,1,3,5,3.35,19539.87,821,0
1083,2024-05-12 11:26:34,11,6,1,43.18,Suburban Branch,MasterCard,0,1,2,5,16.14,15997.06,760,0
6454,2024-12-16 16:36:41,16,0,0,25.33,Hotel Lobby,MasterCard,0,0,3,5,49.56,23523.45,502,0
1812,2024-10-19 11:48:02,11,5,1,440.97,University Campus,Amex,0,1,1,2,28.52,40228.67,1512,0
4122,2024-02-19 05:08:44,5,0,0,220.77,Suburban Branch,Amex,1,1,1,5,49.65,4106.75,3251,0
1352,2024-10-03 11:27:35,11,3,0,88.68,Downtown Branch,MasterCard,0,1,1,1,16.36,41259.36,2006,0
7818,2024-09-22 15:41:05,15,6,1,478.83,Hotel Lobby,Visa,0,1,1,4,34.82,4863.0,642,0
8797,2024-11-25 20:15:59,20,0,0,350.45,Hospital,Visa,0,1,1,8,17.4,42284.06,2136,0
1895,2024-07-15 10:17:50,10,0,0,438.66,Shopping Mall,Amex,0,1,1,6,19.26,37936.65,1184,0
6640,2024-11-23 05:38:37,5,5,1,435.85,Shopping Mall,Visa,0,1,2,5,3.43,41712.73,2959,0
566,2024-05-27 11:59:59,11,0,0,348.08,Gas Station,Amex,0,1,2,1,14.44,39885.72,1594,0
3904,2024-02-28 19:34:49,19,2,0,215.22,University Campus,RuPay,0,1,2,3,22.44,45802.91,1789,0
7101,2024-08-19 04:34:08,4,0,0,405.34,Airport Terminal,RuPay,0,1,1,1,23.56,12439.41,2906,0
3674,2024-10-22 00:11:51,0,1,0,306.61,Shopping Mall,RuPay,0,1,2,8,3.21,46179.09,1184,0
4367,2024-09-14 01:05:47,1,5,1,321.12,Airport Terminal,RuPay,0,1,3,6,38.56,22771.23,2648,0
7546,2024-08-04 16:14:40,16,6,1,73.26,Downtown Branch,Visa,1,1,2,4,11.79,14641.21,3514,0
1213,2024-10-17 05:05:27,5,3,0,444.6,Train Station,Amex,0,1,2,6,9.95,48574.79,1090,0
1190,2024-07-04 05:43:22,5,3,0,316.86,Hotel Lobby,MasterCard,0,1,3,6,26.17,18961.14,2017,0
3956,2024-10-15 11:40:40,11,1,0,444.7,Airport Terminal,RuPay,0,1,1,8,27.17,42406.7,216,0
899,2024-02-12 17:47:11,17,0,0,149.24,Hotel Lobby,Visa,0,1,1,6,44.76,9169.41,32,0
4787,2024-05-31 22:20:36,22,4,0,270.14,Shopping Mall,MasterCard,0,1,3,6,27.39,36255.23,3057,0
8093,2024-02-21 00:09:06,0,2,0,430.44,Hotel Lobby,MasterCard,0,1,2,3,25.52,11617.81,62,0
4603,2024-12-30 07:40:52,7,0,0,335.44,Gas Station,MasterCard,0,1,2,2,5.57,22327.0,1898,0
8897,2024-08-27 09:00:47,9,1,0,188.12,Suburban Branch,Visa,0,0,2,4,9.8,19722.05,3500,0
3455,2024-04-29 11:05:50,11,0,0,52.19,Suburban Branch,RuPay,0,1,1,2,12.53,36317.07,2505,0
3610,2024-07-27 13:19:24,13,5,1,146.94,Suburban Branch,RuPay,2,1,1,5,41.51,17976.0,368,0
8158,2024-11-05 02:55:18,2,1,0,438.27,Hotel Lobby,Visa,0,1,1,5,41.86,49673.18,2650,0
8766,2024-12-17 20:46:14,20,1,0,282.2,Hospital,Visa,0,1,3,5,15.83,4434.14,2511,0
9678,2024-10-15 03:38:37,3,1,0,1326.61,Remote Village,Amex,4,1,12,6,1984.9,1989.26,269,1
7573,2024-03-12 08:35:19,8,1,0,450.35,Downtown Branch,Visa,0,1,3,5,11.19,49280.82,192,0
3910,2024-03-14 13:26:38,13,3,0,115.86,Airport Terminal,MasterCard,0,1,1,7,20.14,27073.49,76,0
4029,2024-01-24 09:01:22,9,2,0,474.44,Gas Station,RuPay,0,1,1,7,40.85,1240.25,1708,0
3932,2024-09-23 15:20:53,15,0,0,292.18,Hospital,Visa,0,1,1,7,19.93,46850.21,976,0
2333,2024-07-07 16:46:43,16,6,1,403.25,Train Station,MasterCard,0,1,3,7,31.54,16072.17,1263,0
7303,2024-06-03 16:04:11,16,0,0,379.46,Hotel Lobby,MasterCard,0,1,2,1,37.0,5247.41,2961,0
2263,2024-01-23 10:48:53,10,1,0,178.32,Gas Station,MasterCard,0,1,3,1,19.22,3944.05,3025,0
9261,2024-05-08 22:08:57,22,2,0,479.18,Gas Station,RuPay,0,1,3,1,14.64,19247.29,2630,0
5782,2024-12-06 10:23:51,10,4,0,480.9,Suburban Branch,RuPay,0,1,2,1,9.47,5114.93,2669,0
2596,2024-04-16 09:34:24,9,1,0,85.46,Train Station,RuPay,0,1,2,5,36.98,30564.98,1676,0
7201,2024-09-15 09:25:42,9,6,1,313.97,Hospital,Amex,0,1,1,8,44.94,18753.54,2554,0
3594,2024-05-25 16:20:06,16,5,1,358.61,Remote Village,Visa,0,1,1,5,6.54,21775.87,716,0
5217,2024-08-10 11:46:44,11,5,1,317.79,Remote Village,Visa,0,1,3,5,19.84,21026.65,1936,0
1031,2024-06-29 04:27:18,4,5,1,220.11,Downtown Branch,RuPay,0,1,1,7,0.55,15207.8,2672,0
7434,2024-02-18 20:20:10,20,6,1,27.37,University Campus,MasterCard,0,1,2,3,1.3,41054.06,1103,0
7878,2024-08-20 00:53:06,0,1,0,455.52,Remote Village,Visa,1,1,3,4,0.2,22121.53,48,0
8824,2024-06-12 00:22:35,0,2,0,179.16,University Campus,RuPay,1,1,3,1,42.62,46565.08,135,0
8237,2024-03-19 13:05:36,13,1,0,281.82,Hospital,MasterCard,0,1,2,7,19.03,43572.96,3282,0
5734,2024-12-16 21:32:04,21,0,0,297.54,Gas Station,Visa,0,1,2,2,26.71,47245.29,2656,0
5379,2024-08-01 02:24:46,2,3,0,77.59,University Campus,Visa,0,1,2,1,49.56,37249.08,2896,0
7763,2024-11-16 17:46:42,17,5,1,361.16,Suburban Branch,Visa,0,1,3,3,33.21,11178.49,3558,0
1756,2024-07-11 23:51:45,23,3,0,418.64,Downtown Branch,Amex,0,1,1,2,31.61,11055.91,2914,0
7356,2024-10-30 03:46:08,3,2,0,60.0,Train Station,Amex,0,1,2,3,4.07,49569.2,1331,0
4162,2024-05-30 23:54:24,23,3,0,291.54,Suburban Branch,MasterCard,0,1,2,5,5.38,33975.26,2431,0
232,2024-10-26 21:07:18,21,5,1,316.94,Airport Terminal,RuPay,0,1,1,7,35.58,31731.65,3059,0
8105,2024-07-12 09:23:54,9,4,0,402.65,University Campus,Amex,0,1,1,5,30.02,45569.89,2602,0
111,2024-06-26 21:15:56,21,2,0,328.8,Train Station,Visa,0,1,2,2,24.51,45494.07,331,0
5458,2024-12-14 00:13:36,0,5,1,34.05,Hotel Lobby,MasterCard,1,1,3,5,40.2,332.5,1842,0
6709,2024-11-12 09:51:38,9,1,0,181.11,Remote Village,MasterCard,0,0,3,3,38.2,47133.7,1347,0
2515,2024-11-16 03:37:51,3,5,1,127.42,Hotel Lobby,Visa,0,1,3,2,5.58,12026.13,1474,0
5962,2024-04-26 14:33:56,14,4,0,374.3,Downtown Branch,Amex,0,1,3,7,28.95,12486.36,2065,0
4280,2024-08-30 16:47:09,16,4,0,98.48,Hospital,RuPay,0,1,3,8,10.92,48168.16,965,0
4721,2024-11-15 17:01:53,17,4,0,219.96,Remote Village,MasterCard,1,1,3,4,46.99,36575.03,3602,0
2918,2024-02-06 11:23:33,11,1,0,442.48,University Campus,MasterCard,0,1,1,1,24.6,26776.61,1618,0
9391,2024-01-23 23:35:35,23,1,0,352.11,Shopping Mall,MasterCard,0,1,2,8,8.49,22448.79,2757,0
2993,2024-10-28 08:22:12,8,0,0,241.9,Shopping Mall,MasterCard,0,1,2,8,46.14,1230.0,2934,0
2318,2024-06-10 08:37:39,8,0,0,218.65,Downtown Branch,Visa,1,1,2,7,45.76,13966.45,3353,0
4848,2024-02-23 09:04:32,9,4,0,106.61,Train Station,Amex,2,1,1,8,14.88,3535.07,2008,0
4293,2024-08-03 19:56:01,19,5,1,272.89,Airport Terminal,RuPay,0,1,2,7,1.7,46973.33,2262,0
6992,2024-05-27 09:16:40,9,0,0,220.39,Airport Terminal,MasterCard,0,1,2,7,17.69,4170.19,149,0
1516,2024-02-06 07:34:40,7,1,0,406.6,Suburban Branch,Visa,0,1,1,1,23.8,13926.37,714,0
217,2024-04-29 18:42:14,18,0,0,145.55,Train Station,Amex,0,1,3,8,38.08,16079.64,862,0
9214,2024-05-29 02:20:34,2,2,0,142.23,Remote Village,Visa,0,1,1,4,0.63,39815.87,1411,0
9062,2024-02-06 08:43:21,8,1,0,397.29,Remote Village,MasterCard,0,1,1,5,1.68,27450.7,1687,0
8418,2024-07-04 06:42:44,6,3,0,456.07,Suburban Branch,Visa,0,1,2,4,21.6,18261.5,3190,0
2264,2024-09-28 00:58:22,0,5,1,367.2,Hotel Lobby,RuPay,0,1,2,5,19.57,37676.61,1359,0
5327,2024-12-19 10:19:59,10,3,0,267.54,Downtown Branch,RuPay,0,1,1,4,5.23,27807.21,2683,0
6841,2024-05-15 12:30:18,12,2,0,418.33,Remote Village,MasterCard,0,1,1,2,17.35,18717.69,1436,0
8499,2024-03-27 09:24:56,9,2,0,423.93,Hotel Lobby,RuPay,0,1,2,6,38.49,36807.93,1866,0
6011,2024-10-13 18:51:56,18,6,1,296.55,Airport Terminal,RuPay,0,1,2,1,48.82,33210.67,2173,0
894,2024-02-18 23:33:25,23,6,1,94.66,University Campus,RuPay,0,1,2,7,48.82,36897.83,1809,0
1491,2024-01-30 04:05:29,4,1,0,259.18,Hospital,Visa,0,1,2,6,9.24,4744.5,592,0
3004,2024-06-27 00:27:01,0,3,0,30.16,Train Station,Amex,0,1,3,8,3.54,16006.63,1590,0
1851,2024-10-27 21:21:52,21,6,1,204.98,Downtown Branch,Amex,0,1,2,7,11.46,41425.78,1969,0
5200,2024-01-26 01:37:43,1,4,0,361.74,Remote Village,MasterCard,0,1,1,1,28.26,14100.37,224,0
6381,2024-08-04 16:53:02,16,6,1,315.3,Train Station,Amex,0,1,2,4,3.75,34058.59,511,0
325,2024-05-04 04:16:52,4,5,1,457.19,Airport Terminal,RuPay,1,1,3,7,27.6,42845.55,2158,0
1216,2024-09-03 08:47:34,8,1,0,52.21,Airport Terminal,RuPay,0,0,1,3,39.93,42330.34,389,0
2900,2024-10-01 10:54:32,10,1,0,384.43,Suburban Branch,Amex,0,1,2,3,8.9,49583.55,931,0
2934,2024-08-14 19:26:52,19,2,0,427.2,Remote Village,MasterCard,0,1,2,8,44.7,45626.99,1596,0
3659,2024-04-28 18:46:32,18,6,1,26.78,Gas Station,Visa,0,1,2,8,38.43,748.51,134,0
8679,2024-12-10 12:04:15,12,1,0,414.49,Downtown Branch,MasterCard,0,1,1,7,46.35,3250.08,1883,0
6674,2024-07-16 09:22:35,9,1,0,392.31,Downtown Branch,Amex,0,1,1,3,3.18,30994.99,362,0
7973,2024-05-15 03:51:51,3,2,0,356.44,Hospital,MasterCard,0,1,2,4,33.15,7392.09,2391,0
8587,2024-10-06 18:36:11,18,6,1,29.45,Suburban Branch,Visa,0,1,1,6,43.52,930.69,1481,0
6170,2024-12-05 19:40:30,19,3,0,66.8,Suburban Branch,MasterCard,1,0,3,2,6.52,3262.45,3366,0
9725,2024-03-26 04:52:54,4,1,0,3959.53,Remote Village,RuPay,5,1,14,29,549.03,40.85,43,1
1130,2024-01-15 19:59:24,19,0,0,197.38,Shopping Mall,Visa,0,1,1,3,4.14,41719.82,519,0
8857,2024-10-22 18:17:26,18,1,0,184.83,Downtown Branch,RuPay,0,1,1,4,1.07,33750.93,663,0
2919,2024-02-27 17:09:58,17,1,0,111.56,Suburban Branch,Amex,0,1,1,4,45.21,20499.13,2437,0
3903,2024-03-14 01:39:37,1,3,0,118.65,Shopping Mall,MasterCard,0,1,1,8,26.47,5355.48,3237,0
7948,2024-08-11 15:46:27,15,6,1,370.09,Gas Station,Amex,0,1,2,6,23.37,296.53,1869,0
9098,2024-01-28 09:56:17,9,6,1,339.8,University Campus,Amex,1,1,2,8,8.25,3720.54,1064,0
3828,2024-08-13 12:56:06,12,1,0,379.66,Train Station,Visa,0,1,1,6,18.03,25889.77,2425,0
4924,2024-02-26 17:09:13,17,0,0,234.31,University Campus,RuPay,0,1,3,3,19.13,9963.79,705,0
209,2024-07-28 14:55:33,14,6,1,124.29,Downtown Branch,Amex,1,1,2,4,40.79,36602.72,1336,0
3255,2024-10-22 18:51:49,18,1,0,257.55,Hospital,RuPay,0,1,3,6,25.91,34186.66,2281,0
2796,2024-10-10 04:52:43,4,3,0,350.52,Gas Station,Amex,0,1,1,8,5.5,34631.13,3545,0
5107,2024-03-21 19:12:19,19,3,0,105.73,Shopping Mall,RuPay,0,1,1,7,9.51,17831.02,1130,0
9012,2024-01-05 06:24:43,6,4,0,214.15,Gas Station,RuPay,0,1,2,2,29.84,8091.44,996,0
799,2024-01-13 10:48:46,10,5,1,416.71,Downtown Branch,Visa,0,1,1,7,14.19,11728.67,2731,0
9106,2024-08-12 06:52:46,6,0,0,148.36,Hospital,RuPay,0,0,1,6,41.78,2557.98,1428,0
735,2024-09-26 16:56:10,16,3,0,122.07,Shopping Mall,Amex,0,1,2,2,30.08,20490.13,525,0
2245,2024-01-19 03:35:36,3,4,0,85.6,Downtown Branch,MasterCard,0,1,2,1,3.26,30880.68,963,0
179,2024-08-04 15:22:10,15,6,1,470.7,University Campus,RuPay,0,1,2,1,2.27,6938.12,1394,0
5831,2024-01-19 10:58:33,10,4,0,163.87,Gas Station,RuPay,0,1,1,5,7.32,33897.2,1320,0
7009,2024-05-01 12:03:43,12,2,0,48.88,Hotel Lobby,RuPay,0,1,1,7,11.82,49477.11,2734,0
1175,2024-07-11 04:10:47,4,3,0,383.28,Train Station,RuPay,0,1,1,7,14.42,26680.02,1398,0
6643,2024-12-05 04:08:18,4,3,0,270.29,Gas Station,Amex,0,1,3,1,40.31,43116.92,133,0
5849,2024-05-10 19:58:41,19,4,0,497.34,University Campus,RuPay,0,1,2,8,2.8,5625.6,1716,0
1832,2024-01-19 21:04:21,21,4,0,73.97,Shopping Mall,MasterCard,0,1,3,1,34.58,20605.01,1428,0
7996,2024-10-03 15:36:15,15,3,0,71.79,Hospital,Visa,1,1,3,5,17.55,19390.76,2431,0
9280,2024-09-08 16:08:37,16,6,1,75.09,Shopping Mall,RuPay,0,1,3,6,31.76,10924.99,1401,0
7898,2024-12-08 23:50:31,23,6,1,481.84,Train Station,Visa,0,1,1,8,1.68,49200.25,2374,0
8598,2024-04-26 11:21:35,11,4,0,413.23,Airport Terminal,Amex,0,1,2,3,29.21,11969.85,1738,0
8523,2024-12-23 21:41:44,21,0,0,289.29,Suburban Branch,MasterCard,0,1,3,1,26.46,41294.24,1704,0
199,2024-08-26 16:43:27,16,0,0,126.01,Train Station,MasterCard,1,1,3,6,20.79,27506.8,1958,0
7929,2024-06-02 10:51:05,10,6,1,26.08,Airport Terminal,Amex,0,1,3,8,1.89,10248.34,3445,0
7077,2024-02-15 10:34:15,10,3,0,349.4,Downtown Branch,MasterCard,0,1,3,5,23.14,9727.15,2163,0
9285,2024-03-23 03:11:29,3,5,1,250.56,Shopping Mall,RuPay,0,1,1,2,14.62,26081.51,146,0
1098,2024-06-14 03:08:40,3,4,0,211.37,Gas Station,RuPay,1,1,1,6,31.81,2376.86,1863,0
549,2024-03-25 12:17:19,12,0,0,412.18,Downtown Branch,RuPay,1,1,3,3,22.65,14646.01,2551,0
6909,2024-08-08 13:20:56,13,3,0,370.29,Gas Station,Visa,1,1,2,8,40.83,34055.06,3402,0
8230,2024-04-07 16:22:32,16,6,1,159.64,Airport Terminal,RuPay,0,1,2,5,17.0,17495.13,1399,0
4707,2024-10-21 05:10:47,5,0,0,402.18,Train Station,Visa,0,1,1,7,22.92,43948.0,1382,0
6913,2024-01-23 15:52:38,15,1,0,463.68,Downtown Branch,Visa,0,1,2,6,3.54,43878.28,1222,0
3370,2024-10-08 06:22:34,6,1,0,118.37,Airport Terminal,RuPay,0,1,2,2,43.54,40259.0,1235,0
7584,2024-04-25 09:30:12,9,3,0,435.37,Downtown Branch,RuPay,0,1,2,7,34.22,7946.59,1724,0
2533,2024-10-15 19:13:13,19,1,0,45.72,University Campus,Visa,0,1,1,3,4.9,27542.25,1656,0
4056,2024-12-23 00:51:44,0,0,0,435.24,Gas Station,Amex,1,1,1,7,3.87,26258.49,1400,0
2315,2024-11-13 09:46:24,9,2,0,289.98,Train Station,RuPay,0,1,3,3,29.57,35976.38,543,0
6654,2024-12-13 02:59:01,2,4,0,216.1,Remote Village,Visa,2,1,2,6,22.83,39785.15,2567,0
6886,2024-09-04 04:05:40,4,2,0,206.0,Downtown Branch,Visa,0,1,3,1,38.24,19433.82,3230,0
5938,2024-07-12 08:00:44,8,4,0,322.71,Airport Terminal,Visa,0,1,3,3,47.89,28739.0,1045,0
2816,2024-08-17 01:50:15,1,5,1,496.43,Downtown Branch,RuPay,0,1,3,4,28.4,24849.18,2614,0
3438,2024-02-11 09:45:46,9,6,1,224.36,Hospital,RuPay,1,1,1,8,27.8,33971.34,2782,0
3881,2024-12-25 22:53:39,22,2,0,332.39,Gas Station,Visa,0,1,2,7,32.46,36981.19,3521,0
4158,2024-10-24 22:57:37,22,3,0,242.91,Downtown Branch,Visa,2,1,2,1,22.2,31123.63,2673,0
67,2024-02-09 00:58:16,0,4,0,419.66,Hotel Lobby,Amex,0,1,1,3,13.72,48717.32,2296,0
7867,2024-12-11 07:17:37,7,2,0,370.85,Downtown Branch,Amex,0,1,3,2,16.52,36483.83,1535,0
617,2024-09-24 15:18:55,15,1,0,73.91,Downtown Branch,MasterCard,0,1,3,2,15.4,20141.33,3474,0
1119,2024-05-22 15:14:57,15,2,0,319.76,Gas Station,MasterCard,0,1,3,4,3.87,7705.85,3022,0
3261,2024-12-16 19:30:52,19,0,0,45.18,University Campus,Visa,0,1,3,5,2.66,19401.63,2947,0
3402,2024-07-26 21:29:54,21,4,0,486.19,Shopping Mall,Amex,0,1,3,6,3.0,5412.67,3517,0
3693,2024-05-29 21:10:18,21,2,0,160.24,Gas Station,Amex,0,1,1,3,10.55,28873.33,3515,0
938,2024-09-04 22:12:58,22,2,0,466.02,Airport Terminal,Visa,0,0,3,1,28.19,39532.26,217,0
6605,2024-06-24 13:17:03,13,0,0,55.13,Shopping Mall,Visa,0,1,2,2,38.65,40041.29,2695,0
2573,2024-09-27 09:10:48,9,4,0,280.16,Remote Village,Amex,0,1,2,2,41.24,36194.06,2302,0
7537,2024-08-16 09:49:35,9,4,0,319.92,Gas Station,Amex,0,0,3,6,34.59,45036.69,995,0
6325,2024-11-09 15:03:51,15,5,1,308.67,Hospital,Amex,0,1,2,2,19.21,36687.46,286,0
623,2024-02-04 08:23:51,8,6,1,23.18,Gas Station,MasterCard,0,1,3,8,35.51,37786.66,590,0
1682,2024-02-04 13:45:10,13,6,1,217.16,Downtown Branch,Visa,0,1,3,5,4.75,46551.35,2265,0
2127,2024-02-22 10:03:52,10,3,0,214.17,Suburban Branch,Amex,0,1,2,3,32.92,38968.04,1514,0
788,2024-06-21 15:05:23,15,4,0,269.03,Downtown Branch,Amex,0,1,3,6,21.31,23430.79,1705,0
3333,2024-08-02 08:18:58,8,4,0,75.95,Airport Terminal,Amex,0,1,3,8,27.44,28334.4,2913,0
7237,2024-10-02 12:27:32,12,2,0,149.2,Hospital,RuPay,1,1,2,7,18.29,3323.3,627,0
1093,2024-10-02 17:35:28,17,2,0,105.5,Gas Station,MasterCard,0,1,3,4,31.89,24263.23,2720,0
9104,2024-02-17 19:23:26,19,5,1,341.77,Downtown Branch,Amex,0,1,2,3,20.46,33232.72,2449,0
5021,2024-07-12 10:36:27,10,4,0,110.15,Suburban Branch,RuPay,0,1,3,2,30.71,41208.93,3119,0
9354,2024-02-28 20:49:20,20,2,0,30.87,Gas Station,Visa,0,1,2,2,6.94,20101.95,1024,0
5945,2024-08-18 06:55:06,6,6,1,158.3,Airport Terminal,Visa,0,1,3,6,6.71,24456.3,2989,0
3281,2024-05-03 23:13:22,23,4,0,241.93,Airport Terminal,MasterCard,0,0,1,2,42.47,22736.64,2848,0
8187,2024-01-11 19:07:53,19,3,0,233.55,University Campus,Visa,0,1,2,1,49.21,305.44,419,0
2202,2024-06-27 11:59:10,11,3,0,39.35,Shopping Mall,Visa,0,1,2,5,42.33,14401.9,2524,0
1161,2024-07-25 07:46:53,7,3,0,374.57,Airport Terminal,Amex,0,1,1,3,31.65,21611.92,1155,0
5582,2024-05-17 08:27:47,8,4,0,89.25,Downtown Branch,Amex,0,1,3,7,15.69,8847.41,2805,0
3593,2024-02-25 17:32:13,17,6,1,219.13,Train Station,RuPay,0,1,1,6,3.46,49660.21,2797,0
3953,2024-04-02 10:56:08,10,1,0,153.96,Hospital,MasterCard,0,1,1,8,14.33,12930.32,801,0
9692,2024-01-23 01:28:35,1,1,0,4093.58,Airport Terminal,Amex,2,1,7,24,448.81,-51.35,169,1
6248,2024-11-08 22:51:19,22,4,0,40.88,Downtown Branch,Visa,0,1,2,8,48.21,42009.61,3419,0
4154,2024-04-16 21:21:24,21,1,0,46.82,Downtown Branch,MasterCard,1,1,1,7,42.67,10901.12,3035,0
479,2024-07-24 10:49:53,10,2,0,39.51,Gas Station,MasterCard,0,1,1,2,5.06,11627.8,1608,0
1353,2024-10-31 08:28:00,8,3,0,150.92,Hotel Lobby,Visa,0,1,3,4,41.21,32327.49,2477,0
4310,2024-06-14 16:36:22,16,4,0,192.67,Airport Terminal,RuPay,0,1,3,5,32.22,47906.32,1730,0
5699,2024-05-03 08:47:14,8,4,0,280.5,Downtown Branch,Amex,0,1,2,5,33.46,37107.42,3439,0
2648,2024-08-10 12:08:35,12,5,1,403.82,Downtown Branch,Amex,0,1,3,4,6.96,40002.68,2624,0
8461,2024-04-30 23:19:46,23,1,0,393.69,Gas Station,MasterCard,0,1,3,1,33.86,5526.28,1129,0
8199,2024-06-15 20:06:02,20,5,1,339.11,University Campus,MasterCard,0,1,2,2,7.34,35006.73,501,0
7690,2024-10-10 02:20:44,2,3,0,461.81,Hospital,Visa,0,1,1,5,28.61,13355.55,1238,0
9258,2024-08-05 23:03:18,23,0,0,121.42,Hotel Lobby,Amex,0,1,1,4,34.77,18363.52,1591,0
2590,2024-06-08 06:30:58,6,5,1,111.83,Suburban Branch,RuPay,0,1,1,4,12.87,23684.73,449,0
1034,2024-10-04 17:58:56,17,4,0,432.16,Gas Station,MasterCard,0,1,1,8,18.83,23640.44,2729,0
4687,2024-05-06 19:20:48,19,0,0,428.61,Train Station,RuPay,0,1,3,6,21.55,7885.05,2692,0
5012,2024-10-20 13:03:59,13,6,1,401.82,University Campus,MasterCard,0,1,3,4,26.35,40964.95,2298,0
2599,2024-10-21 15:45:35,15,0,0,123.15,Train Station,Amex,0,1,2,8,41.46,20999.68,3011,0
5820,2024-06-04 02:29:58,2,1,0,449.75,Suburban Branch,Visa,1,1,1,7,12.1,38205.35,647,0
4609,2024-06-19 20:43:37,20,2,0,40.36,Airport Terminal,Amex,0,1,2,2,31.89,25988.76,2367,0
8471,2024-10-30 05:08:49,5,2,0,291.35,Airport Terminal,Visa,0,1,1,8,15.4,16290.73,429,0
9041,2024-10-08 07:36:33,7,1,0,462.96,Remote Village,Visa,0,1,1,5,18.24,41416.64,602,0
7451,2024-07-12 01:25:48,1,4,0,273.83,Train Station,Visa,0,1,3,8,18.82,43942.36,1937,0
4672,2024-12-13 13:54:33,13,4,0,488.91,Hospital,RuPay,0,1,3,8,15.37,15439.06,3624,0
5584,2024-11-09 08:03:53,8,5,1,147.81,Train Station,MasterCard,0,1,2,7,24.89,30067.83,618,0
3718,2024-07-06 16:42:21,16,5,1,141.5,Remote Village,Amex,0,1,3,2,34.59,23636.11,2014,0
9328,2024-06-17 20:49:24,20,0,0,496.4,Remote Village,RuPay,0,1,2,4,47.6,2334.76,435,0
3929,2024-02-06 21:22:09,21,1,0,322.47,University Campus,Amex,0,1,3,1,14.14,10552.94,480,0
3618,2024-05-29 15:38:24,15,2,0,444.92,Hotel Lobby,MasterCard,0,1,2,6,14.43,9041.19,2089,0
1426,2024-11-21 12:46:00,12,3,0,232.25,Shopping Mall,Amex,0,1,3,7,8.42,20259.91,922,0
9379,2024-08-14 23:57:34,23,2,0,370.31,Hospital,MasterCard,0,1,1,3,12.13,5516.36,2092,0
2920,2024-02-20 10:43:00,10,1,0,477.89,Downtown Branch,RuPay,0,1,1,2,38.25,48104.06,3394,0
3820,2024-10-04 17:28:53,17,4,0,89.32,Suburban Branch,RuPay,0,1,3,7,24.48,16076.78,73,0
1872,2024-02-26 17:47:21,17,0,0,127.77,Suburban Branch,Amex,0,1,3,8,36.18,11004.46,2387,0
5488,2024-02-19 06:49:51,6,0,0,104.7,Gas Station,Visa,1,1,2,2,30.09,28396.93,362,0
481,2024-09-18 22:43:34,22,2,0,240.19,Airport Terminal,RuPay,0,1,1,7,25.23,32910.84,2216,0
5973,2024-08-03 15:54:17,15,5,1,79.69,Downtown Branch,Visa,0,1,2,8,9.56,36364.98,2275,0
9601,2024-06-23 04:40:34,4,6,1,3335.63,Airport Terminal,Visa,4,1,4,16,838.58,744.8,126,1
2889,2024-03-17 16:45:11,16,6,1,497.97,University Campus,Visa,0,1,2,3,42.47,28056.69,3570,0
6687,2024-10-12 02:37:12,2,5,1,452.84,Remote Village,Amex,0,1,1,4,46.55,23639.72,2831,0
6316,2024-03-31 15:30:13,15,6,1,431.55,Gas Station,Visa,0,1,2,5,37.25,29544.25,981,0
528,2024-06-02 19:26:50,19,6,1,367.71,Downtown Branch,RuPay,0,1,1,6,41.69,46121.76,1992,0
4130,2024-02-10 11:20:23,11,5,1,129.28,University Campus,MasterCard,0,1,3,4,49.45,30845.79,3321,0
723,2024-02-28 21:07:08,21,2,0,381.54,University Campus,Amex,0,1,2,7,45.9,44913.46,3521,0
5121,2024-04-11 15:37:58,15,3,0,292.34,Shopping Mall,RuPay,0,1,1,6,35.36,48266.71,2275,0
4723,2024-09-01 21:50:57,21,6,1,456.79,Airport Terminal,Amex,0,1,1,1,29.99,28109.23,285,0
221,2024-12-22 02:07:18,2,6,1,446.89,Downtown Branch,MasterCard,2,1,1,1,38.22,20678.37,3481,0
9189,2024-01-14 08:07:46,8,6,1,146.28,Suburban Branch,Visa,0,1,3,4,38.5,778.06,2565,0
1936,2024-04-29 05:23:13,5,0,0,349.28,Suburban Branch,MasterCard,0,1,3,5,20.28,3855.87,2115,0
345,2024-07-02 09:24:23,9,1,0,446.92,Hospital,Amex,0,1,2,1,43.54,7623.84,850,0
8333,2024-05-20 10:51:08,10,0,0,211.14,Hotel Lobby,RuPay,1,1,2,6,49.1,9655.19,2540,0
9675,2024-11-03 22:43:11,22,6,1,289.12,University Campus,RuPay,2,1,13,22,4489.06,502.85,326,1
4484,2024-05-09 15:15:20,15,3,0,157.91,Shopping Mall,RuPay,0,1,2,6,40.14,44839.62,216,0
9707,2024-05-25 04:37:26,4,5,1,1765.22,Airport Terminal,Amex,5,0,15,9,4833.83,1455.27,26,1
8487,2024-02-24 15:41:10,15,5,1,446.88,Gas Station,RuPay,1,1,2,2,36.75,38678.82,2725,0
9217,2024-04-24 12:33:27,12,2,0,161.29,Gas Station,MasterCard,0,1,3,8,43.86,20966.04,1692,0
6904,2024-01-05 11:57:55,11,4,0,333.54,Remote Village,Visa,0,1,3,1,14.49,33545.23,2380,0
9155,2024-04-30 18:38:10,18,1,0,270.03,Train Station,Amex,1,1,1,4,41.58,17510.35,1634,0
5961,2024-01-01 21:13:43,21,0,0,492.66,Suburban Branch,Amex,0,1,3,1,21.31,13230.87,516,0
7035,2024-12-24 22:27:07,22,1,0,440.68,Airport Terminal,Amex,0,1,2,4,20.07,21007.1,2079,0
6052,2024-11-06 01:21:22,1,2,0,410.74,Gas Station,Amex,0,1,1,5,42.51,45294.2,2921,0
2392,2024-04-04 05:03:15,5,3,0,164.62,Shopping Mall,RuPay,0,1,3,2,46.49,13205.59,1953,0
7182,2024-01-25 05:00:55,5,3,0,236.19,Airport Terminal,MasterCard,0,1,3,2,15.84,16233.87,447,0
4329,2024-06-11 17:41:57,17,1,0,490.94,Suburban Branch,MasterCard,1,1,2,2,6.91,37182.36,525,0
6453,2024-04-15 12:18:40,12,0,0,168.79,Suburban Branch,Visa,0,1,2,4,47.01,8762.47,2049,0
1984,2024-12-05 08:32:50,8,3,0,488.75,Hospital,Amex,0,1,3,5,22.52,12390.88,2695,0
8247,2024-08-28 11:49:20,11,2,0,147.13,Suburban Branch,Visa,0,0,2,8,10.78,28681.62,3061,0
1555,2024-11-15 15:17:50,15,4,0,489.92,Hospital,MasterCard,0,1,3,4,19.59,30526.16,1446,0
4851,2024-05-22 00:37:45,0,2,0,191.06,Shopping Mall,Amex,1,0,1,3,47.37,26419.65,1181,0
9096,2024-12-22 09:44:25,9,6,1,202.16,Shopping Mall,Amex,0,1,1,1,4.57,7070.11,663,0
9923,2024-07-06 04:12:43,4,5,1,4343.06,Remote Village,Visa,5,1,4,6,408.81,322.73,58,1
7533,2024-06-01 14:59:05,14,5,1,320.34,Remote Village,Visa,0,1,3,5,31.63,45457.01,3301,0
6854,2024-05-08 13:47:17,13,2,0,98.69,Shopping Mall,RuPay,0,1,3,8,49.36,17980.19,1308,0
4642,2024-07-06 23:50:46,23,5,1,266.68,Suburban Branch,Visa,0,1,2,1,10.72,23627.48,3108,0
2882,2024-01-16 06:26:45,6,1,0,446.23,Suburban Branch,Amex,0,1,1,3,31.83,11553.43,1778,0
1678,2024-05-28 10:33:36,10,1,0,309.43,Airport Terminal,RuPay,0,1,2,2,7.42,24299.28,231,0
4886,2024-12-03 06:38:36,6,1,0,313.97,Hotel Lobby,MasterCard,0,1,3,8,17.54,2873.84,865,0
1965,2024-04-18 10:29:05,10,3,0,437.29,Train Station,Amex,0,1,2,3,29.62,19934.78,297,0
902,2024-04-02 12:40:17,12,1,0,332.12,Hospital,MasterCard,0,1,1,3,31.48,30131.57,198,0
7131,2024-11-06 09:41:43,9,2,0,225.22,Airport Terminal,Visa,0,1,2,1,42.23,21971.77,2540,0
3069,2024-02-12 02:31:22,2,0,0,388.9,Downtown Branch,Visa,0,1,3,8,0.48,37874.94,2461,0
2297,2024-03-26 05:23:08,5,1,0,250.9,Suburban Branch,RuPay,0,1,3,4,11.2,45273.92,2124,0
6238,2024-06-01 10:57:23,10,5,1,427.11,Airport Terminal,Visa,0,1,3,6,11.18,7183.37,406,0
5863,2024-09-06 18:52:48,18,4,0,82.9,Hospital,MasterCard,0,1,3,1,6.26,39507.85,958,0
297,2024-08-14 03:39:04,3,2,0,301.34,Airport Terminal,Visa,1,1,1,4,45.12,22227.22,557,0
8779,2024-04-12 11:02:29,11,4,0,234.4,Downtown Branch,Amex,0,1,3,1,20.3,241.81,54,0
58,2024-02-09 13:47:20,13,4,0,354.65,Remote Village,Visa,0,1,3,1,17.36,21476.06,1547,0
7243,2024-04-30 21:29:51,21,1,0,215.85,Hotel Lobby,MasterCard,0,1,2,3,34.72,49126.5,81,0
4386,2024-01-05 10:35:37,10,4,0,332.68,Hospital,Visa,0,1,3,4,8.92,16593.44,2359,0
2985,2024-03-09 04:44:22,4,5,1,277.69,Suburban Branch,MasterCard,1,0,2,1,16.42,2318.36,354,0
28,2024-12-28 10:36:28,10,5,1,187.52,University Campus,Visa,0,1,1,8,41.69,35206.64,2535,0
4408,2024-04-12 22:20:14,22,4,0,344.65,Remote Village,Visa,0,1,3,1,33.94,39821.49,3350,0
9878,2024-06-19 03:06:36,3,2,0,1847.3,Remote Village,Visa,3,0,9,30,3228.73,466.23,74,1
2677,2024-02-10 12:23:48,12,5,1,465.7,Gas Station,Visa,0,1,1,6,12.25,7796.63,1639,0
8546,2024-05-16 13:11:14,13,3,0,343.54,Shopping Mall,MasterCard,0,1,1,1,28.38,27735.68,35,0
5263,2024-06-14 23:53:03,23,4,0,273.59,University Campus,Amex,0,1,1,1,9.62,17375.17,2812,0
5842,2024-05-17 19:15:46,19,4,0,399.94,Train Station,RuPay,0,1,2,8,38.31,486.91,1751,0
7022,2024-01-14 14:02:42,14,6,1,373.14,Train Station,RuPay,2,1,1,3,16.27,22949.23,1030,0
3249,2024-05-23 03:10:14,3,3,0,198.47,University Campus,MasterCard,0,1,1,2,18.47,10310.0,209,0
5668,2024-09-18 23:02:05,23,2,0,124.92,Airport Terminal,Visa,0,1,2,1,22.81,47805.89,3236,0
3885,2024-10-26 04:46:50,4,5,1,39.5,Hotel Lobby,RuPay,0,1,3,1,13.66,48647.45,2996,0
7664,2024-07-06 17:36:55,17,5,1,67.3,Gas Station,MasterCard,0,0,1,2,16.95,31622.47,149,0
296,2024-02-09 13:50:43,13,4,0,405.87,Downtown Branch,Visa,0,1,1,3,9.91,20089.03,2841,0
3162,2024-02-07 13:09:59,13,2,0,409.17,Hotel Lobby,RuPay,0,1,1,5,39.27,46648.56,704,0
2581,2024-09-08 23:22:48,23,6,1,399.63,Shopping Mall,MasterCard,0,1,3,5,7.77,49263.96,156,0
3871,2024-04-03 17:23:39,17,2,0,21.21,University Campus,Amex,1,1,3,6,26.53,1763.62,2320,0
9211,2024-03-20 17:01:06,17,2,0,460.63,Suburban Branch,Visa,0,1,3,4,20.61,5777.64,2142,0
4405,2024-02-09 03:59:19,3,4,0,159.6,Hotel Lobby,RuPay,1,1,2,7,27.46,16850.6,2634,0
6953,2024-12-23 15:53:33,15,0,0,370.85,Airport Terminal,MasterCard,0,1,2,1,42.02,413.47,2689,0
649,2024-10-23 16:40:08,16,2,0,35.17,Airport Terminal,Amex,0,1,2,7,22.13,1895.46,754,0
1371,2024-11-04 17:57:59,17,0,0,493.65,University Campus,Visa,1,1,1,1,42.63,31001.91,3540,0
9856,2024-09-02 02:55:31,2,0,0,3122.67,Remote Village,Visa,4,0,8,22,3145.3,-485.92,350,1
6993,2024-05-05 19:36:06,19,6,1,194.81,Suburban Branch,RuPay,0,1,3,1,20.8,32752.69,1486,0
5533,2024-05-17 19:18:33,19,4,0,445.16,Downtown Branch,Visa,0,1,1,1,28.13,3571.45,671,0
9621,2024-05-11 18:05:43,18,5,1,244.38,Hospital,MasterCard,1,1,6,12,4952.68,989.08,351,1
5709,2024-10-29 03:27:38,3,1,0,376.65,Airport Terminal,RuPay,0,1,3,6,43.92,29749.27,1074,0
4210,2024-05-01 16:37:45,16,2,0,331.02,Hospital,Amex,0,1,1,6,43.5,5222.66,2580,0
682,2024-04-21 20:00:00,20,6,1,378.29,Hospital,MasterCard,0,1,3,4,49.76,14220.07,2803,0
435,2024-10-26 00:36:51,0,5,1,136.77,Train Station,MasterCard,0,1,3,1,24.1,12965.21,1597,0
9310,2024-02-02 21:35:59,21,4,0,380.82,Downtown Branch,MasterCard,0,1,1,6,25.25,6465.46,2188,0
4825,2024-12-04 03:34:48,3,2,0,21.3,Airport Terminal,RuPay,0,1,3,2,6.0,11600.89,3291,0
9762,2024-11-05 12:01:26,12,1,0,202.51,Shopping Mall,Visa,3,0,3,28,4212.88,-157.41,52,1
3160,2024-09-03 19:56:41,19,1,0,413.14,Hospital,RuPay,0,1,2,6,7.12,39443.84,2477,0
1490,2024-09-15 04:36:20,4,6,1,482.76,Gas Station,Amex,0,1,1,5,17.0,20660.29,334,0
2988,2024-07-30 17:04:25,17,1,0,206.82,Suburban Branch,RuPay,0,1,2,3,23.56,26506.3,3056,0
813,2024-02-05 11:46:59,11,0,0,27.7,Downtown Branch,MasterCard,0,1,1,2,11.03,44126.07,3294,0
1883,2024-05-28 03:10:36,3,1,0,381.57,Shopping Mall,Amex,1,1,3,2,32.33,48616.72,1824,0
9268,2024-03-22 02:56:30,2,4,0,179.9,Shopping Mall,Visa,1,1,3,6,42.78,43560.12,1314,0
4937,2024-01-25 06:38:28,6,3,0,233.56,University Campus,MasterCard,0,1,2,4,20.56,44591.51,3439,0
9936,2024-11-11 13:58:32,13,0,0,233.73,Airport Terminal,MasterCard,2,1,4,20,1429.3,109.55,355,1
1941,2024-05-19 06:06:27,6,6,1,269.64,Downtown Branch,RuPay,0,1,3,4,43.75,40244.44,1381,0
3297,2024-06-14 04:48:58,4,4,0,90.66,Shopping Mall,RuPay,1,1,3,3,20.53,38028.34,3430,0
3535,2024-06-04 16:34:41,16,1,0,234.05,Hospital,MasterCard,0,0,2,7,36.84,47658.94,58,0
4526,2024-04-24 07:18:46,7,2,0,499.78,Suburban Branch,Visa,1,1,2,7,30.3,14935.82,557,0
3730,2024-08-22 05:48:31,5,3,0,168.81,Hospital,Visa,0,0,2,8,47.29,11727.42,1606,0
7016,2024-12-12 16:35:54,16,3,0,304.74,Gas Station,MasterCard,0,1,3,3,5.37,27286.57,3046,0
1613,2024-12-03 05:27:44,5,1,0,353.41,Remote Village,Visa,0,1,2,2,11.18,49572.32,2096,0
1182,2024-11-30 19:59:50,19,5,1,204.95,Gas Station,Visa,0,1,3,2,35.79,30388.15,2217,0
1376,2024-03-24 16:22:40,16,6,1,51.28,Downtown Branch,Visa,0,1,2,8,20.62,48648.07,2392,0
9225,2024-12-09 12:51:27,12,0,0,266.94,Train Station,RuPay,1,1,1,8,22.93,1850.18,2009,0
3947,2024-09-15 03:08:28,3,6,1,477.14,Airport Terminal,Amex,0,1,1,4,48.24,23559.42,1589,0
7211,2024-05-11 20:17:09,20,5,1,490.68,Suburban Branch,Visa,0,1,1,3,3.03,8244.56,42,0
5212,2024-11-20 18:56:50,18,2,0,319.24,Suburban Branch,Amex,0,1,1,3,27.29,38236.92,337,0
64,2024-06-23 01:17:22,1,6,1,400.61,University Campus,Amex,0,1,1,5,33.2,18514.12,2297,0
627,2024-09-26 14:49:59,14,3,0,412.77,Remote Village,MasterCard,0,1,2,3,29.08,7392.24,1918,0
4422,2024-06-28 04:19:35,4,4,0,70.07,Shopping Mall,Amex,0,1,2,6,13.03,22768.47,2945,0
1670,2024-02-14 08:28:32,8,2,0,357.95,Remote Village,Amex,0,1,2,6,22.34,35200.05,2471,0
2113,2024-08-07 03:56:34,3,2,0,378.38,University Campus,RuPay,0,1,2,5,4.52,43997.22,265,0
5805,2024-05-30 06:59:26,6,3,0,295.39,Remote Village,Amex,0,1,2,5,31.08,41650.96,3578,0
9764,2024-05-21 20:21:42,20,1,0,131.69,Airport Terminal,Amex,3,0,9,16,3478.74,1971.23,82,1
4033,2024-08-14 00:05:30,0,2,0,180.16,Train Station,Visa,1,1,2,3,17.21,5045.51,2513,0
6546,2024-07-13 22:03:31,22,5,1,367.93,Hospital,Amex,0,1,2,3,45.91,40669.57,2745,0
7949,2024-08-13 23:14:35,23,1,0,66.25,University Campus,Visa,0,1,3,7,18.82,24242.14,753,0
85,2024-12-02 00:48:47,0,0,0,91.33,Hotel Lobby,MasterCard,0,1,3,7,22.77,16156.69,802,0
9181,2024-11-29 20:40:55,20,4,0,146.87,Remote Village,Amex,0,1,3,7,44.43,40628.23,2032,0
1463,2024-09-15 06:19:45,6,6,1,98.15,Train Station,RuPay,0,1,3,5,14.68,35312.31,1672,0
2284,2024-03-06 08:48:43,8,2,0,486.12,Hotel Lobby,Amex,0,1,2,5,8.29,21057.5,1998,0
2888,2024-01-15 20:51:16,20,0,0,93.7,University Campus,Amex,0,1,1,5,34.14,43870.05,2650,0
5835,2024-07-10 10:46:12,10,2,0,246.75,Shopping Mall,Amex,0,1,3,3,44.73,8526.83,2118,0
685,2024-01-29 08:55:39,8,0,0,65.73,Hotel Lobby,Visa,0,1,2,6,49.84,46972.16,3316,0
4470,2024-11-08 16:45:39,16,4,0,240.51,Hotel Lobby,Amex,0,1,1,5,9.45,39491.82,1726,0
419,2024-03-30 06:01:11,6,5,1,201.54,Downtown Branch,RuPay,0,1,3,7,41.33,30315.0,756,0
5229,2024-11-25 02:54:30,2,0,0,333.21,Hotel Lobby,Amex,0,1,2,3,9.18,26116.45,881,0
4254,2024-08-21 00:50:32,0,2,0,270.7,Downtown Branch,RuPay,1,1,1,2,42.58,38305.29,162,0
2710,2024-12-24 13:31:37,13,1,0,71.94,Suburban Branch,Amex,0,1,1,6,40.5,43270.83,1645,0
2358,2024-05-30 22:01:06,22,3,0,424.38,Hospital,Amex,0,1,1,2,23.0,37427.76,2426,0
8060,2024-08-18 12:12:54,12,6,1,62.87,Hotel Lobby,RuPay,0,1,3,7,11.5,31023.24,2067,0
1367,2024-02-16 06:43:23,6,4,0,332.22,Train Station,Visa,0,1,3,7,10.23,5723.41,1617,0
6278,2024-11-06 08:31:02,8,2,0,421.62,Hospital,RuPay,0,1,1,3,44.07,6600.76,3225,0
3917,2024-12-24 13:07:15,13,1,0,332.77,Remote Village,Amex,0,1,1,1,28.22,30628.16,2661,0
294,2024-11-16 22:28:55,22,5,1,358.26,University Campus,RuPay,0,1,2,3,4.56,12486.12,1487,0
2640,2024-04-24 20:20:15,20,2,0,367.39,University Campus,Amex,0,1,3,6,18.12,42463.85,287,0
9459,2024-02-12 12:44:03,12,0,0,363.53,Gas Station,RuPay,0,1,3,7,8.0,28398.31,835,0
1507,2024-11-22 00:24:30,0,4,0,248.88,Shopping Mall,RuPay,0,1,2,3,0.86,11797.61,2020,0
9038,2024-05-25 00:23:32,0,5,1,105.92,Gas Station,RuPay,0,1,3,4,28.78,587.46,3571,0
7394,2024-08-21 01:37:34,1,2,0,340.79,Shopping Mall,RuPay,0,1,3,5,33.04,32400.68,2403,0
1635,2024-05-28 12:20:43,12,1,0,451.83,Airport Terminal,RuPay,0,1,3,3,35.91,48021.49,2673,0
2458,2024-04-09 01:12:12,1,1,0,171.99,Downtown Branch,Visa,0,1,1,6,47.17,21380.81,1007,0
9892,2024-07-22 02:20:53,2,0,0,3854.73,Remote Village,Visa,4,1,14,28,916.67,327.96,143,1
5559,2024-12-20 18:59:40,18,4,0,60.53,Hospital,RuPay,0,1,2,2,26.99,41128.81,545,0
9752,2024-02-08 00:20:20,0,3,0,310.83,Suburban Branch,MasterCard,1,1,9,23,2592.33,1853.32,364,1
2301,2024-09-21 14:36:03,14,5,1,425.2,Downtown Branch,MasterCard,0,1,3,2,26.24,30931.58,2796,0
4538,2024-05-03 08:15:20,8,4,0,387.56,University Campus,MasterCard,0,1,1,1,46.14,29157.76,2712,0
2939,2024-01-31 17:44:02,17,2,0,490.81,Remote Village,Amex,0,1,2,5,20.8,21012.4,2091,0
1564,2024-08-29 05:48:17,5,3,0,121.21,Gas Station,RuPay,0,1,1,2,12.11,44828.39,50,0
5690,2024-11-04 01:52:02,1,0,0,396.36,Suburban Branch,MasterCard,0,1,1,8,46.31,31723.79,1823,0
8659,2024-03-24 08:59:54,8,6,1,467.33,Shopping Mall,Visa,0,1,2,3,12.65,40678.52,3131,0
7518,2024-07-02 11:50:28,11,1,0,131.84,Airport Terminal,Visa,0,1,3,3,2.93,14795.27,3430,0
1980,2024-09-08 00:07:23,0,6,1,435.75,University Campus,Visa,0,1,1,1,34.5,16471.7,2221,0
1884,2024-01-26 00:21:24,0,4,0,243.59,Downtown Branch,Amex,0,1,2,1,7.76,26874.42,3271,0
3804,2024-12-03 18:27:16,18,1,0,295.61,Gas Station,Amex,0,1,2,3,35.21,3325.69,2947,0
439,2024-03-19 17:55:16,17,1,0,420.77,Hotel Lobby,RuPay,0,1,1,2,46.01,33823.03,2747,0
4636,2024-12-01 14:29:29,14,6,1,403.74,Train Station,Amex,2,1,2,5,27.57,35079.18,1351,0
4529,2024-01-07 07:42:21,7,6,1,362.21,Downtown Branch,Amex,0,1,1,3,3.67,22975.18,2779,0
4333,2024-02-20 22:07:36,22,1,0,470.5,University Campus,Visa,0,1,2,8,43.18,48762.8,1840,0
3574,2024-11-02 11:54:03,11,5,1,497.61,University Campus,Amex,1,1,1,3,3.0,19616.42,357,0
8742,2024-10-20 04:30:24,4,6,1,356.98,Gas Station,MasterCard,0,1,1,2,41.37,20502.85,1160,0
8912,2024-10-27 10:25:51,10,6,1,225.35,Train Station,Amex,0,1,1,4,4.66,12904.53,3430,0
4818,2024-02-05 23:48:13,23,0,0,455.93,Gas Station,MasterCard,0,1,2,2,8.59,27144.56,3258,0
6436,2024-01-22 22:18:07,22,0,0,265.39,Train Station,Visa,0,1,2,7,36.39,12425.24,2036,0
2987,2024-10-16 15:17:12,15,2,0,96.48,Hospital,RuPay,0,1,3,7,49.01,6426.12,1842,0
7839,2024-01-04 05:01:19,5,3,0,446.45,Hotel Lobby,Visa,0,1,1,4,26.37,41779.86,2536,0
705,2024-03-22 23:17:59,23,4,0,108.84,Remote Village,Visa,0,1,3,2,21.69,993.97,1647,0
2281,2024-09-15 06:08:11,6,6,1,240.72,Hospital,Visa,0,1,3,6,47.78,5772.57,1294,0
8735,2024-01-07 08:36:20,8,6,1,84.21,Gas Station,Amex,0,1,1,6,29.03,18552.97,2917,0
4148,2024-12-07 00:59:48,0,5,1,359.54,Train Station,Amex,0,1,1,5,31.81,38249.44,2976,0
5413,2024-06-30 02:42:38,2,6,1,21.5,Airport Terminal,Visa,0,1,2,6,24.47,48447.78,3402,0
374,2024-10-26 20:54:52,20,5,1,448.04,Remote Village,RuPay,0,1,1,8,0.22,36837.08,2296,0
6406,2024-02-08 23:23:37,23,3,0,281.76,Train Station,RuPay,0,1,1,8,42.18,18106.18,1775,0
9224,2024-05-15 12:01:19,12,2,0,152.97,Hospital,Visa,0,1,3,5,35.77,870.94,2020,0
2586,2024-01-11 13:09:44,13,3,0,328.64,Hotel Lobby,RuPay,0,1,1,3,1.76,47844.83,1020,0
1333,2024-08-25 21:31:16,21,6,1,78.55,University Campus,RuPay,0,1,1,3,4.59,47574.46,45,0
9573,2024-07-18 03:00:18,3,3,0,334.37,Airport Terminal,MasterCard,1,1,14,8,2494.96,936.47,327,1
5283,2024-08-30 00:10:13,0,4,0,123.32,Gas Station,RuPay,1,1,3,2,14.26,6506.89,2441,0
9132,2024-05-31 02:37:07,2,4,0,243.15,Hospital,Visa,0,1,1,5,1.74,47368.28,619,0
8316,2024-02-21 05:13:47,5,2,0,92.81,Train Station,RuPay,0,1,1,3,25.45,7379.14,344,0
9810,2024-08-11 01:13:34,1,6,1,2354.6,Airport Terminal,Amex,3,0,11,30,2983.09,1161.77,339,1
1785,2024-01-29 14:49:10,14,0,0,282.43,Train Station,MasterCard,0,1,3,4,49.81,25097.6,2874,0
3183,2024-04-29 13:04:07,13,0,0,155.87,Hospital,Visa,0,0,2,3,37.91,13151.27,2426,0
495,2024-03-01 13:56:36,13,4,0,383.71,Airport Terminal,Amex,1,1,1,3,43.44,41024.68,86,0
7364,2024-07-15 11:37:15,11,0,0,82.98,Train Station,Amex,2,1,3,7,39.53,18819.52,586,0
2861,2024-11-01 22:39:14,22,4,0,141.14,Remote Village,Visa,0,1,1,3,47.38,42785.24,34,0
7930,2024-10-28 18:57:39,18,0,0,153.39,Hospital,MasterCard,0,1,2,4,5.93,14192.64,2909,0
4042,2024-04-04 02:44:23,2,3,0,247.54,Gas Station,MasterCard,0,1,3,6,2.69,12257.65,3373,0
7179,2024-01-13 20:20:20,20,5,1,31.77,Remote Village,RuPay,0,1,2,6,46.71,30718.46,2765,0
2898,2024-02-14 23:26:28,23,2,0,459.03,Hotel Lobby,MasterCard,0,1,3,7,41.74,23204.04,2914,0
367,2024-01-20 13:18:09,13,5,1,263.33,Hospital,Visa,0,1,1,2,22.95,40082.94,1865,0
850,2024-12-14 13:24:27,13,5,1,341.89,Suburban Branch,Visa,0,1,2,2,39.78,16706.78,946,0
7441,2024-07-23 17:56:06,17,1,0,320.36,University Campus,Visa,0,1,3,4,30.54,16534.01,176,0
9455,2024-03-01 10:51:42,10,4,0,161.95,Suburban Branch,RuPay,1,1,3,5,1.75,5936.54,2649,0
4302,2024-06-21 12:31:10,12,4,0,312.6,Suburban Branch,MasterCard,0,1,3,4,47.09,49777.46,3212,0
2654,2024-01-17 04:16:52,4,2,0,364.65,Airport Terminal,MasterCard,0,1,3,6,21.78,48150.55,1093,0
3504,2024-07-19 07:57:00,7,4,0,143.02,Downtown Branch,Amex,0,1,1,3,16.3,36644.4,1416,0
1542,2024-06-07 07:29:29,7,4,0,162.84,Hospital,MasterCard,0,1,1,6,36.11,42267.48,1794,0
4166,2024-01-28 15:56:19,15,6,1,400.63,Gas Station,Visa,0,1,2,7,43.99,30851.41,1762,0
8867,2024-08-28 10:42:37,10,2,0,207.38,Downtown Branch,MasterCard,0,1,3,2,40.79,20938.61,889,0
323,2024-07-13 23:55:29,23,5,1,294.19,Remote Village,MasterCard,0,1,3,3,6.01,37883.72,738,0
2032,2024-02-28 06:51:30,6,2,0,486.93,Gas Station,MasterCard,0,1,3,1,3.42,10252.32,3153,0
814,2024-10-08 04:16:34,4,1,0,100.18,Airport Terminal,RuPay,0,1,2,4,31.23,46722.94,1648,0
8940,2024-03-11 14:34:49,14,0,0,190.81,Hotel Lobby,Amex,0,1,2,5,26.23,21593.55,3589,0
9376,2024-08-14 20:50:11,20,2,0,150.47,Shopping Mall,Visa,0,1,1,8,20.31,14097.62,1208,0
1080,2024-10-07 11:12:05,11,0,0,41.71,Hotel Lobby,RuPay,0,1,2,8,37.03,21840.94,3133,0
2227,2024-03-30 19:32:52,19,5,1,431.58,Shopping Mall,MasterCard,0,0,1,1,31.16,26718.96,206,0
9137,2024-11-17 07:42:31,7,6,1,115.96,Hotel Lobby,Visa,0,1,1,1,37.48,43897.11,2126,0
9532,2024-07-09 01:49:23,1,1,0,4099.25,Remote Village,Amex,5,1,15,12,1224.06,469.66,188,1
2706,2024-07-21 00:14:35,0,6,1,482.37,Downtown Branch,Amex,0,1,2,4,40.23,38731.55,1819,0
6825,2024-07-29 13:38:11,13,0,0,187.36,Downtown Branch,MasterCard,0,1,2,5,14.32,24353.93,123,0
7557,2024-08-29 20:20:47,20,3,0,482.87,Shopping Mall,RuPay,0,0,3,4,38.04,26636.11,754,0
1165,2024-09-26 14:56:43,14,3,0,403.5,Train Station,Visa,0,1,2,5,37.34,38937.62,1163,0
3262,2024-03-20 03:06:43,3,2,0,267.05,Gas Station,Amex,0,1,3,6,24.79,12305.92,1117,0
4688,2024-04-29 15:05:09,15,0,0,458.02,Gas Station,Visa,0,1,2,3,25.26,6848.8,660,0
1451,2024-02-14 08:45:58,8,2,0,58.39,Hotel Lobby,Amex,0,1,2,8,47.78,12978.36,2317,0
3863,2024-10-02 23:55:37,23,2,0,107.34,Hospital,Amex,1,1,2,3,17.28,19351.97,94,0
6104,2024-02-22 20:06:08,20,3,0,95.72,Gas Station,Visa,0,1,3,8,46.67,42022.33,3586,0
9216,2024-08-07 05:10:32,5,2,0,376.05,Airport Terminal,Amex,1,1,3,2,39.88,2930.6,1582,0
7121,2024-06-08 07:34:49,7,5,1,84.6,Hotel Lobby,RuPay,0,1,3,8,30.67,25073.03,2626,0
6399,2024-10-28 21:33:18,21,0,0,387.25,Suburban Branch,MasterCard,0,1,2,1,9.76,2843.72,2016,0
9589,2024-04-06 01:49:57,1,5,1,244.34,Gas Station,Amex,0,1,13,17,2632.43,580.82,347,1
6215,2024-04-19 19:20:46,19,4,0,91.98,Remote Village,RuPay,0,1,3,6,22.96,35528.16,312,0
9646,2024-07-31 02:27:53,2,2,0,1437.96,Airport Terminal,Visa,5,1,4,16,2511.84,-269.75,138,1
5337,2024-05-21 08:38:03,8,1,0,67.2,Shopping Mall,Visa,1,1,1,1,1.73,30949.79,2417,0
4057,2024-11-24 17:43:37,17,6,1,352.38,Hospital,MasterCard,0,1,3,6,42.76,48794.89,1139,0
9512,2024-06-19 00:57:04,0,2,0,450.7,Hospital,RuPay,2,1,6,8,1776.6,-351.38,327,1
3000,2024-03-03 00:08:16,0,6,1,222.44,Hospital,Visa,0,1,3,6,10.32,4348.65,2972,0
9025,2024-02-05 22:39:47,22,0,0,146.75,Airport Terminal,Visa,1,1,1,2,39.46,39240.29,1194,0
1232,2024-07-28 12:16:14,12,6,1,200.98,Suburban Branch,Visa,0,1,1,1,17.43,11212.71,1749,0
1515,2024-04-09 14:20:53,14,1,0,25.61,Airport Terminal,Visa,0,0,3,8,44.66,4764.8,999,0
2314,2024-09-07 16:46:46,16,5,1,420.38,Airport Terminal,Amex,0,1,2,5,33.38,19391.54,269,0
1452,2024-09-02 06:14:06,6,0,0,339.17,Remote Village,Amex,0,1,2,4,11.31,1209.04,2009,0
5268,2024-05-14 04:13:12,4,1,0,218.74,Hotel Lobby,RuPay,0,1,1,2,44.49,43115.92,3645,0
6132,2024-10-31 21:35:01,21,3,0,452.03,Remote Village,Visa,0,1,3,4,23.64,2845.74,483,0
8532,2024-12-05 21:29:30,21,3,0,303.29,Airport Terminal,MasterCard,0,1,3,3,26.76,43143.4,1894,0
6465,2024-11-22 12:09:22,12,4,0,301.39,Shopping Mall,RuPay,0,1,3,2,36.69,4108.63,2296,0
839,2024-10-18 05:43:16,5,4,0,107.71,Gas Station,MasterCard,0,0,2,8,31.34,31258.63,3586,0
9916,2024-09-21 01:42:45,1,5,1,438.5,Hospital,Amex,1,1,12,16,1028.41,1190.38,2,1
8262,2024-11-04 08:43:29,8,0,0,224.68,Hotel Lobby,MasterCard,0,1,1,7,48.41,15782.11,2436,0
6415,2024-02-01 09:58:46,9,3,0,118.41,Train Station,MasterCard,0,1,1,8,32.92,39291.14,2757,0
8505,2024-12-02 16:24:50,16,0,0,92.68,Train Station,MasterCard,0,1,3,8,20.35,32028.63,2673,0
3568,2024-06-29 19:07:28,19,5,1,410.13,Gas Station,Amex,0,1,1,2,1.29,25208.29,604,0
9265,2024-02-25 20:13:39,20,6,1,394.42,Suburban Branch,Visa,0,1,1,7,28.13,33775.05,2552,0
3088,2024-07-21 21:04:18,21,6,1,274.07,Gas Station,RuPay,0,1,1,4,31.78,28651.09,935,0
8644,2024-05-13 17:11:22,17,0,0,137.72,University Campus,MasterCard,0,1,2,6,2.54,47208.14,1513,0
1715,2024-04-24 05:19:32,5,2,0,106.9,Train Station,Visa,0,1,2,8,15.53,6803.39,1324,0
340,2024-11-08 19:09:00,19,4,0,431.51,Hospital,Amex,0,1,3,3,36.06,32804.49,1240,0
9564,2024-11-05 01:59:15,1,1,0,4587.77,Remote Village,Amex,3,1,7,28,4772.41,362.91,73,1
5943,2024-03-21 16:29:17,16,3,0,139.18,Downtown Branch,MasterCard,1,1,1,5,22.82,19119.1,1688,0
9870,2024-05-07 01:11:01,1,1,0,4796.6,Airport Terminal,MasterCard,2,0,10,25,1590.12,845.62,174,1
8103,2024-04-09 16:59:35,16,1,0,449.92,Downtown Branch,Amex,0,1,2,3,29.15,31566.02,167,0
8489,2024-03-24 16:10:31,16,6,1,300.21,Gas Station,Amex,0,1,2,3,7.3,25542.15,1961,0
589,2024-08-19 13:39:27,13,0,0,106.4,Airport Terminal,Visa,0,1,2,6,20.94,27929.75,816,0
3366,2024-07-16 20:14:39,20,1,0,404.56,Hospital,Visa,0,1,2,2,33.88,45892.99,558,0
2671,2024-10-29 09:32:29,9,1,0,327.84,Airport Terminal,Visa,0,1,2,7,11.88,36159.02,3343,0
3590,2024-09-13 04:35:06,4,4,0,256.05,Shopping Mall,RuPay,0,1,2,3,31.06,28174.13,3146,0
35,2024-04-13 14:48:34,14,5,1,96.41,Hospital,Amex,0,1,2,4,9.98,45930.75,1462,0
29,2024-09-16 08:56:10,8,0,0,412.21,Airport Terminal,MasterCard,0,1,1,5,5.77,5441.1,2296,0
8554,2024-07-04 05:30:37,5,3,0,430.43,Downtown Branch,Amex,0,1,2,5,2.52,49864.45,469,0
8118,2024-11-05 02:36:19,2,1,0,377.49,Downtown Branch,Amex,0,1,2,3,33.53,42277.34,3455,0
2171,2024-06-09 02:36:01,2,6,1,322.79,Downtown Branch,Visa,0,1,3,1,25.88,44922.88,3548,0
8378,2024-09-30 10:02:44,10,0,0,459.49,Train Station,Visa,0,1,1,4,38.21,6726.69,1711,0
5621,2024-10-10 06:36:13,6,3,0,444.41,Suburban Branch,RuPay,0,1,3,5,2.71,6694.81,1846,0
890,2024-02-18 02:17:49,2,6,1,458.29,Gas Station,Amex,0,1,2,6,14.96,21474.24,776,0
6490,2024-01-29 16:49:08,16,0,0,182.7,Hospital,MasterCard,2,1,3,5,46.22,39869.65,2508,0
3323,2024-03-24 03:48:59,3,6,1,480.5,Remote Village,Visa,0,1,2,6,10.51,15403.64,2089,0
9397,2024-12-25 02:14:27,2,2,0,408.73,Gas Station,Amex,0,1,1,5,25.92,18792.23,141,0
3515,2024-06-30 13:38:50,13,6,1,104.88,University Campus,Visa,0,1,2,7,20.81,5357.22,1477,0
4421,2024-04-27 19:26:13,19,5,1,212.45,Suburban Branch,Visa,0,1,1,7,29.64,3419.9,1548,0
8352,2024-01-27 00:37:47,0,5,1,344.55,Train Station,RuPay,0,1,2,4,27.26,39379.22,1010,0
5362,2024-08-16 03:42:34,3,4,0,426.02,Shopping Mall,RuPay,0,1,1,1,39.76,45691.32,723,0
3734,2024-12-24 12:49:17,12,1,0,296.56,Hotel Lobby,Visa,0,1,1,4,20.51,15479.32,317,0
9464,2024-01-03 01:31:20,1,2,0,132.13,Gas Station,RuPay,0,0,1,2,15.73,30426.32,686,0
7082,2024-07-11 17:51:41,17,3,0,214.96,Train Station,Amex,1,1,3,8,6.14,42695.28,2128,0
1655,2024-03-09 09:43:02,9,5,1,68.22,Suburban Branch,Amex,0,1,3,3,46.1,43006.21,2391,0
5033,2024-05-12 20:03:09,20,6,1,438.73,Hospital,MasterCard,0,1,3,2,47.55,18360.81,1448,0
224,2024-07-22 15:37:34,15,0,0,91.47,Suburban Branch,RuPay,0,1,2,5,39.75,4043.06,1693,0
8626,2024-05-29 16:05:27,16,2,0,352.33,Airport Terminal,RuPay,1,1,2,8,41.08,22064.96,371,0
6195,2024-05-26 10:01:20,10,6,1,462.41,Hotel Lobby,MasterCard,0,1,3,6,1.14,33617.85,1212,0
1591,2024-03-20 13:42:58,13,2,0,347.38,Hospital,MasterCard,0,1,1,3,45.25,37071.73,2076,0
5983,2024-04-28 17:07:43,17,6,1,128.77,Downtown Branch,MasterCard,0,1,3,2,4.34,25113.49,248,0
3257,2024-05-29 03:20:47,3,2,0,411.41,Remote Village,RuPay,0,1,2,4,4.59,16419.12,3339,0
6681,2024-09-26 13:04:45,13,3,0,61.67,Train Station,Amex,1,0,2,5,39.77,3198.21,1331,0
4771,2024-03-09 12:57:21,12,5,1,316.11,Hotel Lobby,Visa,0,0,2,3,12.03,25250.51,2873,0
2182,2024-04-04 09:35:28,9,3,0,439.38,Gas Station,RuPay,0,1,3,3,5.94,43726.49,2364,0
6804,2024-03-22 16:08:13,16,4,0,291.79,Suburban Branch,RuPay,1,1,1,8,36.46,33582.82,1844,0
4914,2024-06-15 08:28:14,8,5,1,350.52,Gas Station,Amex,0,1,1,1,36.0,7850.64,440,0
6787,2024-06-20 03:47:35,3,3,0,438.17,Shopping Mall,MasterCard,0,1,2,3,43.61,22683.26,2003,0
4790,2024-02-09 21:02:02,21,4,0,366.84,Hotel Lobby,MasterCard,0,1,1,3,17.22,12631.93,2598,0
1210,2024-07-27 21:33:05,21,5,1,197.34,Airport Terminal,MasterCard,1,1,3,2,16.23,38784.62,1724,0
422,2024-11-02 15:11:29,15,5,1,388.96,Remote Village,Visa,0,1,1,5,23.86,11702.39,3548,0
8741,2024-10-31 13:53:40,13,3,0,305.63,Remote Village,Visa,0,1,2,7,13.24,1075.22,3452,0
1707,2024-05-16 09:59:24,9,3,0,74.43,Hospital,RuPay,0,1,1,4,41.63,26937.09,3189,0
1159,2024-12-03 01:23:01,1,1,0,255.02,Remote Village,Visa,0,1,2,7,16.87,14877.61,3385,0
2307,2024-03-25 15:14:49,15,0,0,470.06,Train Station,Amex,0,1,2,4,43.43,17817.86,2070,0
274,2024-10-29 12:31:24,12,1,0,471.81,Gas Station,MasterCard,0,1,3,4,37.39,14847.55,253,0
172,2024-06-19 17:25:12,17,2,0,219.5,Hotel Lobby,MasterCard,0,1,2,6,36.71,43052.79,1663,0
3957,2024-07-26 23:29:21,23,4,0,225.55,Hotel Lobby,MasterCard,0,1,2,1,5.57,40056.34,2188,0
6697,2024-03-12 17:48:28,17,1,0,337.37,Downtown Branch,MasterCard,0,1,2,3,20.76,6518.88,793,0
3189,2024-05-20 13:15:47,13,0,0,459.2,University Campus,Amex,0,1,2,8,0.36,5870.01,1404,0
8133,2024-08-21 23:12:20,23,2,0,31.12,Train Station,Amex,0,1,2,8,9.95,18739.59,3514,0
4809,2024-05-08 17:46:21,17,2,0,260.11,Remote Village,Amex,0,1,3,2,21.66,17437.66,1456,0
8084,2024-11-10 09:51:53,9,6,1,353.12,Gas Station,RuPay,0,1,1,7,46.37,1401.53,794,0
1565,2024-10-30 00:23:39,0,2,0,113.15,Train Station,Amex,0,1,3,3,20.37,10676.84,2672,0
1783,2024-05-14 09:57:43,9,1,0,384.78,Hotel Lobby,Visa,0,1,2,3,2.29,19457.33,166,0
844,2024-01-10 23:21:32,23,2,0,308.92,Gas Station,RuPay,1,1,1,6,22.6,34340.63,3592,0
9346,2024-03-05 05:18:43,5,1,0,378.4,Hospital,MasterCard,0,1,2,3,22.78,45614.03,1141,0
4462,2024-04-20 23:02:56,23,5,1,233.47,Shopping Mall,Visa,0,1,3,5,14.39,402.04,3381,0
905,2024-12-13 13:11:38,13,4,0,195.69,Airport Terminal,Visa,0,1,1,8,20.95,46573.48,2093,0
5912,2024-11-04 19:20:07,19,0,0,299.56,Shopping Mall,Amex,0,1,1,5,12.78,8842.83,2969,0
9951,2024-04-24 03:42:06,3,2,0,2841.16,Airport Terminal,MasterCard,2,1,14,25,3556.67,-191.43,211,1
9298,2024-01-04 02:02:10,2,3,0,175.44,Downtown Branch,Amex,0,1,2,4,43.95,45895.41,3526,0
1548,2024-01-15 13:54:26,13,0,0,159.05,Gas Station,Amex,0,1,1,4,48.49,41214.48,825,0
2081,2024-02-24 21:26:39,21,5,1,37.61,Airport Terminal,RuPay,0,1,1,1,41.35,23245.88,1511,0
9882,2024-10-11 20:25:24,20,4,0,102.58,Shopping Mall,Visa,1,1,6,12,4008.98,1724.78,14,1
3986,2024-10-10 04:15:49,4,3,0,457.13,Train Station,Amex,0,1,3,3,48.08,25820.72,3045,0
6390,2024-11-19 14:57:56,14,1,0,441.48,University Campus,Visa,0,1,1,3,8.49,21598.43,2661,0
7580,2024-02-14 16:46:39,16,2,0,408.09,Hospital,MasterCard,0,1,1,5,33.18,28804.6,1927,0
9246,2024-05-22 11:45:21,11,2,0,244.32,Shopping Mall,Visa,0,1,2,2,44.71,44785.01,2117,0
6568,2024-08-02 04:58:19,4,4,0,458.8,Hotel Lobby,RuPay,0,1,2,2,30.42,49261.32,1387,0
8207,2024-09-02 17:35:05,17,0,0,228.59,Suburban Branch,Visa,0,1,2,8,5.5,10943.25,3593,0
3821,2024-08-05 13:46:41,13,0,0,384.45,Train Station,RuPay,0,1,3,4,32.62,14946.99,1919,0
2647,2024-03-07 05:10:04,5,3,0,332.18,Remote Village,RuPay,0,1,2,3,1.52,9758.28,1139,0
4455,2024-09-24 14:50:23,14,1,0,252.6,Gas Station,MasterCard,0,1,2,5,22.9,12216.52,252,0
7160,2024-09-10 12:02:43,12,1,0,148.03,Airport Terminal,Amex,0,1,1,2,23.94,27720.75,3171,0
8222,2024-11-07 18:29:30,18,3,0,383.28,Suburban Branch,Amex,2,1,1,2,27.3,6185.58,2153,0
8597,2024-01-19 16:30:54,16,4,0,439.53,Suburban Branch,Visa,0,1,3,4,31.18,24707.18,2866,0
9590,2024-09-01 02:06:56,2,6,1,3782.63,Airport Terminal,MasterCard,3,0,3,20,541.95,855.44,130,1
6072,2024-03-27 20:37:00,20,2,0,62.24,Shopping Mall,RuPay,0,1,1,3,15.52,12831.84,2759,0
2156,2024-03-12 02:01:22,2,1,0,372.75,Train Station,RuPay,0,1,3,5,38.81,30753.99,3188,0
6713,2024-06-29 18:05:09,18,5,1,489.35,Hospital,Visa,0,1,3,4,12.07,6958.09,2276,0
3716,2024-11-18 03:23:29,3,0,0,81.46,Suburban Branch,RuPay,0,1,1,6,48.73,37722.05,1145,0
4058,2024-05-12 13:59:57,13,6,1,280.39,Gas Station,Visa,0,1,1,2,41.5,35589.89,156,0
5953,2024-06-28 13:43:35,13,4,0,193.07,Airport Terminal,Amex,0,1,2,1,2.27,4186.89,2887,0
3103,2024-09-04 23:15:25,23,2,0,475.8,Gas Station,Amex,0,1,2,4,35.79,20981.5,2383,0
559,2024-08-26 01:56:19,1,0,0,45.33,Downtown Branch,Amex,0,1,3,8,28.7,16642.55,1475,0
4611,2024-01-11 01:20:17,1,3,0,396.87,Airport Terminal,RuPay,0,1,2,4,12.56,13542.36,1201,0
6979,2024-04-25 07:25:50,7,3,0,131.22,Remote Village,Visa,0,1,3,6,40.94,17204.92,929,0
1437,2024-05-26 13:51:24,13,6,1,85.23,Suburban Branch,RuPay,0,1,3,7,27.52,36339.12,2180,0
508,2024-10-03 12:29:57,12,3,0,331.79,Hospital,Visa,0,1,1,3,9.66,1708.25,3161,0
1870,2024-08-25 16:07:46,16,6,1,78.23,Remote Village,Amex,0,1,3,4,41.69,47243.02,1088,0
756,2024-07-28 04:34:32,4,6,1,34.85,Train Station,Visa,0,1,2,7,41.37,17962.49,755,0
5420,2024-10-12 19:39:38,19,5,1,403.73,Hotel Lobby,Visa,1,1,3,8,31.34,8076.56,298,0
4051,2024-05-03 10:34:41,10,4,0,34.38,Hotel Lobby,Amex,0,1,1,2,1.52,5778.74,1354,0
8090,2024-05-25 20:28:28,20,5,1,43.32,Shopping Mall,Amex,0,1,1,5,13.04,11266.07,1871,0
3837,2024-11-26 07:09:55,7,1,0,374.01,Gas Station,MasterCard,0,1,2,1,22.74,7629.44,2159,0
2119,2024-01-02 18:01:52,18,1,0,294.12,Suburban Branch,Visa,0,1,2,3,13.52,9633.49,2918,0
6153,2024-12-15 00:37:08,0,6,1,66.34,Airport Terminal,RuPay,1,1,3,7,38.4,14463.11,420,0
7809,2024-02-02 08:16:56,8,4,0,214.52,Airport Terminal,MasterCard,0,1,3,5,19.46,19709.6,2600,0
502,2024-08-03 12:24:34,12,5,1,475.58,Hotel Lobby,MasterCard,0,1,3,3,4.39,19172.14,2807,0
6260,2024-12-26 19:38:41,19,3,0,447.69,Gas Station,RuPay,0,1,1,4,7.03,31817.75,1402,0
9744,2024-12-05 17:19:03,17,3,0,150.78,Gas Station,Visa,1,1,11,24,519.55,1058.69,317,1
1540,2024-07-31 14:51:42,14,2,0,475.25,University Campus,MasterCard,0,1,2,4,26.42,3301.88,1126,0
6142,2024-07-11 04:37:14,4,3,0,147.11,Train Station,Visa,0,1,3,8,38.63,40645.18,2167,0
1212,2024-08-04 04:34:54,4,6,1,274.89,Downtown Branch,RuPay,0,1,1,6,47.86,18125.36,3194,0
9123,2024-07-17 19:03:09,19,2,0,204.82,Shopping Mall,RuPay,0,1,3,1,31.71,5885.82,2513,0
673,2024-02-05 01:11:38,1,0,0,469.43,Gas Station,RuPay,0,1,1,8,31.57,43985.42,3170,0
3378,2024-10-29 11:29:51,11,1,0,169.62,University Campus,Amex,0,1,1,6,43.82,40262.41,2118,0
8784,2024-01-19 03:19:29,3,4,0,153.71,Airport Terminal,Amex,0,1,1,5,11.07,19658.12,1807,0
1465,2024-01-23 19:34:18,19,1,0,302.09,Airport Terminal,Amex,0,0,1,3,36.14,14195.52,1392,0
1193,2024-10-14 22:08:33,22,0,0,117.21,Hospital,Visa,0,1,2,2,13.57,48086.64,3497,0
6985,2024-08-22 09:48:17,9,3,0,109.27,Downtown Branch,Amex,0,1,3,3,12.75,18831.75,1484,0
1873,2024-02-08 17:49:15,17,3,0,139.61,Downtown Branch,RuPay,0,0,3,8,6.45,34594.47,501,0
3591,2024-05-07 06:54:03,6,1,0,441.14,Remote Village,Amex,0,1,2,1,7.11,41014.64,2752,0
6727,2024-12-12 21:42:22,21,3,0,344.38,Gas Station,Visa,2,1,1,2,17.49,49663.72,2114,0
506,2024-04-27 19:24:33,19,5,1,232.64,Gas Station,Amex,1,1,1,2,6.58,1407.29,2536,0
8119,2024-12-11 09:31:05,9,2,0,281.55,Airport Terminal,Visa,0,1,2,5,29.57,44367.9,1218,0
507,2024-08-23 04:38:35,4,4,0,292.18,University Campus,RuPay,0,1,1,6,3.97,39013.33,579,0
9450,2024-04-27 23:28:58,23,5,1,188.8,Downtown Branch,Visa,0,1,1,6,27.39,24358.11,2491,0
7132,2024-01-06 04:51:31,4,5,1,219.46,Shopping Mall,RuPay,0,1,1,2,18.68,21654.37,1933,0
4808,2024-05-23 13:52:51,13,3,0,381.82,University Campus,MasterCard,0,1,3,6,11.18,31640.05,3575,0
7304,2024-06-12 12:41:42,12,2,0,46.87,University Campus,Amex,2,1,3,8,0.6,34969.64,3007,0
1774,2024-02-06 19:10:40,19,1,0,308.49,Shopping Mall,MasterCard,0,1,2,8,34.1,2793.77,2908,0
6855,2024-07-12 15:12:49,15,4,0,437.68,Gas Station,Visa,0,1,3,8,2.17,48430.96,573,0
4907,2024-07-17 04:09:30,4,2,0,377.87,Train Station,RuPay,0,1,3,1,2.19,41720.28,1255,0
798,2024-07-26 13:48:47,13,4,0,205.49,Hotel Lobby,MasterCard,0,1,2,5,4.66,5305.23,2294,0
8786,2024-07-18 01:03:03,1,3,0,315.62,Train Station,Amex,0,1,2,6,43.27,5490.76,2152,0
7071,2024-02-11 12:08:38,12,6,1,232.74,Gas Station,MasterCard,0,0,1,3,15.8,32475.09,2974,0
2830,2024-12-05 04:16:55,4,3,0,260.65,Airport Terminal,MasterCard,0,1,3,3,36.68,42365.25,1579,0
9320,2024-07-30 18:38:17,18,1,0,473.67,Suburban Branch,Visa,0,1,2,7,46.1,27711.27,2751,0
8738,2024-10-07 04:00:34,4,0,0,455.2,Suburban Branch,RuPay,0,1,2,3,7.78,12599.43,1175,0
313,2024-10-06 18:44:28,18,6,1,20.61,Hospital,Visa,0,0,2,8,44.09,17626.44,1567,0
747,2024-03-19 15:59:27,15,1,0,135.02,University Campus,RuPay,0,1,3,7,47.47,13537.45,1333,0
3570,2024-11-13 16:02:00,16,2,0,325.13,Hospital,RuPay,1,1,2,7,5.71,1421.6,3343,0
791,2024-05-09 14:50:54,14,3,0,114.39,Gas Station,Amex,0,1,3,5,9.53,30241.3,594,0
2477,2024-10-10 08:40:25,8,3,0,47.37,University Campus,MasterCard,0,0,2,7,42.25,45487.85,1592,0
9326,2024-05-15 05:06:50,5,2,0,158.72,University Campus,MasterCard,0,1,2,4,6.05,18510.0,910,0
2571,2024-02-11 02:30:47,2,6,1,230.21,Remote Village,Amex,0,1,1,6,27.88,43920.56,2607,0
5287,2024-09-16 06:42:52,6,0,0,115.06,University Campus,MasterCard,0,1,3,5,42.63,27503.08,1294,0
5216,2024-04-24 22:07:52,22,2,0,479.99,Hospital,Visa,0,1,2,4,2.86,45140.55,2349,0
2164,2024-03-07 15:34:26,15,3,0,214.51,Downtown Branch,MasterCard,0,1,3,4,48.62,4446.19,3188,0
6578,2024-07-23 10:42:03,10,1,0,108.84,Gas Station,Visa,0,1,2,6,22.41,44628.94,302,0
8450,2024-02-24 05:14:48,5,5,1,192.7,Hospital,RuPay,0,1,3,1,40.3,17569.21,101,0
381,2024-04-21 07:27:01,7,6,1,348.03,Downtown Branch,RuPay,0,1,2,4,37.68,1712.09,3364,0
8509,2024-09-12 21:11:10,21,3,0,132.23,Train Station,Amex,0,1,1,7,0.25,46089.88,973,0
1293,2024-09-05 21:55:23,21,3,0,170.55,Downtown Branch,RuPay,0,1,2,7,9.41,48212.94,244,0
1913,2024-07-28 01:33:56,1,6,1,93.75,Hospital,Visa,0,1,2,5,44.68,5288.66,2417,0
600,2024-06-24 17:03:33,17,0,0,257.74,Downtown Branch,Visa,0,1,2,4,6.64,14859.94,2682,0
3893,2024-05-28 14:35:55,14,1,0,470.15,Gas Station,Amex,0,1,2,8,4.38,20927.89,181,0
4142,2024-05-11 10:24:38,10,5,1,87.27,Hotel Lobby,Amex,0,1,2,4,14.22,44449.35,2782,0
1653,2024-09-13 23:39:20,23,4,0,376.44,Train Station,RuPay,0,1,1,4,1.85,28637.0,1797,0
5225,2024-12-12 02:17:03,2,3,0,463.26,Hospital,Amex,1,1,3,5,46.78,19459.59,2263,0
1894,2024-12-25 11:46:12,11,2,0,146.58,Suburban Branch,Amex,0,1,2,3,39.43,23511.13,637,0
1945,2024-04-23 16:56:35,16,1,0,66.6,Remote Village,RuPay,0,1,2,5,21.6,28517.16,2088,0
3396,2024-01-12 00:05:45,0,4,0,486.8,Hotel Lobby,MasterCard,0,1,1,6,4.57,32505.24,664,0
5480,2024-07-19 23:45:35,23,4,0,116.08,Hospital,Amex,0,1,3,5,30.9,14874.29,2834,0
9770,2024-02-10 03:58:04,3,5,1,1919.86,Airport Terminal,Amex,4,1,5,29,4765.54,-323.22,110,1
376,2024-07-14 18:38:48,18,6,1,443.07,Remote Village,RuPay,0,1,1,5,19.89,17208.65,1234,0
1967,2024-08-24 17:48:12,17,5,1,302.02,Downtown Branch,MasterCard,0,1,1,1,26.61,27749.77,1994,0
3958,2024-01-06 07:36:26,7,5,1,151.66,Hotel Lobby,MasterCard,0,1,2,5,24.42,41906.9,1014,0
7136,2024-07-12 02:19:10,2,4,0,376.96,Airport Terminal,Visa,0,1,1,8,37.17,39924.74,79,0
7479,2024-03-24 17:17:02,17,6,1,142.82,Gas Station,Visa,0,1,1,1,32.71,35325.17,1755,0
4506,2024-07-13 05:17:41,5,5,1,470.63,Shopping Mall,Amex,0,1,3,1,19.24,24318.74,142,0
9581,2024-08-14 03:46:28,3,2,0,2157.81,Airport Terminal,Visa,4,1,7,5,693.25,-149.6,168,1
5289,2024-03-29 18:08:17,18,4,0,423.67,Downtown Branch,RuPay,0,1,2,6,9.63,2306.68,1236,0
1472,2024-07-25 04:03:31,4,3,0,207.53,Remote Village,Visa,0,1,3,4,21.75,47495.87,3307,0
3347,2024-11-23 07:49:01,7,5,1,350.31,University Campus,RuPay,0,1,2,2,0.93,33693.39,3322,0
6254,2024-03-28 12:08:59,12,3,0,112.13,University Campus,MasterCard,0,1,3,3,20.87,22739.88,2118,0
2854,2024-06-20 00:03:54,0,3,0,469.87,Hotel Lobby,RuPay,0,1,3,2,23.88,11526.88,1338,0
8989,2024-06-15 06:52:08,6,5,1,379.27,University Campus,Amex,0,1,2,4,23.75,49228.28,2569,0
9776,2024-04-06 01:47:36,1,5,1,956.88,Remote Village,MasterCard,3,0,15,24,988.2,644.22,98,1
6460,2024-01-12 09:14:14,9,4,0,385.08,Train Station,MasterCard,0,1,3,8,8.4,28147.05,179,0
4063,2024-10-20 22:33:06,22,6,1,72.62,Train Station,RuPay,0,1,2,2,36.94,8052.07,3213,0
5864,2024-10-31 03:56:14,3,3,0,250.91,University Campus,RuPay,1,1,1,7,35.56,38861.37,1193,0
4307,2024-06-18 22:00:44,22,1,0,70.49,Shopping Mall,RuPay,2,1,3,4,37.86,6495.2,2276,0
4878,2024-03-23 23:36:28,23,5,1,423.5,Downtown Branch,Amex,0,1,2,1,26.56,25635.09,1416,0
7250,2024-11-22 13:15:28,13,4,0,160.83,Hotel Lobby,MasterCard,1,1,1,6,23.68,6515.32,2757,0
5274,2024-06-29 12:39:53,12,5,1,475.11,Hospital,Amex,0,1,2,1,7.69,15338.11,3595,0
3991,2024-07-08 09:22:37,9,0,0,256.59,Train Station,RuPay,0,1,1,8,28.61,32641.31,142,0
1050,2024-08-01 10:07:47,10,3,0,86.13,Remote Village,MasterCard,0,0,2,6,9.68,21882.59,267,0
6176,2024-04-22 18:16:58,18,0,0,480.09,Gas Station,Visa,0,1,1,6,49.9,46105.67,1091,0
6927,2024-11-13 14:52:57,14,2,0,168.29,Gas Station,MasterCard,1,1,1,7,12.6,1540.01,3509,0
7865,2024-02-17 00:59:33,0,5,1,373.29,Shopping Mall,Amex,0,1,2,8,11.14,14908.46,2069,0
2036,2024-01-01 10:31:09,10,0,0,91.66,Shopping Mall,RuPay,1,1,2,2,24.84,34472.48,586,0
4040,2024-05-22 16:47:01,16,2,0,309.31,Hospital,MasterCard,0,1,3,5,7.71,28740.52,1218,0
6876,2024-02-24 00:22:03,0,5,1,143.73,Remote Village,MasterCard,0,0,3,7,48.89,48587.51,3386,0
9355,2024-11-26 02:54:19,2,1,0,54.36,Remote Village,RuPay,0,1,1,8,34.84,48326.5,561,0
1973,2024-12-21 16:50:41,16,5,1,483.43,Airport Terminal,RuPay,1,1,1,7,24.82,43705.05,2172,0
5073,2024-04-02 00:00:35,0,1,0,169.41,Airport Terminal,RuPay,0,0,1,8,2.4,41616.57,2764,0
2100,2024-12-22 01:23:05,1,6,1,154.24,Airport Terminal,MasterCard,0,1,2,3,28.16,39147.74,1804,0
1500,2024-06-06 11:57:10,11,3,0,303.55,Shopping Mall,Visa,0,1,3,2,48.36,12514.13,2942,0
9613,2024-08-14 23:38:10,23,2,0,236.87,University Campus,Amex,1,0,11,23,4313.76,1056.3,333,1
653,2024-06-15 06:37:49,6,5,1,185.67,Hotel Lobby,Visa,0,1,1,4,11.73,15673.77,377,0
171,2024-07-12 10:03:04,10,4,0,446.72,Gas Station,MasterCard,0,1,3,7,14.87,3741.35,275,0
4086,2024-12-19 22:31:17,22,3,0,66.51,University Campus,Visa,0,1,2,2,37.73,49113.84,2650,0
243,2024-07-30 03:08:26,3,1,0,37.65,Suburban Branch,MasterCard,1,1,1,2,38.45,32914.32,1484,0
5711,2024-11-02 02:41:12,2,5,1,56.22,Hospital,Visa,0,1,1,1,28.08,40240.63,932,0
6973,2024-01-23 12:09:14,12,1,0,395.94,Hospital,RuPay,0,1,2,8,33.91,4475.41,3071,0
2757,2024-03-10 10:30:46,10,6,1,272.99,Airport Terminal,Visa,0,1,1,3,34.06,36558.06,2717,0
6885,2024-11-11 19:28:29,19,0,0,338.81,Remote Village,MasterCard,0,1,1,2,25.26,32641.21,2214,0
5447,2024-04-22 10:32:51,10,0,0,48.98,Downtown Branch,Amex,1,1,3,8,24.39,16454.34,3521,0
2077,2024-07-09 12:34:26,12,1,0,262.67,Hospital,Visa,0,1,1,6,23.62,27635.3,1344,0
4104,2024-01-13 07:43:21,7,5,1,381.99,Airport Terminal,RuPay,0,1,2,4,39.49,46461.43,471,0
9560,2024-03-25 03:35:22,3,0,0,2148.24,Remote Village,Visa,5,1,6,7,1647.45,951.61,22,1
7572,2024-04-13 03:28:11,3,5,1,425.17,Hospital,MasterCard,2,1,2,8,9.07,12890.49,1123,0
9467,2024-06-16 16:30:28,16,6,1,260.07,Remote Village,MasterCard,1,1,3,3,29.66,43494.12,1813,0
4895,2024-05-26 18:32:22,18,6,1,65.0,Hotel Lobby,Visa,0,1,2,1,0.32,3211.77,114,0
6693,2024-01-15 09:48:45,9,0,0,151.51,Suburban Branch,Visa,0,1,1,7,20.45,16604.44,2715,0
8055,2024-12-11 00:54:34,0,2,0,108.77,Shopping Mall,Visa,0,1,1,6,40.34,25399.91,531,0
5390,2024-04-09 10:53:15,10,1,0,444.51,Gas Station,Visa,1,1,3,2,39.65,38471.19,1710,0
9374,2024-09-11 10:25:27,10,2,0,23.16,Suburban Branch,RuPay,1,1,1,4,25.69,16748.35,3453,0
8022,2024-06-08 07:37:14,7,5,1,355.31,Suburban Branch,MasterCard,0,1,1,1,37.5,4662.78,1607,0
8605,2024-06-23 03:54:43,3,6,1,277.04,Airport Terminal,Amex,0,1,1,7,43.49,41559.84,2032,0
4481,2024-09-04 21:33:05,21,2,0,106.03,Train Station,Visa,0,1,1,6,7.54,18063.33,2987,0
8327,2024-03-17 07:51:08,7,6,1,28.5,Hotel Lobby,Visa,0,1,3,7,3.41,29422.56,196,0
4079,2024-02-05 04:29:30,4,0,0,104.66,Hotel Lobby,Visa,0,1,1,1,26.61,20805.58,3073,0
641,2024-05-07 10:15:26,10,1,0,256.98,Train Station,RuPay,0,1,2,8,11.29,20423.38,3533,0
1271,2024-08-31 14:26:28,14,5,1,296.22,Hospital,Amex,1,1,3,6,40.17,13251.51,1546,0
2779,2024-03-12 14:14:07,14,1,0,413.4,Airport Terminal,Visa,0,1,2,7,28.58,39419.18,3629,0
9498,2024-06-04 14:12:16,14,1,0,197.75,Suburban Branch,RuPay,0,1,2,4,25.59,38311.98,781,0
3862,2024-09-30 12:08:44,12,0,0,87.44,Remote Village,MasterCard,0,1,3,1,34.31,959.16,1838,0
3481,2024-11-28 02:21:40,2,3,0,305.74,Gas Station,Amex,0,1,2,3,3.06,44218.86,2197,0
1535,2024-01-11 04:40:49,4,3,0,41.19,Gas Station,Amex,0,1,2,6,31.83,4525.56,2995,0
326,2024-12-22 04:34:06,4,6,1,439.26,Remote Village,Visa,0,1,2,2,20.72,7495.17,2438,0
2339,2024-02-19 23:48:14,23,0,0,85.13,Downtown Branch,MasterCard,0,1,2,4,43.45,29396.6,784,0
3981,2024-06-22 08:30:01,8,5,1,52.45,University Campus,MasterCard,0,1,2,5,13.5,29968.54,2320,0
6878,2024-03-08 17:29:42,17,4,0,91.1,Downtown Branch,RuPay,1,1,1,8,2.76,38770.94,3113,0
4055,2024-02-02 09:35:58,9,4,0,423.9,Airport Terminal,MasterCard,1,1,2,3,20.69,3929.78,3302,0
2238,2024-06-17 19:57:05,19,0,0,482.92,Hospital,MasterCard,1,1,2,6,19.42,6240.46,992,0
7107,2024-04-27 02:00:51,2,5,1,40.24,University Campus,RuPay,0,1,3,5,38.89,108.55,422,0
9669,2024-10-10 01:19:23,1,3,0,1242.9,Remote Village,RuPay,5,0,6,15,476.53,1422.63,361,1
4746,2024-06-09 21:18:48,21,6,1,243.65,Hospital,MasterCard,0,1,1,7,41.3,16004.0,1017,0
865,2024-01-09 22:37:29,22,1,0,301.69,Train Station,RuPay,2,1,3,2,39.72,9136.72,2013,0
6204,2024-06-11 15:29:26,15,1,0,87.7,Gas Station,MasterCard,0,1,3,2,4.51,21033.67,3613,0
5509,2024-12-18 07:42:12,7,2,0,270.53,Remote Village,RuPay,1,1,2,4,43.71,4797.73,189,0
7430,2024-01-13 19:43:15,19,5,1,330.72,Downtown Branch,MasterCard,0,1,1,3,20.92,297.42,1665,0
372,2024-12-14 07:30:02,7,5,1,98.79,Hospital,MasterCard,0,1,3,4,9.38,46517.79,1639,0
6297,2024-02-12 22:01:36,22,0,0,86.37,Hospital,MasterCard,1,1,2,7,11.43,4554.25,1916,0
5552,2024-03-19 01:17:11,1,1,0,463.66,Gas Station,Visa,0,1,3,7,5.2,9059.44,1405,0
5724,2024-01-05 20:09:58,20,4,0,255.96,Remote Village,Amex,0,1,2,3,3.59,20874.07,910,0
5900,2024-08-08 20:46:34,20,3,0,387.89,Hotel Lobby,MasterCard,0,1,2,3,39.47,24025.95,2709,0
9288,2024-08-25 04:42:31,4,6,1,116.17,Airport Terminal,RuPay,0,1,2,3,38.94,12221.86,1890,0
7872,2024-07-31 08:22:45,8,2,0,199.15,Remote Village,Visa,0,1,2,4,7.61,25819.55,3181,0
2365,2024-01-29 16:55:23,16,0,0,497.11,Airport Terminal,Visa,1,1,1,5,28.92,35547.82,2745,0
3214,2024-02-16 06:08:39,6,4,0,445.49,Gas Station,Amex,0,1,1,8,26.39,38091.46,2818,0
912,2024-11-15 23:36:03,23,4,0,190.63,Gas Station,Amex,0,1,1,2,36.13,34436.96,2708,0
9048,2024-05-05 06:11:09,6,6,1,412.03,Downtown Branch,RuPay,0,1,3,3,47.08,29937.4,732,0
9791,2024-01-24 04:13:17,4,2,0,4088.74,Airport Terminal,Visa,4,1,10,7,1403.16,1398.64,236,1
7290,2024-09-07 23:36:30,23,5,1,479.44,Downtown Branch,Amex,0,1,1,3,3.26,20392.74,598,0
9959,2024-07-22 21:21:42,21,0,0,203.8,Suburban Branch,Amex,2,0,14,15,1099.11,200.54,69,1
6537,2024-04-06 11:25:15,11,5,1,201.29,Shopping Mall,Amex,0,1,2,4,9.44,37060.45,1612,0
9193,2024-09-03 18:12:18,18,1,0,216.39,University Campus,Amex,0,1,1,3,8.92,21072.77,1477,0
1424,2024-06-22 06:33:40,6,5,1,122.43,Airport Terminal,RuPay,0,1,2,8,7.52,44417.11,3514,0
9808,2024-09-29 04:57:19,4,6,1,221.01,Airport Terminal,MasterCard,0,1,10,13,374.11,472.35,132,1
480,2024-03-16 00:00:13,0,5,1,272.57,Shopping Mall,Amex,0,1,3,7,37.31,38337.54,2391,0
663,2024-04-09 14:15:21,14,1,0,349.69,University Campus,RuPay,0,1,1,1,12.28,41378.72,1931,0
4477,2024-11-10 22:42:03,22,6,1,355.74,University Campus,RuPay,0,1,2,3,25.72,20641.56,578,0
8983,2024-04-23 13:41:45,13,1,0,74.19,Airport Terminal,Amex,0,1,2,1,9.12,25182.68,750,0
8078,2024-09-10 03:19:31,3,1,0,357.03,Train Station,Amex,0,1,3,8,37.25,40453.86,185,0
2989,2024-01-12 06:51:40,6,4,0,366.74,Suburban Branch,Visa,0,0,2,8,28.05,41574.98,1822,0
1120,2024-04-18 17:39:15,17,3,0,105.6,Shopping Mall,Amex,0,1,3,7,16.51,38621.74,2455,0
2777,2024-02-18 21:23:12,21,6,1,195.66,Downtown Branch,Amex,0,1,3,4,2.65,38047.69,2970,0
9836,2024-04-05 22:15:45,22,4,0,138.21,Shopping Mall,MasterCard,1,0,14,6,3527.23,657.83,353,1
5004,2024-01-03 23:51:06,23,2,0,120.57,Shopping Mall,Amex,0,1,2,8,1.28,34283.99,1956,0
6650,2024-03-10 03:08:06,3,6,1,315.15,Hotel Lobby,Visa,0,1,3,7,4.57,19167.57,1358,0
7255,2024-11-05 14:53:57,14,1,0,91.96,Shopping Mall,RuPay,1,1,1,2,39.34,36037.16,1507,0
4428,2024-12-01 16:29:50,16,6,1,126.75,Airport Terminal,Amex,0,1,3,4,47.03,15737.78,1055,0
7432,2024-08-14 04:52:51,4,2,0,45.99,University Campus,Amex,0,1,2,7,11.17,14106.09,1672,0
3982,2024-07-28 20:04:31,20,6,1,21.49,Gas Station,MasterCard,0,0,2,4,27.19,4876.33,3278,0
6352,2024-11-23 05:49:34,5,5,1,344.61,Suburban Branch,RuPay,1,1,3,7,30.89,34437.32,2970,0
2894,2024-01-03 08:35:15,8,2,0,172.57,Remote Village,Visa,0,0,2,7,4.94,35970.0,829,0
2670,2024-11-02 18:29:05,18,5,1,316.21,Gas Station,Amex,0,1,2,7,17.78,15982.85,3173,0
3978,2024-11-01 00:00:45,0,4,0,139.65,Train Station,MasterCard,0,1,3,5,10.36,41565.22,459,0
5260,2024-07-12 11:44:08,11,4,0,419.17,Shopping Mall,RuPay,0,1,2,5,44.88,40924.06,1260,0
280,2024-09-15 16:18:41,16,6,1,376.01,Airport Terminal,Amex,0,1,1,1,8.19,47655.51,2172,0
6731,2024-05-21 00:09:23,0,1,0,332.69,Downtown Branch,MasterCard,0,1,1,2,34.45,44118.02,1703,0
6105,2024-03-13 03:54:52,3,2,0,308.19,Remote Village,MasterCard,0,1,1,4,32.6,33840.29,2843,0
7021,2024-03-30 17:08:03,17,5,1,256.85,Hotel Lobby,Visa,0,1,2,7,6.6,24452.17,997,0
1695,2024-04-13 06:32:14,6,5,1,276.62,Suburban Branch,MasterCard,0,1,1,7,6.87,13000.73,1994,0
8913,2024-03-17 20:13:08,20,6,1,374.82,Shopping Mall,RuPay,0,1,1,6,16.78,7393.22,1317,0
3480,2024-05-28 20:15:00,20,1,0,81.55,Suburban Branch,Amex,0,1,2,1,11.75,32195.93,1315,0
4417,2024-10-10 06:12:03,6,3,0,164.88,Remote Village,MasterCard,0,1,3,3,29.19,16846.4,1752,0
7593,2024-02-05 21:03:17,21,0,0,43.52,Suburban Branch,RuPay,0,1,1,1,20.06,5886.25,1240,0
6283,2024-10-04 01:09:46,1,4,0,336.43,University Campus,MasterCard,1,1,3,5,40.72,17033.74,1867,0
5604,2024-07-23 20:52:02,20,1,0,466.85,Gas Station,Visa,1,1,1,4,20.41,23426.34,498,0
8620,2024-05-02 06:12:07,6,3,0,424.89,Hotel Lobby,Amex,0,1,1,2,30.51,31592.57,1530,0
7781,2024-07-10 20:59:09,20,2,0,224.7,Hotel Lobby,MasterCard,0,1,1,1,29.09,5682.08,3115,0
4297,2024-08-03 12:49:02,12,5,1,408.75,University Campus,Visa,0,1,2,3,44.4,8152.12,2026,0
4594,2024-07-25 11:49:33,11,3,0,330.8,Hotel Lobby,RuPay,0,1,3,7,48.21,9123.88,942,0
4845,2024-03-01 07:05:10,7,4,0,56.69,Airport Terminal,MasterCard,1,1,2,8,17.01,26394.02,2550,0
2210,2024-03-10 05:02:51,5,6,1,59.09,University Campus,MasterCard,0,1,2,3,38.36,36946.94,193,0
7606,2024-10-28 00:17:54,0,0,0,300.84,Airport Terminal,MasterCard,0,1,1,6,29.52,43704.23,381,0
5502,2024-02-13 10:48:30,10,1,0,40.71,Gas Station,RuPay,0,1,2,1,39.27,24598.66,539,0
185,2024-09-14 04:24:04,4,5,1,249.62,Shopping Mall,Amex,0,1,3,6,27.31,33825.84,3583,0
4801,2024-12-24 14:32:06,14,1,0,154.42,Airport Terminal,Amex,0,1,3,1,15.65,6953.69,3484,0
4846,2024-07-08 09:28:16,9,0,0,252.75,Shopping Mall,MasterCard,1,1,2,2,49.93,12642.82,650,0
2351,2024-09-05 22:07:15,22,3,0,239.68,Hospital,Amex,0,1,3,4,16.2,10703.87,2730,0
554,2024-11-22 05:01:10,5,4,0,220.27,Shopping Mall,RuPay,0,1,1,1,7.2,44255.95,2724,0
1398,2024-05-12 01:41:09,1,6,1,435.47,Train Station,Visa,0,1,2,2,5.08,7046.34,3062,0
1385,2024-10-14 06:36:31,6,0,0,128.86,Hotel Lobby,RuPay,0,1,2,6,27.42,19808.53,2720,0
9183,2024-02-03 19:28:50,19,5,1,85.1,Hospital,RuPay,0,1,3,4,27.28,44549.18,652,0
9818,2024-12-10 03:47:39,3,1,0,4629.95,Remote Village,MasterCard,3,0,13,7,1424.02,766.88,199,1
298,2024-12-17 11:56:17,11,1,0,426.69,Airport Terminal,RuPay,0,1,2,1,8.4,28736.82,3395,0
444,2024-05-22 02:39:37,2,2,0,108.28,Hospital,MasterCard,0,1,2,6,42.72,14053.51,766,0
7339,2024-07-27 02:30:57,2,5,1,153.03,Suburban Branch,MasterCard,0,1,2,5,38.53,36388.44,1705,0
2078,2024-02-23 03:12:54,3,4,0,282.08,Train Station,RuPay,0,1,2,2,6.7,29654.54,3163,0
7816,2024-07-24 07:11:12,7,2,0,304.45,Train Station,RuPay,0,1,1,5,32.44,19304.64,3397,0
2230,2024-09-01 21:49:13,21,6,1,289.31,Remote Village,Amex,0,1,3,6,26.47,14241.34,3466,0
2843,2024-12-14 19:40:23,19,5,1,331.82,Airport Terminal,RuPay,0,1,1,8,39.9,296.04,324,0
2538,2024-01-19 08:13:25,8,4,0,134.12,Gas Station,Amex,0,1,3,4,13.66,34273.72,1911,0
8146,2024-11-19 14:05:34,14,1,0,280.92,Suburban Branch,Visa,0,1,2,3,23.6,25754.5,2387,0
9537,2024-10-21 03:50:16,3,0,0,967.94,Remote Village,RuPay,3,0,10,19,3403.87,865.32,264,1
6444,2024-08-14 10:53:07,10,2,0,471.85,Gas Station,Amex,0,1,2,2,7.98,4027.0,692,0
3368,2024-06-13 21:40:09,21,3,0,324.52,Train Station,RuPay,0,1,3,4,9.19,3305.12,2356,0
4487,2024-03-26 00:36:49,0,1,0,180.54,Hospital,MasterCard,1,1,2,2,26.29,7776.64,1097,0
2579,2024-04-28 16:40:38,16,6,1,83.65,Shopping Mall,MasterCard,0,1,2,2,34.42,26308.01,3273,0
1132,2024-12-14 15:30:37,15,5,1,360.47,Remote Village,Visa,1,1,2,1,47.03,20218.34,3461,0
4819,2024-05-27 12:42:47,12,0,0,426.96,Hotel Lobby,RuPay,0,1,2,3,24.22,36879.36,2869,0
321,2024-10-19 03:20:22,3,5,1,354.31,Hotel Lobby,RuPay,0,1,2,4,27.68,42055.78,3382,0
1372,2024-04-16 12:01:16,12,1,0,466.48,Hospital,RuPay,0,1,1,2,2.68,10843.9,811,0
4043,2024-12-05 12:08:08,12,3,0,235.31,Airport Terminal,Visa,0,0,3,4,40.7,20111.45,1495,0
9126,2024-03-06 12:21:53,12,2,0,378.17,Train Station,Amex,0,1,2,1,40.39,40303.57,3543,0
5146,2024-03-13 19:36:08,19,2,0,457.38,Gas Station,RuPay,0,1,2,4,19.38,20967.13,2683,0
908,2024-03-21 08:40:37,8,3,0,108.35,University Campus,Amex,0,1,1,8,25.19,36056.9,1090,0
9427,2024-01-10 12:18:46,12,2,0,172.09,Gas Station,Amex,1,1,3,5,6.58,44531.97,2282,0
3951,2024-02-26 02:46:49,2,0,0,151.88,Shopping Mall,Visa,0,1,1,7,44.73,44127.15,547,0
6146,2024-08-16 04:32:46,4,4,0,208.32,Train Station,MasterCard,0,1,1,8,10.74,37652.11,2059,0
8887,2024-06-22 12:33:26,12,5,1,90.25,Remote Village,MasterCard,0,1,1,6,20.58,42833.47,3595,0
6696,2024-01-06 20:53:07,20,5,1,194.1,Suburban Branch,RuPay,0,1,2,4,7.51,23217.31,388,0
4978,2024-09-14 23:50:07,23,5,1,25.17,Gas Station,RuPay,0,1,3,6,4.82,47314.29,1122,0
6093,2024-06-04 01:24:23,1,1,0,162.8,Train Station,Amex,0,1,1,2,27.12,49870.23,3564,0
8409,2024-07-26 11:46:08,11,4,0,102.14,University Campus,RuPay,0,1,1,1,17.55,11114.7,1577,0
927,2024-05-28 19:32:42,19,1,0,220.96,Suburban Branch,MasterCard,0,1,3,4,19.23,29090.1,1757,0
6144,2024-05-05 21:24:16,21,6,1,339.74,Hotel Lobby,Amex,0,1,3,8,49.71,2349.36,620,0
16,2024-03-23 06:06:08,6,5,1,465.88,University Campus,MasterCard,0,1,2,6,21.91,25927.03,525,0
144,2024-04-20 16:58:47,16,5,1,60.26,Train Station,RuPay,0,1,1,7,4.59,45534.2,3375,0
2364,2024-04-19 07:16:29,7,4,0,41.88,Gas Station,Visa,0,1,1,2,43.25,24731.83,916,0
130,2024-03-09 19:07:17,19,5,1,476.62,Train Station,Amex,0,1,3,8,34.06,44114.2,2663,0
1162,2024-06-26 21:09:25,21,2,0,350.72,Suburban Branch,Visa,0,1,1,2,16.33,2010.54,2525,0
7552,2024-09-04 01:08:08,1,2,0,434.68,Downtown Branch,Visa,0,1,1,8,20.05,35394.99,2411,0
6130,2024-11-10 05:06:55,5,6,1,380.15,Train Station,MasterCard,0,1,2,7,41.21,46041.12,159,0
4666,2024-09-13 13:10:48,13,4,0,80.91,Gas Station,RuPay,0,1,2,8,30.63,36827.94,2152,0
5661,2024-03-28 16:38:13,16,3,0,180.36,University Campus,RuPay,0,1,1,4,42.31,49321.35,3287,0
6461,2024-02-23 03:46:21,3,4,0,208.79,Gas Station,Visa,0,1,2,7,14.28,25416.71,1368,0
1877,2024-05-09 10:45:11,10,3,0,432.07,Suburban Branch,RuPay,1,1,2,4,16.54,16935.35,2805,0
2489,2024-06-21 09:00:42,9,4,0,267.07,Downtown Branch,Amex,0,1,3,4,22.38,19914.39,1648,0
5328,2024-01-13 13:34:31,13,5,1,170.33,Gas Station,Amex,0,1,3,2,23.68,14838.66,2006,0
9362,2024-08-24 10:53:28,10,5,1,98.83,Shopping Mall,MasterCard,0,1,3,8,11.91,22596.03,1250,0
1183,2024-06-19 07:18:47,7,2,0,250.79,Gas Station,RuPay,0,1,3,1,18.17,35859.57,2125,0
6136,2024-11-08 20:05:16,20,4,0,228.15,Downtown Branch,Visa,0,1,1,8,32.11,14988.94,3254,0
6378,2024-10-31 13:40:15,13,3,0,69.64,Remote Village,MasterCard,0,1,1,4,46.71,21049.48,3239,0
1171,2024-04-28 01:47:25,1,6,1,160.08,Train Station,Visa,0,1,3,3,31.21,28288.13,1731,0
2183,2024-07-12 13:32:44,13,4,0,139.41,Hospital,RuPay,0,1,1,3,11.54,2018.17,1681,0
3372,2024-02-21 17:07:20,17,2,0,42.72,Shopping Mall,RuPay,0,1,1,4,29.84,17931.3,3122,0
8041,2024-05-04 20:22:03,20,5,1,152.37,University Campus,RuPay,1,1,2,5,29.16,23909.77,3150,0
1860,2024-05-07 16:47:03,16,1,0,168.21,Suburban Branch,MasterCard,0,1,3,6,9.08,6321.99,217,0
4861,2024-02-03 02:40:54,2,5,1,63.21,Train Station,Visa,0,1,3,6,5.34,20343.93,3529,0
9256,2024-07-03 16:34:20,16,2,0,143.33,Downtown Branch,MasterCard,1,1,3,4,33.54,21866.97,208,0
8346,2024-05-01 18:35:58,18,2,0,412.3,Gas Station,MasterCard,1,1,2,7,18.98,46633.79,1259,0
7348,2024-08-31 20:56:22,20,5,1,417.99,Train Station,MasterCard,0,1,1,6,24.52,29716.21,3012,0
4865,2024-08-01 02:10:01,2,3,0,149.66,Airport Terminal,RuPay,0,1,3,5,40.1,18368.5,335,0
9887,2024-03-26 10:46:21,10,1,0,129.45,Airport Terminal,Visa,2,1,5,17,4425.55,-454.41,127,1
6389,2024-08-19 17:47:03,17,0,0,213.59,Suburban Branch,MasterCard,0,1,1,7,15.6,29855.25,2710,0
3122,2024-01-29 19:50:03,19,0,0,385.95,Hotel Lobby,Amex,0,1,1,1,28.13,47106.42,3190,0
388,2024-07-23 01:02:13,1,1,0,125.58,Airport Terminal,MasterCard,0,1,1,7,27.15,20230.51,1461,0
7786,2024-09-29 20:35:10,20,6,1,171.45,Suburban Branch,Visa,0,1,2,1,42.29,22116.83,2508,0
1033,2024-05-15 11:22:09,11,2,0,453.22,Suburban Branch,RuPay,0,1,3,3,17.59,35988.53,1419,0
7853,2024-12-13 11:10:47,11,4,0,253.54,Hospital,RuPay,0,1,2,4,48.44,4653.92,1318,0
5419,2024-04-23 14:46:20,14,1,0,489.46,Train Station,MasterCard,0,1,2,5,11.4,10938.56,3020,0
932,2024-02-28 03:27:56,3,2,0,387.4,Shopping Mall,Visa,0,1,3,5,23.51,36155.62,1848,0
4020,2024-08-12 00:46:44,0,0,0,335.75,Airport Terminal,Amex,0,1,3,8,42.27,42356.91,2204,0
692,2024-03-11 03:49:34,3,0,0,420.78,Gas Station,MasterCard,0,1,3,4,29.18,48584.2,2184,0
5299,2024-11-23 07:35:05,7,5,1,131.6,Suburban Branch,RuPay,2,1,1,3,22.03,49427.88,1884,0
6659,2024-01-22 23:50:15,23,0,0,263.82,Remote Village,RuPay,2,1,1,1,23.49,7887.52,2337,0
830,2024-09-05 23:00:25,23,3,0,494.01,Downtown Branch,RuPay,0,0,1,7,46.61,8201.88,3155,0
3499,2024-03-05 08:25:19,8,1,0,285.32,Train Station,MasterCard,0,1,1,5,13.71,21115.75,917,0
2082,2024-11-08 19:53:15,19,4,0,146.52,Suburban Branch,RuPay,0,0,1,8,33.23,3153.95,430,0
9441,2024-10-01 12:03:39,12,1,0,77.99,Hotel Lobby,RuPay,0,1,3,2,31.61,27064.68,1766,0
45,2024-02-27 07:27:52,7,1,0,334.91,Airport Terminal,Visa,0,1,1,3,40.21,34826.0,1932,0
3940,2024-09-26 13:27:50,13,3,0,400.34,Shopping Mall,Visa,0,1,1,6,26.35,47199.52,2170,0
5258,2024-12-20 00:05:34,0,4,0,85.37,Airport Terminal,Visa,0,1,2,4,36.77,8503.23,873,0
8438,2024-06-02 16:00:17,16,6,1,218.17,Downtown Branch,MasterCard,0,1,3,7,49.63,43827.02,1483,0
4320,2024-09-19 15:04:55,15,3,0,246.06,Gas Station,Amex,0,1,1,2,44.37,20236.34,1866,0
2966,2024-05-18 15:09:46,15,5,1,416.84,Suburban Branch,Visa,0,1,1,8,36.16,10008.13,1156,0
3970,2024-03-31 07:16:22,7,6,1,355.78,Shopping Mall,MasterCard,1,1,1,5,36.12,692.08,1064,0
1188,2024-07-03 13:58:32,13,2,0,362.28,Shopping Mall,Amex,0,1,3,3,7.33,14687.41,1603,0
285,2024-04-15 08:18:26,8,0,0,416.48,Airport Terminal,RuPay,0,1,1,3,11.16,25837.13,218,0
8874,2024-02-03 21:33:33,21,5,1,189.04,University Campus,MasterCard,0,1,3,2,48.34,19142.69,3253,0
4160,2024-02-20 11:42:20,11,1,0,225.16,Downtown Branch,MasterCard,0,1,2,1,12.77,24605.32,2001,0
3093,2024-12-11 20:47:02,20,2,0,370.74,Hotel Lobby,Amex,0,1,1,8,19.06,7719.93,1362,0
4557,2024-06-23 17:32:45,17,6,1,232.37,Airport Terminal,Visa,0,0,2,7,21.94,18630.35,2868,0
4585,2024-05-09 17:33:39,17,3,0,20.28,University Campus,RuPay,0,0,2,8,39.77,42529.71,2619,0
4324,2024-09-13 07:33:55,7,4,0,184.58,Train Station,RuPay,2,1,1,3,14.66,34711.6,1572,0
5505,2024-10-29 16:30:57,16,1,0,173.67,Downtown Branch,Visa,0,0,1,4,2.74,42024.15,2117,0
7075,2024-01-02 20:01:42,20,1,0,342.15,Suburban Branch,MasterCard,0,1,3,7,29.81,24112.53,3243,0
3365,2024-03-03 21:42:22,21,6,1,487.51,Hospital,Visa,0,1,2,5,33.67,1414.71,992,0
8026,2024-06-07 23:50:51,23,4,0,355.97,Hotel Lobby,Amex,0,1,3,1,10.7,9823.33,3516,0
3196,2024-11-27 12:46:10,12,2,0,232.81,Hotel Lobby,RuPay,0,1,3,3,12.66,38755.17,1018,0
8811,2024-07-19 17:40:14,17,4,0,79.2,Hospital,MasterCard,0,1,2,6,6.42,49361.04,3403,0
970,2024-05-05 05:01:44,5,6,1,117.81,Hospital,RuPay,0,1,3,3,1.39,35408.04,352,0
3735,2024-01-13 10:43:25,10,5,1,146.57,Train Station,RuPay,1,0,3,7,22.46,45654.21,625,0
926,2024-02-19 12:43:09,12,0,0,107.3,Hotel Lobby,MasterCard,0,1,2,7,30.09,31866.55,596,0
9497,2024-02-07 17:27:30,17,2,0,377.62,Airport Terminal,RuPay,1,1,3,7,29.14,22057.88,807,0
6452,2024-01-27 19:26:05,19,5,1,461.48,Suburban Branch,Amex,0,1,2,2,24.3,19322.25,2429,0
8798,2024-06-22 04:22:18,4,5,1,384.76,Airport Terminal,MasterCard,0,1,1,3,14.4,48268.25,88,0
2852,2024-11-24 11:24:15,11,6,1,272.51,University Campus,Visa,1,1,1,8,32.94,19462.21,1886,0
5181,2024-09-27 18:47:51,18,4,0,163.07,Gas Station,Amex,0,1,1,5,36.9,1143.38,3143,0
6724,2024-03-20 21:59:49,21,2,0,45.93,University Campus,Amex,0,1,1,7,39.34,7463.53,2514,0
9323,2024-09-13 03:17:50,3,4,0,323.07,Suburban Branch,Visa,0,1,1,2,34.95,45646.88,3073,0
7811,2024-05-28 09:50:32,9,1,0,280.67,Gas Station,RuPay,0,1,3,5,25.32,16002.64,1643,0
4472,2024-09-14 13:57:13,13,5,1,51.1,Downtown Branch,Amex,2,1,3,8,14.96,7083.09,2603,0
5169,2024-02-21 12:59:31,12,2,0,135.45,Train Station,Visa,0,1,3,6,24.14,33270.08,343,0
4349,2024-02-25 07:23:26,7,6,1,377.23,Gas Station,RuPay,0,1,3,7,15.16,30541.08,1678,0
7904,2024-08-10 22:49:45,22,5,1,357.17,Hospital,Amex,0,1,2,1,47.09,26234.13,3366,0
3627,2024-08-09 15:20:32,15,4,0,440.03,Shopping Mall,Visa,2,1,3,2,21.1,6744.04,47,0
1790,2024-01-28 02:03:40,2,6,1,27.31,Remote Village,RuPay,0,1,2,1,17.81,380.37,3160,0
8294,2024-02-27 06:04:23,6,1,0,471.5,Hospital,RuPay,0,1,3,1,41.76,5747.45,2993,0
2060,2024-04-25 15:49:40,15,3,0,461.11,Airport Terminal,RuPay,0,1,3,8,37.38,29525.73,1941,0
4014,2024-12-21 12:35:54,12,5,1,420.52,Remote Village,Amex,2,0,1,1,28.72,15545.85,1421,0
1903,2024-04-28 08:19:11,8,6,1,261.06,Suburban Branch,Visa,0,1,2,1,13.55,1138.4,710,0
5574,2024-09-04 22:32:56,22,2,0,34.31,University Campus,RuPay,0,1,1,5,5.32,14081.83,3031,0
6926,2024-05-07 12:00:41,12,1,0,318.91,Remote Village,RuPay,2,1,2,1,43.84,44663.4,1890,0
76,2024-08-22 11:01:08,11,3,0,140.18,Remote Village,RuPay,0,1,1,5,28.81,38179.14,747,0
2346,2024-09-24 07:57:37,7,1,0,105.23,Hospital,MasterCard,0,1,2,2,13.38,38225.13,1627,0
5485,2024-06-03 20:21:16,20,0,0,319.25,Hotel Lobby,RuPay,0,1,1,3,35.84,7559.0,711,0
431,2024-09-11 09:13:14,9,2,0,20.14,Gas Station,Visa,0,1,2,7,20.27,10095.49,92,0
4587,2024-02-02 19:55:24,19,4,0,497.64,Airport Terminal,Visa,0,1,3,4,7.49,15867.82,1732,0
8100,2024-09-09 02:42:32,2,0,0,465.67,Downtown Branch,Visa,0,1,3,5,22.86,7364.66,822,0
8458,2024-03-31 19:01:25,19,6,1,281.98,Shopping Mall,RuPay,2,0,2,5,5.34,23264.71,1395,0
8157,2024-01-26 20:19:23,20,4,0,436.8,Shopping Mall,MasterCard,0,1,3,8,10.67,16565.87,3457,0
7894,2024-07-11 11:16:56,11,3,0,188.33,Train Station,RuPay,0,1,2,1,2.87,7747.91,1690,0
1554,2024-11-21 06:58:03,6,3,0,306.65,University Campus,Amex,1,1,2,8,31.84,24917.85,3017,0
241,2024-06-19 06:41:46,6,2,0,402.89,Airport Terminal,MasterCard,0,1,2,8,6.96,15211.35,1064,0
784,2024-12-04 23:33:56,23,2,0,80.7,Remote Village,Visa,0,1,1,2,39.23,39570.76,2548,0
3067,2024-08-01 19:58:36,19,3,0,485.08,Hospital,Visa,0,1,3,1,30.73,33325.63,1717,0
978,2024-03-26 08:19:19,8,1,0,60.05,Shopping Mall,Amex,0,1,2,4,47.66,17492.81,2288,0
2942,2024-09-26 20:43:18,20,3,0,140.29,Suburban Branch,RuPay,0,1,2,1,40.52,34983.83,1146,0
5378,2024-10-08 15:25:38,15,1,0,360.78,Remote Village,Amex,0,1,2,4,11.64,32744.08,1762,0
4731,2024-07-27 16:21:07,16,5,1,146.28,Hotel Lobby,Amex,0,1,2,4,21.63,34783.51,3543,0
1621,2024-08-06 01:25:30,1,1,0,48.87,Shopping Mall,Amex,0,1,1,5,18.05,11827.0,2136,0
2147,2024-01-02 05:56:47,5,1,0,305.9,Hotel Lobby,RuPay,0,1,2,8,37.1,13469.05,404,0
1802,2024-03-09 23:39:09,23,5,1,284.58,Suburban Branch,Visa,0,1,1,3,33.12,7858.8,1062,0
2096,2024-02-10 05:17:56,5,5,1,421.06,Downtown Branch,Visa,1,1,1,3,1.48,9091.12,1722,0
6075,2024-10-06 02:17:50,2,6,1,492.99,Suburban Branch,Visa,0,1,2,6,10.99,10084.56,282,0
5246,2024-06-14 19:51:01,19,4,0,88.0,University Campus,Amex,0,1,3,3,12.97,15012.98,3508,0
1358,2024-08-01 15:33:23,15,3,0,32.22,Hotel Lobby,Visa,0,1,2,1,32.18,16268.31,3128,0
8064,2024-12-05 07:24:00,7,3,0,496.02,Airport Terminal,Visa,0,1,2,4,38.45,19960.93,3092,0
6051,2024-02-25 12:37:27,12,6,1,162.87,Gas Station,RuPay,0,1,3,3,6.41,6477.99,2877,0
8369,2024-08-28 00:07:17,0,2,0,278.72,Downtown Branch,Amex,0,1,1,6,0.85,39137.62,3246,0
6018,2024-09-27 05:34:33,5,4,0,477.02,Gas Station,Amex,0,1,1,2,49.39,48681.41,3146,0
9932,2024-07-21 02:42:58,2,6,1,1520.74,Airport Terminal,MasterCard,3,1,9,18,2825.0,703.86,67,1
8770,2024-12-28 04:11:06,4,5,1,66.35,Shopping Mall,MasterCard,1,1,1,5,6.49,48094.17,437,0
7504,2024-02-19 19:17:19,19,0,0,452.05,Remote Village,MasterCard,0,1,3,7,16.02,16604.21,2812,0
1610,2024-11-16 23:14:38,23,5,1,411.31,University Campus,MasterCard,0,1,1,5,39.48,41532.39,940,0
3097,2024-10-12 22:49:32,22,5,1,407.2,University Campus,RuPay,0,1,2,4,34.14,48651.38,1467,0
9772,2024-04-06 21:18:22,21,5,1,220.64,Remote Village,Amex,1,1,5,6,2987.15,1973.66,83,1
2416,2024-02-02 04:09:36,4,4,0,481.94,Train Station,Amex,0,1,3,2,14.24,18904.54,1836,0
2018,2024-03-07 07:18:52,7,3,0,406.6,Hospital,Amex,0,0,3,5,36.63,40136.45,1724,0
6019,2024-03-12 14:16:16,14,1,0,349.45,Remote Village,MasterCard,0,1,3,7,29.39,17270.02,419,0
4126,2024-02-22 09:00:32,9,3,0,35.37,Downtown Branch,Visa,0,1,2,5,35.75,20108.58,85,0
9803,2024-04-08 03:09:57,3,0,0,4323.43,Remote Village,MasterCard,5,0,9,8,2816.29,697.51,150,1
3247,2024-03-27 15:08:24,15,2,0,207.67,Downtown Branch,Visa,0,1,3,4,43.52,33444.66,1751,0
125,2024-07-25 20:01:38,20,3,0,357.76,Hotel Lobby,Amex,0,1,3,1,21.81,23041.74,348,0
6426,2024-01-14 08:53:07,8,6,1,89.34,Airport Terminal,RuPay,2,1,1,7,46.82,8759.32,2011,0
5309,2024-09-27 19:43:16,19,4,0,343.18,Suburban Branch,Visa,0,1,1,3,42.14,18856.11,1758,0
7464,2024-06-29 01:12:44,1,5,1,489.33,Gas Station,MasterCard,1,1,3,6,19.23,10650.3,3287,0
9158,2024-01-05 08:36:24,8,4,0,484.74,University Campus,Visa,1,1,2,5,44.13,37643.03,3047,0
3342,2024-12-10 13:24:33,13,1,0,483.03,Suburban Branch,Amex,0,1,3,1,36.36,7462.82,3005,0
599,2024-12-20 20:48:40,20,4,0,295.38,Downtown Branch,Visa,0,1,2,1,21.28,19776.58,3346,0
2124,2024-07-10 07:43:14,7,2,0,39.89,Hospital,RuPay,0,1,1,4,44.03,37901.93,2442,0
9499,2024-11-27 12:44:56,12,2,0,270.82,Hospital,Visa,0,0,1,6,10.07,2087.84,3579,0
7686,2024-07-15 15:30:30,15,0,0,294.05,University Campus,Visa,0,1,2,1,35.14,8430.13,219,0
7050,2024-04-20 21:38:09,21,5,1,336.97,Shopping Mall,Amex,0,1,2,3,17.13,42754.4,3211,0
9662,2024-01-10 10:06:50,10,2,0,244.76,Shopping Mall,RuPay,3,1,8,6,4625.74,269.4,206,1
2198,2024-08-10 02:13:24,2,5,1,179.94,Gas Station,Amex,0,1,1,5,12.4,46974.89,2040,0
4052,2024-05-23 10:51:26,10,3,0,209.92,Airport Terminal,Visa,0,1,2,1,34.72,36222.58,2962,0
6055,2024-09-04 06:04:57,6,2,0,297.57,Remote Village,Amex,0,1,2,6,44.73,23083.06,1744,0
3363,2024-10-15 01:21:53,1,1,0,347.36,Shopping Mall,RuPay,0,1,1,2,45.16,22117.67,1329,0
6852,2024-07-01 09:28:41,9,0,0,232.91,Hotel Lobby,Visa,0,1,3,7,13.19,13577.54,1294,0
726,2024-10-07 05:20:35,5,0,0,376.49,Downtown Branch,RuPay,1,1,3,3,35.01,22364.83,870,0
4935,2024-11-30 05:52:52,5,5,1,336.21,Hotel Lobby,MasterCard,1,1,1,8,42.13,24425.7,3087,0
979,2024-06-30 09:09:47,9,6,1,377.69,Suburban Branch,Amex,0,1,1,5,8.65,34384.17,2968,0
809,2024-05-07 00:53:22,0,1,0,341.74,Train Station,Amex,0,1,3,4,35.68,21942.41,1958,0
9604,2024-01-08 02:43:41,2,0,0,1860.55,Airport Terminal,Visa,2,0,15,12,1554.65,1040.46,194,1
1476,2024-03-27 03:20:04,3,2,0,476.96,Hospital,RuPay,0,1,1,2,40.12,13754.37,3365,0
5936,2024-08-16 01:00:09,1,4,0,240.79,Hospital,MasterCard,0,1,1,6,17.73,42877.99,945,0
9037,2024-03-27 00:28:56,0,2,0,73.97,Remote Village,MasterCard,0,1,1,2,11.34,42606.76,185,0
7336,2024-05-17 00:15:18,0,4,0,69.15,Airport Terminal,MasterCard,0,1,1,6,35.74,20564.79,650,0
3963,2024-08-20 14:44:23,14,1,0,188.05,Shopping Mall,Visa,1,1,3,5,22.35,7750.62,1661,0
6423,2024-06-23 00:37:29,0,6,1,29.39,Hotel Lobby,Amex,0,1,1,2,12.42,22545.16,3119,0
4906,2024-01-06 13:43:05,13,5,1,132.85,Hospital,MasterCard,0,1,3,8,14.0,25951.33,714,0
1236,2024-10-15 14:59:18,14,1,0,65.5,Remote Village,RuPay,0,1,1,5,9.23,33002.53,1376,0
1226,2024-01-03 19:37:37,19,2,0,202.41,Airport Terminal,MasterCard,0,1,2,2,21.71,42405.63,1261,0
8050,2024-12-12 07:59:58,7,3,0,301.55,Downtown Branch,Visa,1,1,3,1,28.07,40515.6,269,0
9279,2024-08-02 17:02:49,17,4,0,309.8,Train Station,Amex,0,1,3,1,16.49,37432.41,1964,0
8672,2024-06-24 15:51:25,15,0,0,71.11,Hospital,Amex,0,1,3,7,28.61,14414.87,2120,0
5230,2024-02-11 21:22:56,21,6,1,61.51,Suburban Branch,RuPay,0,1,2,2,13.69,28033.5,1989,0
6951,2024-05-25 21:07:33,21,5,1,54.21,Remote Village,RuPay,0,1,1,3,31.99,26874.37,2704,0
3218,2024-04-05 10:07:54,10,4,0,374.89,Train Station,Amex,0,1,2,5,47.41,49692.98,200,0
288,2024-07-29 07:34:01,7,0,0,186.28,Downtown Branch,MasterCard,0,1,1,7,42.45,36388.03,455,0
5024,2024-11-23 13:54:11,13,5,1,128.78,Hotel Lobby,RuPay,0,1,1,1,28.95,40608.55,2122,0
2967,2024-12-06 19:40:46,19,4,0,384.49,Shopping Mall,MasterCard,1,1,2,5,7.74,30848.36,2058,0
3165,2024-11-21 09:30:36,9,3,0,467.64,Downtown Branch,Amex,0,1,1,2,18.32,29579.1,2074,0
6004,2024-01-02 23:10:44,23,1,0,52.25,Gas Station,Amex,0,1,2,7,18.44,26581.29,3447,0
8888,2024-11-09 12:30:23,12,5,1,341.36,Hospital,Amex,0,1,2,4,28.99,41164.34,2088,0
1658,2024-10-28 12:13:39,12,0,0,66.64,Airport Terminal,Amex,1,1,1,7,46.76,27529.78,2240,0
1976,2024-10-13 13:37:09,13,6,1,401.56,Remote Village,Amex,0,1,1,2,22.26,28896.9,1547,0
2398,2024-12-13 03:24:29,3,4,0,93.55,Suburban Branch,RuPay,0,1,2,2,36.39,19486.51,1751,0
453,2024-03-05 19:43:05,19,1,0,210.58,Train Station,Amex,0,1,1,7,26.2,49801.09,455,0
8031,2024-04-29 10:39:16,10,0,0,302.28,Train Station,Visa,0,1,2,7,30.37,5067.12,1999,0
4697,2024-02-01 07:23:12,7,3,0,475.67,University Campus,MasterCard,0,1,1,3,1.64,41357.75,1204,0
3682,2024-04-04 20:12:02,20,3,0,164.31,Hotel Lobby,Amex,2,1,2,8,2.68,3948.8,3567,0
423,2024-04-20 00:14:12,0,5,1,307.18,Gas Station,RuPay,0,1,3,1,28.9,5979.65,59,0
9726,2024-03-29 15:11:43,15,4,0,242.15,Downtown Branch,RuPay,2,0,6,15,2265.2,1720.92,264,1
658,2024-11-08 11:26:37,11,4,0,128.43,Airport Terminal,RuPay,0,1,3,2,29.59,13740.91,2350,0
3302,2024-02-10 20:21:36,20,5,1,290.32,Remote Village,Amex,0,1,2,7,1.41,24593.77,858,0
6395,2024-05-15 23:48:27,23,2,0,473.23,Airport Terminal,Visa,1,1,1,8,40.13,13710.42,761,0
2846,2024-03-07 02:34:35,2,3,0,462.52,Gas Station,MasterCard,0,1,2,6,42.46,21201.42,1174,0
8292,2024-02-08 09:13:03,9,3,0,499.65,Airport Terminal,RuPay,0,1,1,1,16.65,16276.59,3154,0
7498,2024-12-20 18:15:35,18,4,0,495.36,University Campus,Visa,0,1,2,7,17.62,35106.17,1660,0
1002,2024-09-21 12:52:34,12,5,1,43.94,Airport Terminal,Visa,0,1,1,1,28.76,12014.48,2209,0
4199,2024-12-18 13:10:12,13,2,0,94.74,Airport Terminal,Visa,0,0,3,2,31.11,34315.62,1807,0
2419,2024-01-26 23:31:13,23,4,0,80.01,Shopping Mall,Visa,0,1,3,6,23.84,2841.71,2742,0
7483,2024-04-04 15:41:22,15,3,0,195.06,Suburban Branch,Visa,0,1,3,6,40.97,45395.06,2565,0
5707,2024-10-28 06:23:26,6,0,0,284.68,Downtown Branch,Amex,1,1,1,1,31.92,1000.13,808,0
3848,2024-05-31 00:30:09,0,4,0,229.2,Train Station,Amex,0,1,3,6,26.2,40331.32,2102,0
962,2024-07-29 18:55:00,18,0,0,229.22,Hospital,Visa,0,1,3,2,49.77,40316.39,455,0
1581,2024-11-29 03:37:07,3,4,0,374.11,Hospital,RuPay,0,1,3,4,43.59,47476.24,2659,0
5008,2024-08-10 03:22:49,3,5,1,155.0,Hotel Lobby,MasterCard,1,0,3,8,11.62,14394.86,2365,0
2207,2024-05-04 15:34:22,15,5,1,449.69,Gas Station,Visa,0,1,3,7,33.45,12518.93,2759,0
6313,2024-10-14 07:47:33,7,0,0,254.36,University Campus,MasterCard,0,1,2,8,14.53,21682.95,1130,0
9563,2024-09-28 04:38:00,4,5,1,1659.68,Airport Terminal,RuPay,5,1,15,18,4124.01,1302.79,103,1
4232,2024-02-22 04:03:12,4,3,0,394.19,Shopping Mall,MasterCard,0,1,3,8,49.68,42698.54,900,0
758,2024-03-15 09:01:05,9,4,0,63.18,Gas Station,Amex,0,1,1,4,49.01,48368.1,180,0
2285,2024-12-26 10:26:32,10,3,0,267.85,Train Station,Visa,0,1,1,7,20.14,42186.88,905,0
6664,2024-07-16 00:17:22,0,1,0,211.51,Remote Village,Amex,0,1,1,5,49.13,4091.53,291,0
4756,2024-07-15 22:26:04,22,0,0,382.75,Airport Terminal,Amex,0,1,1,7,24.31,10887.7,3400,0
8212,2024-12-01 20:31:57,20,6,1,130.91,Remote Village,Visa,0,1,1,4,15.82,39875.51,1646,0
808,2024-09-05 02:40:06,2,3,0,353.35,Hospital,MasterCard,0,1,2,4,19.83,635.79,499,0
6576,2024-01-04 12:21:50,12,3,0,111.43,Hospital,Visa,0,1,3,6,23.92,37662.55,176,0
7720,2024-02-19 05:08:52,5,0,0,338.01,Hospital,Amex,0,1,3,8,30.51,47126.9,1346,0
1957,2024-05-23 00:16:37,0,3,0,315.17,Downtown Branch,RuPay,0,1,1,1,18.16,30004.39,1088,0
2446,2024-04-21 00:14:00,0,6,1,142.53,Gas Station,Amex,0,1,1,2,17.43,19309.61,2114,0
5876,2024-02-28 06:26:25,6,2,0,92.73,Downtown Branch,RuPay,0,1,2,6,36.05,31235.97,1989,0
8164,2024-10-30 21:00:25,21,2,0,104.97,Train Station,MasterCard,0,1,3,4,21.71,23391.56,1408,0
6139,2024-02-25 14:00:36,14,6,1,242.45,Airport Terminal,MasterCard,1,1,3,1,11.84,47875.71,1878,0
2403,2024-03-23 13:29:59,13,5,1,164.71,Downtown Branch,MasterCard,0,1,2,3,15.39,36035.3,1430,0
1074,2024-03-30 16:03:26,16,5,1,238.79,Airport Terminal,Visa,0,1,2,7,18.09,17664.03,2101,0
6558,2024-01-02 18:09:34,18,1,0,441.01,Downtown Branch,MasterCard,0,1,1,8,3.04,38925.98,2639,0
4241,2024-01-26 00:34:59,0,4,0,128.24,Shopping Mall,MasterCard,1,1,3,1,3.76,33158.97,161,0
8510,2024-11-03 21:32:23,21,6,1,248.43,Gas Station,Visa,0,1,2,1,36.3,26979.97,284,0
2092,2024-08-15 20:24:28,20,3,0,358.14,Suburban Branch,MasterCard,0,1,1,8,10.5,20181.82,3459,0
4528,2024-06-19 14:46:15,14,2,0,101.38,Airport Terminal,MasterCard,0,1,2,3,49.96,14233.14,2491,0
7203,2024-07-30 22:32:43,22,1,0,351.78,University Campus,RuPay,0,1,2,1,12.06,17097.56,1637,0
6796,2024-07-13 14:19:09,14,5,1,491.2,Airport Terminal,MasterCard,0,1,2,3,14.79,1098.82,2550,0
7238,2024-10-15 17:47:36,17,1,0,259.64,University Campus,Amex,0,1,1,3,10.16,19233.53,3043,0
7423,2024-11-14 05:35:32,5,3,0,447.23,Gas Station,RuPay,2,1,1,6,31.61,584.2,3128,0
6850,2024-07-06 03:09:07,3,5,1,270.97,Airport Terminal,MasterCard,0,1,2,7,14.48,10161.18,2147,0
6837,2024-06-02 05:19:02,5,6,1,191.99,Hospital,MasterCard,0,1,2,6,26.11,34569.36,1256,0
1004,2024-03-20 21:18:47,21,2,0,102.09,Gas Station,RuPay,0,1,2,1,4.71,25211.68,2899,0
9100,2024-01-10 11:57:56,11,2,0,366.62,University Campus,Visa,0,1,2,7,12.67,30099.9,1874,0
6563,2024-06-09 00:31:45,0,6,1,52.96,Train Station,RuPay,0,1,1,6,12.95,10581.15,413,0
5615,2024-07-22 21:31:40,21,0,0,352.11,Train Station,MasterCard,0,1,3,2,28.32,24797.26,3515,0
4652,2024-01-01 17:12:25,17,0,0,56.97,University Campus,RuPay,0,1,3,1,6.13,22792.35,3411,0
5314,2024-07-22 16:29:24,16,0,0,83.89,University Campus,Amex,0,1,1,4,28.3,14024.36,3193,0
1486,2024-10-27 09:12:04,9,6,1,301.45,University Campus,Visa,0,1,2,8,19.36,32162.12,845,0
7608,2024-04-01 09:00:15,9,0,0,492.66,Shopping Mall,Amex,0,1,2,2,8.21,36490.85,245,0
1412,2024-08-18 20:31:29,20,6,1,266.49,Hotel Lobby,Amex,0,1,3,4,17.43,15386.75,3412,0
9304,2024-01-03 13:03:12,13,2,0,165.14,Airport Terminal,RuPay,0,1,2,2,47.93,2821.46,2657,0
710,2024-07-02 02:35:52,2,1,0,29.42,University Campus,RuPay,0,1,3,7,2.55,492.93,2612,0
9807,2024-06-06 01:58:34,1,3,0,1787.93,Airport Terminal,RuPay,4,1,5,7,1816.34,-382.9,98,1
8043,2024-11-22 05:45:20,5,4,0,299.24,Train Station,MasterCard,0,1,2,8,35.11,19898.91,2899,0
7212,2024-07-08 01:14:07,1,0,0,126.73,Airport Terminal,MasterCard,0,1,3,6,37.9,15483.16,294,0
3077,2024-06-28 04:59:34,4,4,0,381.67,Downtown Branch,MasterCard,0,1,1,6,4.33,25795.53,630,0
8315,2024-10-07 21:47:00,21,0,0,231.74,Downtown Branch,MasterCard,0,1,2,5,16.64,26938.41,2204,0
4102,2024-12-13 00:49:48,0,4,0,226.52,University Campus,Amex,0,1,1,7,17.5,34697.76,374,0
5115,2024-12-17 20:49:50,20,1,0,124.52,Train Station,RuPay,1,1,1,4,8.29,23728.33,564,0
2723,2024-09-22 03:00:40,3,6,1,45.48,Hotel Lobby,RuPay,0,1,1,4,19.86,27286.98,2403,0
9360,2024-11-28 23:50:41,23,3,0,78.88,Hospital,MasterCard,0,1,1,2,24.3,8700.98,922,0
1269,2024-07-11 01:00:29,1,3,0,127.74,University Campus,Amex,0,1,1,8,32.39,10876.81,80,0
2463,2024-09-19 04:43:14,4,3,0,159.33,Downtown Branch,RuPay,0,1,3,8,42.44,34617.8,1861,0
5465,2024-10-24 22:29:50,22,3,0,478.18,Shopping Mall,RuPay,0,1,2,8,41.07,22890.53,449,0
269,2024-09-30 06:56:28,6,0,0,65.69,Airport Terminal,Visa,0,1,1,8,0.46,34810.3,3376,0
3581,2024-05-23 07:03:59,7,3,0,301.58,Suburban Branch,MasterCard,0,1,1,5,40.87,11571.28,258,0
5350,2024-03-25 13:08:13,13,0,0,454.98,Gas Station,MasterCard,1,1,2,4,22.65,43548.59,2999,0
7291,2024-12-19 01:06:59,1,3,0,318.03,Shopping Mall,Amex,0,1,3,5,31.74,44484.89,2069,0
5158,2024-01-27 06:15:17,6,5,1,70.67,University Campus,MasterCard,0,1,3,8,38.15,23532.8,3287,0
6602,2024-07-03 09:56:38,9,2,0,129.92,Airport Terminal,RuPay,0,1,3,7,22.88,5573.0,1830,0
2822,2024-12-14 05:17:11,5,5,1,477.88,Hospital,Visa,0,1,2,2,9.22,4032.74,1541,0
5808,2024-06-29 13:36:14,13,5,1,259.41,Suburban Branch,MasterCard,0,1,2,4,1.0,48489.19,932,0
590,2024-07-24 21:48:46,21,2,0,488.86,Suburban Branch,MasterCard,0,1,2,4,13.82,9766.58,3292,0
5956,2024-01-10 11:50:45,11,2,0,268.55,Airport Terminal,MasterCard,0,1,3,6,23.16,36400.23,1974,0
5255,2024-06-12 23:17:56,23,2,0,150.64,Airport Terminal,Amex,0,1,1,3,10.91,11674.36,2749,0
6662,2024-08-31 02:26:16,2,5,1,39.58,University Campus,RuPay,1,1,3,5,41.88,48845.7,1030,0
7657,2024-06-15 12:36:22,12,5,1,290.2,University Campus,Visa,0,1,1,3,49.54,24202.48,2844,0
8726,2024-02-27 11:14:16,11,1,0,36.57,Airport Terminal,Visa,0,1,2,5,30.32,12136.23,351,0
6897,2024-06-23 15:19:39,15,6,1,68.86,Hotel Lobby,Amex,1,1,1,6,28.68,46123.76,3022,0
7595,2024-02-04 07:40:12,7,6,1,456.46,Shopping Mall,RuPay,0,1,3,8,3.85,3145.73,1745,0
2029,2024-07-29 09:43:40,9,0,0,401.68,Suburban Branch,Visa,0,0,1,7,24.0,12974.86,1033,0
6819,2024-11-19 10:57:39,10,1,0,109.86,Downtown Branch,Visa,0,1,3,7,30.13,4532.69,368,0
678,2024-04-11 05:42:45,5,3,0,103.27,Hotel Lobby,RuPay,0,1,1,2,20.72,9176.27,3619,0
5764,2024-02-20 21:58:37,21,1,0,447.33,Shopping Mall,RuPay,0,1,1,5,14.71,19458.0,371,0
1233,2024-02-13 15:44:33,15,1,0,484.99,Hospital,Visa,0,1,3,8,6.72,30203.23,2638,0
5297,2024-05-11 09:28:35,9,5,1,391.4,University Campus,RuPay,0,1,1,6,26.74,33226.88,2929,0
7104,2024-07-25 10:18:11,10,3,0,164.4,Suburban Branch,Amex,0,1,1,6,7.51,5129.79,3508,0
5035,2024-03-11 11:40:49,11,0,0,81.04,Suburban Branch,Amex,0,0,2,5,38.34,9557.83,3313,0
5453,2024-05-30 11:50:54,11,3,0,415.42,Hotel Lobby,MasterCard,0,1,3,4,36.36,2783.72,681,0
2433,2024-09-29 16:32:37,16,6,1,30.46,University Campus,RuPay,0,1,2,3,3.65,28818.85,1263,0
6320,2024-10-13 01:37:55,1,6,1,416.62,Remote Village,Visa,0,1,2,4,34.09,10888.94,3158,0
6120,2024-07-08 14:42:22,14,0,0,431.77,Hospital,Amex,0,1,1,1,19.2,597.26,247,0
9159,2024-09-01 19:41:07,19,6,1,370.98,University Campus,Visa,1,1,2,5,44.72,27560.36,1123,0
9954,2024-09-06 03:37:17,3,4,0,4295.72,Airport Terminal,Visa,4,0,13,15,1157.51,728.24,332,1
897,2024-03-30 02:00:56,2,5,1,77.82,Gas Station,Visa,0,0,1,7,0.88,10062.21,3570,0
1612,2024-07-26 00:17:42,0,4,0,385.52,Train Station,MasterCard,0,1,2,7,8.38,28814.64,1683,0
6475,2024-12-30 20:04:55,20,0,0,187.78,Remote Village,RuPay,0,1,2,5,7.04,49789.92,2675,0
7662,2024-06-29 00:24:40,0,5,1,174.39,Suburban Branch,Visa,0,1,1,2,37.82,791.57,2318,0
7461,2024-01-13 01:28:17,1,5,1,60.07,University Campus,MasterCard,0,1,2,3,5.67,33757.12,2837,0
3807,2024-09-20 16:25:30,16,4,0,243.09,Train Station,Visa,0,1,3,3,40.5,39735.46,113,0
8274,2024-07-01 09:50:32,9,0,0,392.98,Airport Terminal,RuPay,0,1,3,4,33.74,47836.01,652,0
9452,2024-12-09 20:33:42,20,0,0,154.45,University Campus,Visa,0,1,1,4,4.35,6798.28,1379,0
4702,2024-02-27 10:57:20,10,1,0,120.98,Downtown Branch,Amex,0,1,3,1,19.88,12183.5,796,0
3962,2024-04-14 08:08:42,8,6,1,329.25,Hotel Lobby,Visa,0,1,1,6,36.21,32894.38,1481,0
5418,2024-05-27 19:42:09,19,0,0,185.36,Remote Village,MasterCard,1,1,1,4,49.72,2460.66,564,0
891,2024-02-12 05:06:38,5,0,0,494.9,Train Station,MasterCard,0,1,2,7,0.29,44190.46,2934,0
5000,2024-09-15 14:14:39,14,6,1,434.08,Downtown Branch,Amex,2,1,1,8,28.87,21252.28,688,0
7507,2024-11-28 14:32:54,14,3,0,272.2,Hospital,MasterCard,0,0,2,1,25.42,6459.55,910,0
7882,2024-09-30 15:14:04,15,0,0,334.34,Airport Terminal,Visa,1,1,2,1,43.94,4400.45,1312,0
5096,2024-03-28 04:29:13,4,3,0,329.12,Suburban Branch,MasterCard,1,1,1,5,8.93,15135.18,3049,0
6933,2024-03-31 07:36:02,7,6,1,461.51,Downtown Branch,RuPay,1,1,2,7,7.33,27229.24,689,0
9618,2024-03-15 03:57:39,3,4,0,411.13,Remote Village,Visa,2,1,3,19,3005.21,952.6,200,1
2800,2024-02-29 17:55:05,17,3,0,46.27,Hospital,Amex,0,1,2,7,29.78,23082.9,346,0
585,2024-05-05 22:05:19,22,6,1,77.99,Suburban Branch,Amex,0,1,1,1,29.65,16841.64,524,0
3269,2024-06-07 18:44:19,18,4,0,199.55,University Campus,MasterCard,0,1,3,6,2.48,4470.77,1107,0
3933,2024-05-27 05:50:33,5,0,0,65.36,Suburban Branch,RuPay,0,1,1,2,0.39,23820.4,2860,0
1261,2024-11-25 21:15:43,21,0,0,447.65,Hotel Lobby,Amex,0,1,1,5,22.3,2485.18,1906,0
6206,2024-10-07 18:22:55,18,0,0,142.94,Airport Terminal,Visa,0,1,3,3,23.16,32371.83,3271,0
311,2024-09-05 09:56:24,9,3,0,291.46,Shopping Mall,Visa,1,1,1,4,17.34,16043.98,2635,0
7790,2024-05-23 22:22:30,22,3,0,182.0,Shopping Mall,Amex,0,1,2,4,36.98,7069.92,2492,0
6459,2024-10-08 17:11:04,17,1,0,149.41,Downtown Branch,Visa,0,1,2,4,26.99,13338.57,1007,0
6207,2024-10-27 19:46:23,19,6,1,112.91,Gas Station,MasterCard,0,1,3,3,23.34,34961.19,1136,0
5883,2024-02-24 03:03:45,3,5,1,68.23,Hotel Lobby,RuPay,1,1,3,7,41.52,30153.83,1095,0
4669,2024-07-15 12:32:15,12,0,0,32.62,Airport Terminal,Amex,0,1,3,5,24.96,2481.4,3228,0
4299,2024-02-04 07:41:34,7,6,1,116.05,Hospital,RuPay,0,1,1,4,25.18,3726.24,3003,0
3784,2024-05-29 17:34:08,17,2,0,142.24,Hospital,RuPay,1,1,1,6,40.74,46628.59,1517,0
1009,2024-09-14 15:24:56,15,5,1,253.52,Downtown Branch,RuPay,0,1,2,6,44.57,38748.86,3540,0
8355,2024-01-25 09:26:06,9,3,0,246.45,Airport Terminal,Visa,0,1,2,3,17.86,36899.11,1736,0
2186,2024-06-08 12:16:17,12,5,1,290.56,Hospital,MasterCard,0,1,1,8,47.43,28502.88,1701,0
3624,2024-08-23 17:34:14,17,4,0,213.96,Airport Terminal,Amex,0,1,3,7,45.18,22607.37,3057,0
7040,2024-05-30 10:49:17,10,3,0,349.56,Gas Station,RuPay,0,1,1,3,13.87,35852.49,621,0
4923,2024-04-24 12:40:12,12,2,0,126.06,Train Station,Amex,0,1,1,1,33.87,16861.32,2347,0
9674,2024-11-26 06:29:19,6,1,0,239.98,Gas Station,MasterCard,1,1,13,30,1740.2,1192.27,300,1
7951,2024-02-12 14:26:28,14,0,0,464.54,Suburban Branch,Visa,0,1,1,8,30.22,4899.62,3603,0
6126,2024-07-27 11:15:59,11,5,1,118.23,Remote Village,Amex,1,1,3,6,20.39,35821.86,1706,0
4757,2024-03-19 17:02:54,17,1,0,468.07,Hotel Lobby,Amex,0,1,1,8,44.1,23360.25,1042,0
5075,2024-02-07 10:15:59,10,2,0,413.12,Airport Terminal,Amex,0,1,3,2,18.98,47260.54,343,0
91,2024-05-05 23:23:27,23,6,1,402.15,Hotel Lobby,MasterCard,0,1,1,7,28.3,39646.72,726,0
5975,2024-12-22 03:29:00,3,6,1,25.21,Hospital,RuPay,1,1,3,5,46.55,41159.6,392,0
6419,2024-11-12 07:32:17,7,1,0,194.42,Shopping Mall,Visa,0,1,3,8,9.88,31946.55,1108,0
8641,2024-05-13 05:57:24,5,0,0,235.89,Train Station,MasterCard,0,1,3,4,47.4,3711.14,1869,0
8691,2024-10-12 19:39:17,19,5,1,423.78,Train Station,RuPay,0,1,2,4,14.11,16241.7,3155,0
2118,2024-04-07 19:38:26,19,6,1,203.89,Shopping Mall,Visa,1,1,3,7,6.02,40451.71,966,0
2938,2024-07-09 16:24:36,16,1,0,372.96,Train Station,Visa,0,1,3,3,3.11,9756.43,680,0
6843,2024-06-17 08:09:37,8,0,0,251.04,University Campus,MasterCard,1,1,3,4,29.15,39403.22,250,0
984,2024-09-24 07:21:01,7,1,0,25.23,Train Station,MasterCard,0,1,2,4,28.08,19340.99,2494,0
7261,2024-09-07 10:47:11,10,5,1,302.76,Remote Village,MasterCard,0,1,1,8,1.98,26149.55,3414,0
9986,2024-01-14 01:10:03,1,6,1,4572.86,Remote Village,RuPay,4,1,14,10,4739.29,1999.86,344,1
2926,2024-07-04 11:38:21,11,3,0,344.96,Downtown Branch,MasterCard,0,1,2,1,21.88,20320.54,660,0
6062,2024-10-24 07:58:36,7,3,0,142.66,Downtown Branch,Amex,0,1,1,6,2.95,46669.99,896,0
3215,2024-06-20 09:50:34,9,3,0,274.84,University Campus,MasterCard,0,1,1,5,25.88,38461.63,1924,0
6448,2024-03-10 09:41:17,9,6,1,391.66,Airport Terminal,MasterCard,0,1,3,2,10.77,18360.77,3362,0
6780,2024-02-19 20:28:48,20,0,0,84.24,Suburban Branch,RuPay,0,1,3,2,27.74,21725.3,153,0
7039,2024-08-06 17:01:19,17,1,0,318.24,Suburban Branch,Amex,0,1,1,2,14.23,15106.43,2633,0
5664,2024-11-08 14:13:10,14,4,0,399.99,Hotel Lobby,RuPay,1,1,1,2,21.73,21193.55,1416,0
628,2024-05-18 19:04:26,19,5,1,98.39,Hospital,MasterCard,0,1,2,1,14.49,26527.66,344,0
8009,2024-03-11 00:56:59,0,0,0,194.81,Airport Terminal,Visa,0,1,2,7,46.71,7614.35,1347,0
5126,2024-04-20 19:56:20,19,5,1,183.47,Hospital,RuPay,0,1,2,3,12.68,26889.74,372,0
4766,2024-12-28 16:46:02,16,5,1,410.48,Downtown Branch,Visa,0,0,3,8,28.52,30422.24,1342,0
8144,2024-02-11 03:32:43,3,6,1,311.72,Hospital,RuPay,0,1,2,8,4.15,1580.22,1654,0
9595,2024-07-08 03:34:19,3,0,0,261.8,Train Station,MasterCard,2,0,3,30,1509.62,-477.66,171,1
1270,2024-04-04 15:15:50,15,3,0,483.0,Train Station,RuPay,1,1,2,4,20.62,42410.45,2409,0
129,2024-05-16 08:29:12,8,3,0,369.14,Shopping Mall,Visa,0,1,1,5,9.86,30159.71,3143,0
6113,2024-11-08 07:58:44,7,4,0,273.51,University Campus,RuPay,0,1,2,2,29.44,13535.04,3098,0
1712,2024-10-30 21:35:07,21,2,0,477.44,University Campus,Amex,0,1,3,1,21.26,12201.58,3234,0
7863,2024-04-16 19:25:49,19,1,0,275.54,Train Station,MasterCard,0,1,2,4,37.89,9713.57,1741,0
4236,2024-02-10 16:46:40,16,5,1,79.06,Hotel Lobby,MasterCard,1,1,2,5,19.38,10938.45,567,0
5193,2024-02-04 07:30:47,7,6,1,416.94,Hospital,RuPay,0,1,2,7,42.85,34678.28,443,0
2399,2024-04-03 10:29:12,10,2,0,132.09,Hotel Lobby,Visa,0,1,1,2,19.95,7280.69,1727,0
5435,2024-11-16 01:10:37,1,5,1,218.36,University Campus,MasterCard,0,1,3,8,28.08,12135.72,2534,0
6058,2024-09-29 11:50:50,11,6,1,142.81,Shopping Mall,RuPay,0,1,2,5,34.56,6746.97,1284,0
9319,2024-03-15 16:07:17,16,4,0,148.6,University Campus,Visa,0,1,1,7,14.57,16786.0,2785,0
1187,2024-02-27 11:41:00,11,1,0,270.45,Hotel Lobby,Amex,0,1,3,5,15.33,35820.25,2355,0
6014,2024-10-11 01:49:37,1,4,0,224.22,University Campus,Amex,0,0,2,3,32.74,18358.85,2536,0
9794,2024-12-23 04:46:41,4,0,0,4602.67,Remote Village,MasterCard,2,1,14,30,4965.61,453.18,338,1
6015,2024-11-09 22:03:47,22,5,1,48.97,Hotel Lobby,Amex,1,1,2,2,33.32,47014.59,1664,0
1978,2024-10-20 00:51:40,0,6,1,366.52,Downtown Branch,Visa,1,1,3,6,9.76,33699.39,111,0
9888,2024-09-03 19:15:02,19,1,0,176.39,Downtown Branch,Amex,2,1,11,19,1023.63,98.41,356,1
4248,2024-04-23 22:50:21,22,1,0,488.22,Airport Terminal,Amex,0,1,1,6,28.35,34045.71,1729,0
7673,2024-06-16 11:26:17,11,6,1,234.99,Shopping Mall,Amex,1,1,1,1,46.49,6096.12,154,0
916,2024-01-27 23:21:33,23,5,1,88.89,Train Station,Visa,0,1,2,2,36.22,6950.84,3103,0
1306,2024-02-25 16:14:39,16,6,1,282.62,Airport Terminal,Amex,0,1,2,1,30.93,8578.77,1347,0
5456,2024-07-24 22:09:13,22,2,0,185.35,University Campus,Visa,1,1,1,4,37.34,21319.84,1072,0
3050,2024-11-28 11:44:00,11,3,0,447.96,Downtown Branch,RuPay,0,1,3,5,28.1,9522.09,3083,0
9522,2024-01-11 03:29:35,3,3,0,226.97,University Campus,RuPay,2,0,5,11,3544.65,1424.31,295,1
1274,2024-10-05 16:11:10,16,5,1,357.03,University Campus,RuPay,2,1,3,1,23.01,21949.76,2450,0
8056,2024-04-17 08:47:34,8,2,0,70.88,Hotel Lobby,Visa,0,1,2,6,44.76,49265.1,3595,0
2797,2024-05-19 00:15:51,0,6,1,258.17,Hospital,Amex,0,1,1,3,47.94,31627.0,568,0
1399,2024-06-19 03:21:45,3,2,0,258.15,Hospital,Visa,0,1,3,6,31.74,5405.77,1970,0
3359,2024-01-11 01:29:44,1,3,0,306.39,Hotel Lobby,Visa,0,1,1,7,11.47,37839.86,3037,0
184,2024-09-25 03:55:44,3,2,0,117.87,Remote Village,Amex,0,1,3,1,35.29,25982.29,2327,0
6868,2024-09-27 04:03:25,4,4,0,275.79,Hospital,MasterCard,0,1,3,8,12.22,46009.94,2237,0
5696,2024-12-21 02:31:35,2,5,1,144.45,Gas Station,MasterCard,0,1,1,8,27.95,41112.78,1387,0
8836,2024-05-01 20:26:39,20,2,0,39.33,Suburban Branch,Amex,0,1,1,7,8.18,42092.79,2281,0
9627,2024-01-02 05:39:45,5,1,0,312.07,Downtown Branch,MasterCard,2,1,11,24,1922.92,-117.63,172,1
6171,2024-01-26 22:16:35,22,4,0,94.67,Remote Village,Visa,0,1,1,8,10.34,2351.24,1612,0
6988,2024-06-02 13:41:57,13,6,1,52.78,Gas Station,Amex,0,1,1,7,29.02,13830.75,1014,0
4568,2024-11-26 15:51:43,15,1,0,401.7,Hotel Lobby,Amex,0,1,1,6,19.15,25406.41,1671,0
8956,2024-01-16 14:23:57,14,1,0,80.94,Gas Station,Visa,0,1,1,5,3.78,6480.05,1421,0
2657,2024-09-08 07:54:55,7,6,1,81.43,Remote Village,RuPay,1,1,1,2,39.97,43419.99,2307,0
8310,2024-10-17 18:06:15,18,3,0,427.74,Train Station,Amex,0,1,2,3,19.01,29049.2,2494,0
6858,2024-01-18 14:07:18,14,3,0,407.14,Downtown Branch,Amex,0,1,2,4,39.32,47632.53,3308,0
1962,2024-11-11 09:10:52,9,0,0,458.53,Shopping Mall,MasterCard,0,1,2,4,0.48,41377.78,1810,0
6384,2024-08-02 03:47:13,3,4,0,396.82,Train Station,RuPay,0,1,2,2,29.38,49934.03,2269,0
8854,2024-01-10 01:54:46,1,2,0,373.99,Airport Terminal,Visa,0,1,2,5,15.26,36655.63,1940,0
9974,2024-03-28 04:20:25,4,3,0,389.87,Shopping Mall,Visa,2,1,5,13,832.42,814.46,312,1
1252,2024-07-29 04:54:14,4,0,0,376.6,Airport Terminal,RuPay,0,1,3,6,43.76,47479.45,197,0
3177,2024-02-02 07:08:22,7,4,0,350.86,Remote Village,MasterCard,0,1,2,6,28.64,12974.65,330,0
7761,2024-01-24 16:33:31,16,2,0,294.41,Gas Station,MasterCard,0,1,2,3,48.93,2305.61,3540,0
5014,2024-07-28 03:23:15,3,6,1,69.2,Hotel Lobby,MasterCard,2,1,1,4,16.63,24608.65,3421,0
9706,2024-12-09 17:12:55,17,0,0,260.83,Suburban Branch,Visa,1,0,14,5,239.64,-13.34,65,1
6540,2024-09-01 16:54:24,16,6,1,253.63,Gas Station,Visa,0,1,2,1,21.18,33493.65,2252,0
3290,2024-02-13 05:34:10,5,1,0,413.08,Remote Village,RuPay,0,1,3,4,43.13,46029.24,2600,0
6449,2024-03-14 08:46:25,8,3,0,215.26,Remote Village,RuPay,0,1,3,5,30.24,24779.5,872,0
8727,2024-01-03 16:33:05,16,2,0,374.1,Airport Terminal,RuPay,0,1,1,5,37.63,38977.47,3363,0
7612,2024-05-29 07:23:27,7,2,0,444.8,Shopping Mall,MasterCard,0,1,1,4,48.41,42299.85,1136,0
6276,2024-12-23 12:45:42,12,0,0,168.49,Suburban Branch,Amex,0,1,3,1,31.38,19698.85,2124,0
6888,2024-01-26 01:55:09,1,4,0,89.47,Train Station,Amex,0,1,2,3,49.9,24301.96,897,0
1052,2024-11-11 14:11:06,14,0,0,47.3,Train Station,Amex,0,1,1,6,17.48,32794.93,1030,0
4070,2024-04-24 11:51:23,11,2,0,91.94,Downtown Branch,Visa,1,1,2,2,21.96,629.42,1787,0
6023,2024-10-13 09:50:22,9,6,1,458.52,Remote Village,Amex,0,0,1,6,39.03,28435.09,2942,0
5553,2024-07-23 21:17:28,21,1,0,277.0,Train Station,RuPay,0,1,2,6,9.73,23689.96,2492,0
273,2024-10-19 05:18:06,5,5,1,79.12,Hotel Lobby,Amex,0,0,2,3,12.39,32266.57,1046,0
2043,2024-05-01 04:34:40,4,2,0,203.28,Gas Station,Amex,0,1,1,8,20.95,11016.27,2626,0
4764,2024-08-13 04:04:15,4,1,0,212.66,Shopping Mall,Amex,0,1,1,6,24.73,1746.41,122,0
8998,2024-10-11 14:10:14,14,4,0,157.22,Downtown Branch,RuPay,0,1,3,5,9.34,3864.84,2146,0
5205,2024-05-27 17:30:57,17,0,0,83.88,Hospital,Visa,0,1,3,4,19.44,22309.29,1975,0
9510,2024-01-06 01:43:44,1,5,1,4196.96,Remote Village,MasterCard,2,1,3,28,1259.97,148.69,46,1
1087,2024-03-19 21:24:38,21,1,0,155.28,Hospital,Visa,1,1,3,3,41.55,14817.58,478,0
8374,2024-05-25 20:42:58,20,5,1,196.52,Hospital,Amex,1,1,1,3,13.66,4843.69,551,0
7733,2024-07-23 15:11:20,15,1,0,176.95,Hotel Lobby,Amex,0,1,2,8,29.81,41824.84,131,0
7516,2024-09-17 14:18:38,14,1,0,316.88,Shopping Mall,MasterCard,0,1,1,6,35.32,12056.6,2639,0
6679,2024-12-17 19:49:24,19,1,0,321.29,Downtown Branch,Visa,0,1,3,1,44.86,43423.73,3329,0
4323,2024-02-14 23:18:48,23,2,0,44.38,Downtown Branch,Visa,0,1,2,2,20.4,48691.83,2790,0
6947,2024-05-02 11:53:08,11,3,0,339.89,University Campus,MasterCard,0,1,2,7,18.96,25971.27,2778,0
7748,2024-05-17 14:42:03,14,4,0,134.34,Gas Station,Visa,0,1,1,1,14.56,11155.72,167,0
6773,2024-06-05 15:39:38,15,2,0,164.49,Shopping Mall,Visa,0,1,1,1,20.75,19634.8,1927,0
5519,2024-08-26 08:36:33,8,0,0,202.87,Gas Station,Visa,0,1,3,7,39.06,29813.58,2035,0
5118,2024-11-01 15:56:33,15,4,0,314.55,Hotel Lobby,RuPay,0,1,2,4,3.91,17061.67,1827,0
6180,2024-10-14 21:09:36,21,0,0,437.05,Shopping Mall,Visa,0,1,1,2,40.68,3922.2,2145,0
4710,2024-12-19 22:58:56,22,3,0,214.21,University Campus,Visa,0,1,1,7,24.26,3657.0,502,0
8122,2024-01-04 05:44:38,5,3,0,307.46,Hotel Lobby,Amex,0,1,2,3,8.16,48287.52,3324,0
5970,2024-09-03 11:46:36,11,1,0,298.21,Hospital,Visa,0,1,2,4,15.49,6301.83,1569,0
6785,2024-04-14 23:13:24,23,6,1,189.96,University Campus,Amex,0,1,1,8,48.21,8507.87,1892,0
3479,2024-03-25 07:12:14,7,0,0,323.44,University Campus,MasterCard,0,0,2,1,26.1,14468.65,3027,0
8415,2024-07-22 22:40:19,22,0,0,340.23,Remote Village,MasterCard,0,1,3,7,49.48,43755.13,496,0
3925,2024-10-26 08:53:51,8,5,1,444.0,Airport Terminal,Visa,0,1,2,5,18.05,13486.45,2266,0
1749,2024-12-14 06:42:32,6,5,1,200.99,University Campus,RuPay,0,1,1,3,21.58,35106.96,1498,0
733,2024-03-24 09:56:08,9,6,1,234.16,Suburban Branch,RuPay,0,1,3,7,43.6,29256.76,2636,0
2554,2024-08-21 09:24:15,9,2,0,210.46,Hospital,Amex,0,1,2,5,23.96,42101.77,1620,0
5459,2024-08-21 19:59:51,19,2,0,456.66,Suburban Branch,Visa,0,1,1,1,46.55,25440.09,2429,0
5874,2024-07-08 07:32:59,7,0,0,349.2,Downtown Branch,MasterCard,0,1,3,7,17.36,8376.21,1388,0
2663,2024-11-20 04:05:25,4,2,0,403.84,Shopping Mall,MasterCard,0,1,1,6,38.71,46969.13,2220,0
9399,2024-07-08 11:43:05,11,0,0,270.6,University Campus,MasterCard,1,1,3,6,34.73,23275.72,3308,0
6456,2024-04-05 05:47:43,5,4,0,316.96,Train Station,MasterCard,0,1,2,6,9.9,47017.97,2355,0
3114,2024-09-04 23:00:19,23,2,0,290.25,Downtown Branch,MasterCard,0,1,2,2,15.69,30148.67,910,0
3304,2024-03-20 11:29:51,11,2,0,196.83,Remote Village,MasterCard,0,1,3,8,39.85,36557.29,3234,0
1345,2024-03-29 10:41:02,10,4,0,111.17,Train Station,Visa,0,1,1,8,48.45,3082.04,464,0
1691,2024-03-09 18:01:57,18,5,1,254.0,Suburban Branch,RuPay,0,1,2,7,17.7,38973.63,1915,0
7181,2024-05-03 21:37:10,21,4,0,434.79,Hotel Lobby,RuPay,0,1,1,4,48.52,32792.41,1291,0
6500,2024-08-19 18:51:06,18,0,0,369.1,Gas Station,RuPay,0,1,1,7,16.35,40439.55,703,0
3309,2024-01-24 21:59:09,21,2,0,354.57,Hospital,Visa,1,1,1,3,19.08,24596.03,2394,0
1505,2024-01-24 20:19:56,20,2,0,395.07,Train Station,Amex,0,1,1,7,5.52,14431.78,1190,0
1807,2024-10-04 18:35:17,18,4,0,400.66,Train Station,MasterCard,0,1,2,7,45.15,4888.09,2230,0
8470,2024-09-03 05:58:19,5,1,0,309.58,University Campus,Visa,0,1,3,6,2.26,22121.43,1940,0
5370,2024-10-20 03:36:46,3,6,1,70.72,Remote Village,RuPay,0,1,2,4,13.45,11539.98,584,0
3792,2024-04-17 19:10:02,19,2,0,65.83,Gas Station,Visa,1,1,3,2,1.53,10926.42,1006,0
9521,2024-06-02 02:52:26,2,6,1,3025.47,Remote Village,MasterCard,5,1,10,20,2434.54,-194.65,45,1
7330,2024-02-24 22:16:26,22,5,1,277.96,Downtown Branch,Visa,0,1,2,4,39.48,26330.66,520,0
5910,2024-07-24 18:46:29,18,2,0,395.81,University Campus,Amex,0,1,3,2,9.41,26221.18,3518,0
6826,2024-12-13 22:22:29,22,4,0,286.53,Train Station,RuPay,0,1,2,8,14.54,44144.82,121,0
7264,2024-02-02 05:52:58,5,4,0,199.42,Airport Terminal,Amex,0,1,2,6,30.41,7028.06,2385,0
1849,2024-12-01 17:39:39,17,6,1,403.39,Airport Terminal,MasterCard,0,1,2,7,34.18,24639.64,458,0
4513,2024-01-06 10:34:16,10,5,1,22.73,Hospital,Amex,0,1,1,7,30.15,15244.69,3412,0
2432,2024-02-25 12:48:20,12,6,1,412.84,Hospital,Amex,0,1,2,7,35.55,9048.22,977,0
4661,2024-09-14 13:02:55,13,5,1,97.81,Remote Village,MasterCard,1,1,2,3,19.2,38769.15,2707,0
8886,2024-06-29 17:25:29,17,5,1,268.66,Shopping Mall,RuPay,0,1,2,4,18.14,26981.76,2413,0
5585,2024-09-28 01:45:28,1,5,1,436.39,Remote Village,RuPay,0,1,2,1,41.66,12634.16,2144,0
143,2024-03-03 22:29:29,22,6,1,412.11,Shopping Mall,Visa,0,1,1,8,43.71,27771.58,450,0
8761,2024-10-11 23:03:55,23,4,0,324.38,Hotel Lobby,MasterCard,0,1,2,8,37.06,33608.12,2565,0
9212,2024-10-14 12:48:25,12,0,0,59.05,Airport Terminal,RuPay,0,1,2,3,34.08,37623.55,1378,0
5265,2024-08-23 07:46:29,7,4,0,94.21,Airport Terminal,Visa,0,1,1,4,27.49,21999.3,695,0
3410,2024-06-30 16:06:16,16,6,1,95.44,Hotel Lobby,MasterCard,0,1,3,7,2.18,37807.74,277,0
1118,2024-09-04 03:09:05,3,2,0,288.39,Downtown Branch,Amex,0,1,2,5,41.04,43417.85,2423,0
1757,2024-06-08 05:33:30,5,5,1,152.05,Shopping Mall,MasterCard,0,1,1,5,42.38,23553.13,757,0
498,2024-01-21 14:47:25,14,6,1,243.18,Airport Terminal,RuPay,1,1,2,6,43.21,1052.01,3582,0
8032,2024-09-12 01:58:37,1,3,0,220.79,Train Station,RuPay,0,1,1,8,15.78,3727.54,1915,0
871,2024-08-23 09:56:01,9,4,0,278.34,Airport Terminal,MasterCard,0,1,1,4,1.84,7169.2,3536,0
3358,2024-10-01 22:52:15,22,1,0,36.59,Airport Terminal,Visa,0,1,1,7,10.41,34469.35,479,0
913,2024-12-03 21:13:41,21,1,0,320.59,University Campus,RuPay,0,1,1,6,13.44,29125.02,3338,0
722,2024-04-05 06:30:41,6,4,0,420.71,Gas Station,MasterCard,0,1,1,5,18.62,37766.78,1507,0
2806,2024-07-05 02:09:50,2,4,0,475.64,Shopping Mall,RuPay,0,1,3,2,33.66,47187.62,1219,0
9944,2024-03-24 04:33:45,4,6,1,4992.37,Airport Terminal,MasterCard,5,1,6,5,560.39,1965.88,317,1
887,2024-04-22 15:35:57,15,0,0,163.61,University Campus,Visa,0,1,3,7,10.87,15310.51,2663,0
9593,2024-06-29 06:38:20,6,5,1,281.36,Suburban Branch,Visa,0,0,13,20,2786.95,1833.32,208,1
6588,2024-01-12 23:30:49,23,4,0,347.83,Gas Station,Amex,0,1,1,7,28.89,30490.28,3285,0
8101,2024-03-28 22:09:21,22,3,0,128.91,University Campus,RuPay,0,1,2,4,14.49,15950.19,1263,0
1521,2024-11-20 04:24:01,4,2,0,349.64,Airport Terminal,MasterCard,0,1,1,8,18.9,8651.62,173,0
8690,2024-06-11 18:46:16,18,1,0,453.6,Remote Village,MasterCard,0,1,2,4,2.56,43782.59,2008,0
2747,2024-05-27 05:19:49,5,0,0,30.83,Downtown Branch,RuPay,0,1,2,5,35.39,34034.54,39,0
6701,2024-07-15 03:31:26,3,0,0,245.94,Train Station,RuPay,0,1,1,6,11.64,19857.22,1993,0
5776,2024-04-11 08:32:43,8,3,0,187.11,Hotel Lobby,RuPay,0,1,2,6,20.79,30711.08,932,0
315,2024-05-12 17:53:00,17,6,1,101.65,Airport Terminal,Visa,0,1,1,6,29.7,30720.87,2007,0
1800,2024-01-27 02:03:28,2,5,1,282.79,Shopping Mall,Amex,0,1,3,8,44.96,40204.92,1160,0
328,2024-01-15 13:12:19,13,0,0,102.66,Remote Village,MasterCard,0,1,3,7,1.94,44489.75,1387,0
5643,2024-09-17 04:49:43,4,1,0,386.14,Gas Station,Visa,0,1,3,4,11.51,46071.72,1087,0
4205,2024-02-05 20:53:41,20,0,0,234.72,Remote Village,RuPay,0,1,1,5,30.54,31720.02,1947,0
3130,2024-08-09 15:30:03,15,4,0,386.15,Downtown Branch,Visa,1,0,2,1,17.19,4543.78,607,0
6861,2024-06-10 07:06:33,7,0,0,358.06,Hotel Lobby,Amex,1,1,3,4,9.48,18820.85,2894,0
9906,2024-10-26 11:53:47,11,5,1,252.47,Remote Village,MasterCard,2,1,13,16,4347.51,139.22,44,1
3969,2024-04-11 10:36:47,10,3,0,64.13,Shopping Mall,RuPay,0,1,3,8,9.43,10157.35,2694,0
5744,2024-06-05 17:46:03,17,2,0,192.31,Train Station,MasterCard,0,1,2,5,30.16,19850.89,2039,0
6227,2024-07-24 09:44:52,9,2,0,349.81,Train Station,Visa,0,1,1,3,46.77,694.43,591,0
1974,2024-07-22 06:09:45,6,0,0,70.31,University Campus,Visa,0,1,1,6,37.6,42461.17,497,0
337,2024-10-03 19:13:22,19,3,0,484.17,Hospital,RuPay,0,1,2,8,12.6,23388.23,2803,0
2765,2024-01-11 18:15:52,18,3,0,316.36,Remote Village,MasterCard,0,1,1,3,27.49,36071.44,547,0
7661,2024-03-20 23:12:17,23,2,0,274.39,Suburban Branch,Amex,1,1,1,8,33.94,36162.33,196,0
276,2024-05-21 21:53:27,21,1,0,282.25,Train Station,Visa,0,1,1,1,29.37,788.29,913,0
2986,2024-11-22 02:53:53,2,4,0,343.77,Suburban Branch,MasterCard,0,1,2,2,39.63,37756.32,716,0
5647,2024-12-09 23:58:08,23,0,0,416.48,Train Station,Visa,0,1,2,8,9.97,262.07,289,0
5850,2024-06-05 06:25:30,6,2,0,486.02,Shopping Mall,RuPay,0,1,3,3,26.23,42623.86,1083,0
3478,2024-03-07 14:41:58,14,3,0,416.6,Gas Station,RuPay,0,1,1,3,1.78,19595.24,1770,0
7559,2024-04-15 19:31:12,19,0,0,76.68,Shopping Mall,MasterCard,0,1,2,2,20.84,41810.12,776,0
3559,2024-04-05 11:25:29,11,4,0,149.68,Gas Station,Amex,0,1,1,2,18.72,34516.7,1076,0
2810,2024-06-23 13:05:16,13,6,1,198.84,Hotel Lobby,Amex,1,1,1,2,21.25,17780.74,216,0
9114,2024-02-21 08:57:01,8,2,0,211.48,Remote Village,Visa,0,1,3,5,46.54,30011.46,1454,0
4862,2024-12-27 15:37:30,15,4,0,71.16,Downtown Branch,Visa,0,1,2,1,37.57,23391.85,1626,0
6587,2024-12-25 23:14:35,23,2,0,264.51,Remote Village,RuPay,0,1,1,2,0.3,35815.12,2897,0
3417,2024-12-16 09:26:22,9,0,0,31.36,University Campus,Amex,0,1,3,3,23.79,5207.87,1703,0
308,2024-08-15 14:04:16,14,3,0,68.5,Shopping Mall,Amex,0,0,3,7,39.59,48037.04,2689,0
3909,2024-12-05 13:01:22,13,3,0,71.51,Downtown Branch,MasterCard,0,1,2,1,45.76,27773.45,2217,0
349,2024-12-12 10:06:07,10,3,0,174.66,University Campus,MasterCard,0,1,1,4,11.31,43861.56,1308,0
827,2024-01-08 16:39:09,16,0,0,385.73,Airport Terminal,RuPay,0,1,2,3,27.64,8867.4,1588,0
9502,2024-03-24 03:45:35,3,6,1,317.41,Suburban Branch,RuPay,2,1,4,28,3451.37,1444.11,159,1
4483,2024-01-17 21:58:45,21,2,0,146.35,Gas Station,MasterCard,0,1,1,7,2.56,44192.82,610,0
6577,2024-05-08 15:12:35,15,2,0,50.6,Downtown Branch,RuPay,0,1,2,8,43.91,27088.19,907,0
3683,2024-10-07 13:53:02,13,0,0,245.84,Shopping Mall,Amex,0,1,3,1,41.19,10206.23,710,0
5877,2024-04-28 18:10:48,18,6,1,328.02,Shopping Mall,Visa,0,1,1,1,10.54,14332.97,619,0
8388,2024-01-31 05:38:57,5,2,0,226.81,Train Station,Visa,0,1,1,5,27.27,17946.16,1232,0
2054,2024-05-11 00:27:09,0,5,1,345.04,Suburban Branch,RuPay,0,1,3,3,36.2,26458.93,1165,0
72,2024-09-13 11:38:11,11,4,0,58.97,Suburban Branch,Visa,0,1,1,7,22.53,29731.18,1222,0
5508,2024-08-07 11:35:41,11,2,0,426.92,University Campus,MasterCard,0,1,1,3,43.74,24100.72,189,0
8515,2024-11-01 03:29:42,3,4,0,26.0,University Campus,MasterCard,0,1,3,5,40.31,35585.77,938,0
7511,2024-03-29 02:25:50,2,4,0,312.25,Hospital,Amex,0,1,1,4,19.63,40644.43,2186,0
8152,2024-08-18 04:55:31,4,6,1,232.9,Suburban Branch,RuPay,0,1,2,5,23.28,6365.66,2881,0
1667,2024-03-03 20:46:42,20,6,1,223.43,Downtown Branch,Visa,0,1,3,6,22.39,7491.79,154,0
7862,2024-01-22 20:57:51,20,0,0,246.82,Hotel Lobby,RuPay,0,1,1,1,24.93,23674.62,1118,0
9160,2024-03-31 18:44:07,18,6,1,477.87,University Campus,MasterCard,0,1,2,8,13.58,27618.02,1126,0
5689,2024-03-19 23:21:16,23,1,0,71.07,Shopping Mall,RuPay,1,1,3,5,14.08,3405.28,2275,0
1446,2024-05-09 17:29:13,17,3,0,403.29,Remote Village,RuPay,0,1,2,1,40.06,29322.5,3648,0
5228,2024-11-15 01:43:23,1,4,0,163.66,Remote Village,MasterCard,0,1,1,8,28.39,13341.69,2234,0
6983,2024-06-18 10:34:20,10,1,0,392.86,University Campus,RuPay,1,1,2,1,26.81,28594.78,563,0
1696,2024-10-19 09:29:33,9,5,1,273.06,Airport Terminal,Visa,0,1,3,2,4.46,3785.27,3428,0
2893,2024-07-09 05:16:49,5,1,0,215.46,Hospital,Amex,0,1,1,1,29.32,14856.34,517,0
1575,2024-06-17 14:31:48,14,0,0,337.24,Suburban Branch,MasterCard,0,1,2,6,20.35,3732.93,3426,0
3204,2024-03-17 08:07:40,8,6,1,414.67,Train Station,Amex,0,1,2,3,39.13,35464.74,3134,0
4406,2024-04-23 07:57:40,7,1,0,488.96,Hotel Lobby,Amex,0,1,2,8,35.87,40580.97,935,0
1631,2024-03-18 17:49:22,17,0,0,311.16,Downtown Branch,MasterCard,1,1,3,2,2.95,36940.99,398,0
8381,2024-09-17 01:01:32,1,1,0,187.64,Train Station,Amex,1,1,2,1,13.35,41163.44,2664,0
1882,2024-10-30 11:27:51,11,2,0,414.35,Downtown Branch,Amex,0,1,3,6,35.54,44869.6,2360,0
8822,2024-12-29 00:36:55,0,6,1,363.7,Suburban Branch,Visa,1,1,1,6,37.3,16415.92,2313,0
6464,2024-11-21 23:18:22,23,3,0,401.45,University Campus,MasterCard,0,1,3,8,29.87,6844.46,2237,0
849,2024-02-10 23:02:55,23,5,1,228.75,Shopping Mall,RuPay,0,1,2,7,38.32,11096.76,1085,0
9924,2024-12-08 22:07:12,22,6,1,191.3,University Campus,MasterCard,1,1,15,19,888.17,1943.37,326,1
6189,2024-11-16 08:03:26,8,5,1,212.8,Remote Village,Visa,0,1,2,7,17.85,25523.86,1736,0
5870,2024-07-10 02:58:52,2,2,0,115.74,Suburban Branch,MasterCard,0,1,1,7,29.08,47291.14,3119,0
2878,2024-10-06 13:07:51,13,6,1,236.69,Airport Terminal,Visa,0,1,3,4,49.38,48162.45,1897,0
187,2024-05-03 03:02:02,3,4,0,250.31,Gas Station,MasterCard,0,1,3,7,44.79,19787.17,1443,0
3780,2024-05-23 11:28:10,11,3,0,220.28,Train Station,Visa,0,1,1,7,19.54,24599.34,3555,0
1831,2024-10-14 01:08:18,1,0,0,450.21,Suburban Branch,RuPay,0,1,2,5,42.21,32559.29,2810,0
8326,2024-08-17 17:22:21,17,5,1,101.3,University Campus,RuPay,0,1,1,8,6.56,39023.05,1870,0
9242,2024-02-09 15:46:36,15,4,0,426.32,Train Station,Visa,0,1,2,7,4.07,13414.87,3157,0
6379,2024-06-28 03:38:24,3,4,0,489.34,Airport Terminal,RuPay,1,1,2,1,2.91,38563.44,435,0
1235,2024-07-10 09:14:41,9,2,0,379.39,University Campus,Visa,1,1,3,3,40.27,7215.52,2730,0
6965,2024-02-18 12:57:02,12,6,1,275.62,Suburban Branch,Visa,0,1,1,5,31.59,12039.64,452,0
3916,2024-11-03 14:40:09,14,6,1,392.65,Hospital,RuPay,0,1,1,5,1.66,16221.6,1996,0
447,2024-06-03 17:22:29,17,0,0,67.51,University Campus,Amex,0,1,2,2,22.49,16799.36,1508,0
845,2024-07-18 23:20:46,23,3,0,218.3,Hotel Lobby,RuPay,0,1,2,1,48.48,36817.07,2806,0
8063,2024-07-10 17:00:40,17,2,0,29.33,Suburban Branch,RuPay,0,1,2,7,12.52,11495.33,3450,0
5403,2024-08-01 20:32:57,20,3,0,132.22,Downtown Branch,MasterCard,0,1,3,7,36.75,2535.63,451,0
2441,2024-09-19 09:56:04,9,3,0,296.6,Suburban Branch,MasterCard,0,1,3,7,24.94,37029.3,381,0
3104,2024-04-09 00:13:40,0,1,0,458.8,University Campus,Amex,0,1,3,1,37.21,39340.32,2944,0
8586,2024-09-05 02:00:26,2,3,0,75.01,Train Station,RuPay,0,1,3,3,9.54,17446.93,2440,0
6792,2024-05-07 16:54:21,16,1,0,239.71,Remote Village,Visa,0,1,1,2,44.08,8652.95,2017,0
5651,2024-09-12 00:17:05,0,3,0,398.49,Train Station,Amex,0,1,2,2,15.58,7178.83,1848,0
1295,2024-10-03 16:08:52,16,3,0,173.75,Train Station,Visa,0,1,3,1,2.26,19136.29,2853,0
5080,2024-07-26 19:28:39,19,4,0,143.48,Suburban Branch,MasterCard,1,1,2,5,26.47,42894.01,2952,0
9017,2024-10-06 05:13:18,5,6,1,174.58,Airport Terminal,MasterCard,0,1,2,8,40.58,12093.36,1529,0
5068,2024-07-06 10:01:40,10,5,1,386.55,Hospital,Amex,0,1,1,6,26.11,17122.14,2170,0
3443,2024-07-31 06:30:42,6,2,0,27.0,Gas Station,RuPay,0,1,3,4,19.45,3506.78,2114,0
8452,2024-07-25 21:14:12,21,3,0,58.26,Suburban Branch,RuPay,0,1,1,6,48.5,41957.82,723,0
7274,2024-11-04 22:07:10,22,0,0,240.14,Airport Terminal,Visa,0,1,1,6,31.5,37097.36,315,0
6106,2024-06-26 01:45:14,1,2,0,33.73,University Campus,Amex,0,1,1,1,31.32,22077.68,2522,0
777,2024-07-05 16:52:45,16,4,0,372.6,Hotel Lobby,Amex,1,1,2,4,20.02,41321.61,57,0
9717,2024-08-24 22:16:14,22,5,1,120.83,Shopping Mall,MasterCard,3,0,5,21,4321.96,-97.73,118,1
2154,2024-10-19 09:31:30,9,5,1,443.51,Downtown Branch,MasterCard,0,1,1,8,13.35,21297.81,2115,0
4921,2024-08-12 00:41:00,0,0,0,392.38,Remote Village,MasterCard,0,1,3,6,1.13,44360.46,3389,0
5361,2024-10-24 23:48:46,23,3,0,89.21,Gas Station,MasterCard,0,1,1,4,2.48,7925.16,3574,0
9736,2024-05-21 02:01:10,2,1,0,498.03,Train Station,Visa,2,0,7,8,3137.36,-123.77,297,1
5958,2024-05-31 12:52:36,12,4,0,373.05,Train Station,Amex,0,1,2,6,10.44,43361.9,2826,0
8412,2024-06-29 22:11:20,22,5,1,272.91,Hospital,RuPay,0,1,3,1,0.22,9864.48,820,0
8433,2024-12-04 20:32:34,20,2,0,497.26,Hospital,MasterCard,0,1,3,5,17.17,7859.41,2675,0
3184,2024-02-03 19:11:12,19,5,1,21.22,Hospital,Amex,0,1,2,5,41.28,35231.38,105,0
6793,2024-02-12 19:12:30,19,0,0,26.24,Hospital,MasterCard,0,1,1,7,18.47,41391.32,69,0
3200,2024-09-27 13:02:17,13,4,0,461.03,Downtown Branch,Visa,0,1,2,4,2.77,40166.27,1155,0
9370,2024-08-11 09:38:07,9,6,1,279.88,Suburban Branch,Visa,0,1,3,3,14.73,4230.31,276,0
1290,2024-10-20 23:02:17,23,6,1,282.26,Hotel Lobby,RuPay,0,1,1,5,47.21,21373.33,1812,0
4582,2024-08-22 03:24:53,3,3,0,496.06,Hotel Lobby,Visa,0,1,1,4,9.97,24859.07,2163,0
6193,2024-12-28 20:44:05,20,5,1,300.95,Remote Village,RuPay,0,1,3,6,23.53,2551.91,207,0
8936,2024-07-19 03:11:19,3,4,0,275.17,Hotel Lobby,Amex,0,1,1,3,33.6,46471.42,1122,0
7150,2024-12-25 08:47:44,8,2,0,278.57,Suburban Branch,Amex,1,0,1,3,30.8,18366.84,2086,0
9847,2024-03-16 13:57:04,13,5,1,183.78,Airport Terminal,RuPay,1,1,15,10,1583.35,1428.54,299,1
4107,2024-05-05 23:35:18,23,6,1,33.01,Shopping Mall,RuPay,0,1,2,1,1.21,15585.7,3203,0
4127,2024-05-08 22:57:31,22,2,0,232.26,Hospital,Amex,0,1,3,8,25.55,15898.91,1780,0
8301,2024-05-21 13:21:06,13,1,0,225.52,Hotel Lobby,Visa,0,1,3,5,48.91,48113.93,2270,0
3967,2024-12-07 01:23:20,1,5,1,286.12,Shopping Mall,Amex,0,1,1,3,16.47,24353.68,591,0
1880,2024-04-25 04:43:49,4,3,0,447.32,Hospital,RuPay,0,1,3,3,1.67,12508.19,1299,0
8497,2024-08-18 19:08:14,19,6,1,413.45,Airport Terminal,Amex,0,1,1,3,33.4,8511.58,2361,0
9300,2024-10-22 10:53:54,10,1,0,429.06,Hotel Lobby,RuPay,0,1,1,2,17.74,31246.85,3569,0
6349,2024-12-22 05:54:46,5,6,1,218.99,Hospital,Visa,0,1,1,4,22.02,2494.37,222,0
3588,2024-06-27 03:50:08,3,3,0,450.1,Gas Station,Visa,0,1,3,6,36.37,37520.61,1382,0
7373,2024-12-30 11:38:11,11,0,0,115.22,Train Station,MasterCard,0,1,3,6,12.36,42394.97,1842,0
3866,2024-01-03 18:36:18,18,2,0,257.53,University Campus,RuPay,0,1,1,6,9.79,19654.92,2563,0
8488,2024-05-28 04:27:37,4,1,0,317.51,Hotel Lobby,Visa,0,1,3,4,37.89,1565.7,1154,0
4132,2024-03-13 12:19:08,12,2,0,290.24,Airport Terminal,Visa,1,1,2,7,18.65,13507.39,2301,0
1037,2024-10-26 17:10:08,17,5,1,408.11,University Campus,Visa,0,1,1,7,37.79,21060.8,293,0
637,2024-08-13 03:40:27,3,1,0,186.96,Suburban Branch,Visa,0,1,3,4,25.25,3510.02,3387,0
6154,2024-01-22 08:21:21,8,0,0,45.51,Train Station,Visa,0,1,2,8,13.29,6338.53,573,0
4135,2024-08-15 08:59:17,8,3,0,403.7,Remote Village,RuPay,0,1,3,2,0.32,29904.86,1790,0
5339,2024-08-11 15:23:57,15,6,1,404.4,Hotel Lobby,MasterCard,0,1,3,2,49.69,42955.31,1009,0
1084,2024-01-17 06:51:25,6,2,0,410.71,University Campus,Amex,0,1,2,6,4.97,14311.07,515,0
862,2024-01-21 09:04:32,9,6,1,76.33,Hotel Lobby,RuPay,0,1,1,7,12.25,6028.25,1654,0
904,2024-07-26 05:07:00,5,4,0,365.97,University Campus,Amex,0,1,3,5,44.58,37991.82,3495,0
192,2024-09-10 07:51:53,7,1,0,295.58,Downtown Branch,RuPay,0,1,1,7,44.11,8871.86,178,0
110,2024-07-03 22:56:02,22,2,0,235.17,Remote Village,Amex,0,1,3,4,47.27,2263.92,3238,0
4456,2024-05-09 10:35:11,10,3,0,230.95,Remote Village,RuPay,0,1,3,2,42.93,33748.64,181,0
1943,2024-06-10 13:20:43,13,0,0,492.44,Shopping Mall,Visa,0,1,2,6,45.76,2457.44,901,0
5857,2024-12-28 04:28:39,4,5,1,281.54,Remote Village,RuPay,0,1,1,5,37.45,23606.45,99,0
4332,2024-08-23 14:28:10,14,4,0,313.2,Downtown Branch,RuPay,0,1,2,7,19.37,42612.07,3125,0
8542,2024-05-03 01:05:15,1,4,0,476.83,Suburban Branch,RuPay,0,1,1,8,34.82,9829.34,2196,0
2041,2024-06-26 23:29:26,23,2,0,61.6,Shopping Mall,Amex,0,1,1,7,3.43,4569.61,150,0
7332,2024-01-07 22:02:28,22,6,1,31.79,Hospital,RuPay,0,1,3,8,13.32,34214.03,2131,0
7318,2024-07-03 20:26:48,20,2,0,339.74,Suburban Branch,MasterCard,2,1,3,1,22.2,13081.15,1445,0
7780,2024-08-13 11:23:08,11,1,0,174.67,Hospital,Visa,1,1,2,7,34.9,661.55,2750,0
4660,2024-07-06 22:24:11,22,5,1,115.16,Shopping Mall,Visa,0,1,3,8,46.31,33532.87,2350,0
7314,2024-08-29 21:05:50,21,3,0,430.73,Airport Terminal,Visa,0,1,3,4,42.58,48996.67,1851,0
2776,2024-06-11 16:53:56,16,1,0,355.52,Train Station,MasterCard,0,1,2,3,20.28,34756.69,2872,0
4146,2024-10-09 22:25:56,22,2,0,130.88,University Campus,Amex,1,1,1,8,22.9,14034.61,2665,0
2324,2024-10-12 11:17:38,11,5,1,454.21,Remote Village,RuPay,0,1,2,3,31.97,24349.78,1826,0
763,2024-04-16 10:11:48,10,1,0,78.42,Train Station,RuPay,0,1,1,4,2.35,45927.74,2210,0
2618,2024-08-09 17:52:34,17,4,0,428.53,Hospital,Amex,0,1,2,3,12.11,14596.19,1108,0
2412,2024-02-11 06:15:20,6,6,1,296.7,University Campus,Visa,0,1,1,8,30.21,4329.16,283,0
1095,2024-03-26 00:34:49,0,1,0,73.94,Gas Station,RuPay,1,1,2,6,12.37,21300.78,751,0
6174,2024-08-24 12:31:19,12,5,1,495.41,University Campus,Visa,0,1,2,5,34.71,9746.97,999,0
7049,2024-02-04 14:29:04,14,6,1,327.58,Shopping Mall,Visa,1,1,3,2,36.28,12082.87,3383,0
9273,2024-04-20 10:26:56,10,5,1,64.96,Train Station,Visa,0,1,3,8,27.26,19121.7,1037,0
3136,2024-08-24 06:35:33,6,5,1,491.74,Shopping Mall,RuPay,0,1,3,1,14.52,18018.43,3550,0
7788,2024-12-01 21:18:05,21,6,1,362.58,Train Station,MasterCard,0,1,1,3,12.75,877.34,3289,0
5041,2024-10-30 05:42:29,5,2,0,328.04,Downtown Branch,MasterCard,0,1,1,6,2.37,19227.91,243,0
3806,2024-08-09 17:36:52,17,4,0,222.81,University Campus,RuPay,0,1,3,7,44.17,17718.65,3166,0
885,2024-08-23 21:07:54,21,4,0,235.35,Suburban Branch,Visa,0,1,1,2,18.35,6752.61,1477,0
2655,2024-01-14 16:48:25,16,6,1,65.01,Hotel Lobby,RuPay,0,1,1,4,25.74,24657.63,2113,0
5922,2024-11-23 12:07:31,12,5,1,459.8,Remote Village,Visa,0,1,2,5,41.25,24431.72,844,0
6188,2024-12-25 19:51:52,19,2,0,450.37,Remote Village,MasterCard,0,1,1,5,23.18,27090.04,2283,0
8086,2024-01-04 14:20:18,14,3,0,82.94,Hotel Lobby,MasterCard,0,1,3,8,29.54,39487.99,1426,0
6743,2024-07-30 04:35:08,4,1,0,132.99,Gas Station,Visa,0,1,3,6,21.99,49328.15,2027,0
7627,2024-04-14 01:55:12,1,6,1,402.07,Airport Terminal,Amex,0,1,3,8,15.02,2905.84,1042,0
5681,2024-09-13 21:16:35,21,4,0,451.1,Remote Village,Amex,0,1,1,2,37.12,24572.51,2096,0
7008,2024-03-17 19:32:17,19,6,1,375.94,Airport Terminal,Visa,0,1,1,8,35.28,16376.16,1756,0
9687,2024-10-27 22:19:26,22,6,1,238.51,Gas Station,MasterCard,3,1,14,18,949.19,-38.24,272,1
2203,2024-10-29 19:37:01,19,1,0,150.05,Train Station,Visa,0,1,3,7,43.3,38745.9,1321,0
6108,2024-02-19 00:50:26,0,0,0,53.87,Hospital,RuPay,0,1,2,5,39.8,36978.26,870,0
6418,2024-09-30 17:06:20,17,0,0,204.41,Hotel Lobby,MasterCard,0,1,1,7,25.85,1412.63,3323,0
1263,2024-11-28 16:31:22,16,3,0,62.66,Suburban Branch,Visa,0,1,1,6,41.43,5154.78,2987,0
8380,2024-12-03 11:45:08,11,1,0,128.65,University Campus,Visa,0,1,1,3,45.41,47913.5,2003,0
976,2024-02-15 12:26:58,12,3,0,488.44,Train Station,MasterCard,2,0,3,1,7.92,37110.67,528,0
5832,2024-03-01 04:27:11,4,4,0,222.75,Downtown Branch,MasterCard,1,1,2,4,1.33,35986.21,1826,0
4926,2024-01-31 10:40:31,10,2,0,152.63,Shopping Mall,Amex,0,1,2,3,29.6,1633.8,1571,0
942,2024-10-25 13:58:30,13,4,0,364.91,Suburban Branch,Amex,2,1,3,6,22.37,6646.76,1221,0
4724,2024-01-08 12:56:31,12,0,0,319.99,Shopping Mall,Amex,0,1,2,5,16.47,6438.51,2012,0
2388,2024-06-24 16:24:16,16,0,0,310.56,Hotel Lobby,Amex,0,1,1,2,46.8,17416.76,151,0
9729,2024-09-10 06:43:38,6,1,0,343.52,Shopping Mall,Visa,1,0,14,30,4002.65,1875.55,281,1
5022,2024-02-01 11:33:08,11,3,0,121.51,Downtown Branch,MasterCard,0,1,2,8,9.12,23408.62,3505,0
4392,2024-10-12 09:17:46,9,5,1,185.53,Train Station,RuPay,0,1,3,7,37.01,27013.68,1547,0
5149,2024-11-11 06:22:17,6,0,0,65.42,Shopping Mall,Amex,0,1,2,8,6.03,28376.96,318,0
3222,2024-05-19 02:49:09,2,6,1,427.85,Gas Station,Amex,0,0,1,1,22.01,32169.09,510,0
3883,2024-05-20 21:43:37,21,0,0,176.1,Airport Terminal,Amex,0,1,3,4,11.79,3324.61,3155,0
9439,2024-10-23 10:04:46,10,2,0,158.94,Hospital,RuPay,1,1,3,5,27.06,12164.89,3602,0
6625,2024-10-19 00:04:19,0,5,1,28.74,Airport Terminal,RuPay,0,1,2,7,15.29,37076.0,1720,0
5919,2024-09-20 06:17:12,6,4,0,343.94,Remote Village,Amex,0,1,3,1,24.67,31652.71,1169,0
2790,2024-03-11 05:04:15,5,0,0,493.16,Airport Terminal,Amex,0,1,1,5,37.91,46676.89,118,0
945,2024-01-27 11:18:51,11,5,1,154.46,Airport Terminal,RuPay,0,1,3,8,12.9,23715.72,1078,0
8909,2024-10-18 20:18:44,20,4,0,153.77,Suburban Branch,Amex,0,1,3,5,39.79,9914.25,1421,0
1858,2024-03-30 20:05:52,20,5,1,58.35,Shopping Mall,RuPay,0,1,3,7,33.75,1513.09,1419,0
9081,2024-06-26 02:35:29,2,2,0,91.9,Remote Village,MasterCard,0,1,3,8,40.27,36255.4,517,0
4109,2024-07-04 02:31:53,2,3,0,372.17,Hospital,MasterCard,0,1,3,1,17.85,48551.55,2018,0
8514,2024-09-03 23:51:12,23,1,0,57.15,University Campus,Visa,0,1,3,2,37.88,34701.33,1064,0
3256,2024-06-21 06:54:05,6,4,0,415.9,Remote Village,Amex,0,1,2,7,26.32,33221.2,1283,0
2691,2024-09-26 14:44:00,14,3,0,277.55,Hotel Lobby,Amex,0,1,2,6,20.06,5282.73,1433,0
9513,2024-08-25 02:51:28,2,6,1,1941.4,Remote Village,RuPay,2,1,4,8,4959.64,1916.82,321,1
6962,2024-01-06 00:02:17,0,5,1,67.77,Gas Station,Amex,0,1,3,7,45.53,29333.18,3398,0
1320,2024-02-09 10:02:37,10,4,0,405.12,Shopping Mall,Amex,0,1,1,7,7.91,27660.83,1953,0
8883,2024-03-12 11:17:46,11,1,0,339.16,Remote Village,Visa,0,1,2,8,34.9,28707.69,1989,0
9881,2024-10-17 04:41:05,4,3,0,463.93,Remote Village,MasterCard,1,1,13,7,1495.1,109.01,253,1
5163,2024-02-24 20:18:24,20,5,1,44.17,Suburban Branch,MasterCard,0,1,1,1,37.96,25934.22,1003,0
5830,2024-03-01 15:21:45,15,4,0,387.13,Downtown Branch,RuPay,0,1,2,3,4.17,22177.97,1976,0
7954,2024-10-25 09:17:40,9,4,0,163.27,Hospital,Amex,0,1,1,2,31.15,45839.61,2825,0
5959,2024-12-18 12:31:22,12,2,0,466.36,Hotel Lobby,Visa,0,1,2,6,31.77,30956.83,1424,0
9272,2024-02-14 22:14:56,22,2,0,322.44,Airport Terminal,Visa,0,0,3,5,48.1,25188.6,2036,0
3476,2024-11-11 19:28:55,19,0,0,57.0,Remote Village,RuPay,0,1,3,3,41.83,9474.85,2735,0
3506,2024-04-20 13:58:15,13,5,1,89.08,University Campus,RuPay,0,1,3,8,2.31,3966.17,3266,0
4750,2024-02-04 14:13:10,14,6,1,286.21,University Campus,RuPay,0,1,1,7,44.44,27642.5,2621,0
2478,2024-11-11 06:44:37,6,0,0,26.17,Downtown Branch,Visa,1,1,3,1,26.32,29799.91,991,0
9491,2024-07-15 19:57:44,19,0,0,278.9,Gas Station,MasterCard,0,1,1,6,40.32,6208.26,1563,0
6616,2024-09-19 04:27:45,4,3,0,314.45,Gas Station,MasterCard,0,1,2,2,35.0,44998.93,1693,0
7414,2024-07-17 12:09:43,12,2,0,347.36,Remote Village,Amex,0,1,2,3,34.68,6175.88,2510,0
7587,2024-10-31 16:37:39,16,3,0,177.13,Hotel Lobby,Visa,0,1,1,4,3.69,17868.13,561,0
5345,2024-04-06 15:57:57,15,5,1,371.19,Airport Terminal,RuPay,0,1,1,6,21.59,35621.25,2255,0
9864,2024-10-13 18:22:21,18,6,1,295.47,Shopping Mall,RuPay,1,1,4,7,638.27,1424.39,211,1
7112,2024-06-18 23:14:42,23,1,0,251.53,Train Station,RuPay,1,1,1,5,23.3,35079.82,76,0
1875,2024-11-29 15:47:52,15,4,0,393.32,Downtown Branch,MasterCard,0,1,2,7,42.41,19136.92,292,0
8517,2024-06-08 19:55:47,19,5,1,438.37,Train Station,MasterCard,0,1,2,7,45.26,47291.14,378,0
5271,2024-04-23 04:39:29,4,1,0,223.84,Train Station,Amex,0,1,1,2,14.3,43180.19,772,0
5097,2024-11-16 05:08:28,5,5,1,400.52,Hotel Lobby,MasterCard,0,1,2,5,28.19,26366.24,2605,0
2905,2024-12-07 01:21:58,1,5,1,187.34,Shopping Mall,RuPay,1,1,1,4,18.95,26132.23,3211,0
571,2024-02-03 13:10:45,13,5,1,431.09,Remote Village,Visa,0,1,1,2,34.78,12741.45,1942,0
1449,2024-01-18 02:14:05,2,3,0,165.4,University Campus,Amex,1,1,1,7,39.97,44170.01,1778,0
5965,2024-05-13 14:09:08,14,0,0,134.69,Gas Station,RuPay,0,1,3,1,30.41,17769.53,3552,0
6243,2024-11-12 13:38:19,13,1,0,33.14,Hotel Lobby,MasterCard,0,1,1,1,31.49,30846.14,801,0
6348,2024-06-28 01:51:33,1,4,0,219.13,Remote Village,Amex,0,1,3,1,21.19,46182.39,1096,0
7875,2024-02-19 00:44:27,0,0,0,463.3,Downtown Branch,Visa,0,1,2,3,43.36,11474.5,1191,0
9817,2024-12-01 01:28:18,1,6,1,4626.96,Airport Terminal,MasterCard,2,0,14,13,4716.46,-387.85,305,1
3227,2024-08-21 00:26:01,0,2,0,234.59,Suburban Branch,Amex,0,1,1,5,41.55,16542.46,2814,0
9745,2024-01-04 21:19:09,21,3,0,183.15,Suburban Branch,MasterCard,3,0,9,8,1782.42,1832.96,190,1
3979,2024-07-05 10:16:50,10,4,0,25.73,Hotel Lobby,Visa,0,1,2,4,23.99,8555.85,952,0
4384,2024-12-26 07:49:50,7,3,0,80.16,Hospital,MasterCard,0,1,2,5,24.17,49551.46,2031,0
7857,2024-02-01 16:11:00,16,3,0,38.66,Gas Station,Amex,0,1,3,8,30.28,20375.47,1634,0
3540,2024-06-18 09:20:32,9,1,0,237.0,Downtown Branch,Amex,0,1,3,4,49.81,32555.54,1638,0
5683,2024-12-22 17:32:25,17,6,1,23.45,Shopping Mall,MasterCard,0,1,1,8,15.0,37044.52,2155,0
2828,2024-03-28 21:51:47,21,3,0,472.65,Airport Terminal,Visa,0,1,1,3,19.01,19094.36,2435,0
7659,2024-03-14 22:18:18,22,3,0,227.8,Shopping Mall,RuPay,0,1,1,1,1.18,10586.8,3255,0
4997,2024-08-25 00:40:58,0,6,1,210.27,Airport Terminal,RuPay,0,1,2,1,49.45,15889.06,2856,0
1339,2024-08-28 17:22:39,17,2,0,382.71,Train Station,Visa,0,1,3,2,15.92,38592.17,1510,0
3263,2024-05-07 07:51:28,7,1,0,300.38,Hotel Lobby,Amex,0,1,2,7,32.59,33337.62,3269,0
6387,2024-12-27 21:21:33,21,4,0,97.28,Gas Station,MasterCard,0,1,1,7,32.55,24456.82,2553,0
7952,2024-10-30 23:19:17,23,2,0,462.21,Train Station,MasterCard,0,1,2,2,10.82,47513.18,922,0
651,2024-07-03 19:48:45,19,2,0,289.88,Downtown Branch,Amex,0,1,2,7,30.85,17702.91,1195,0
2903,2024-01-08 02:46:05,2,0,0,360.15,Train Station,Visa,0,1,1,8,43.7,16324.41,3585,0
2259,2024-08-17 07:39:00,7,5,1,143.48,Shopping Mall,Amex,0,1,3,2,33.03,45520.45,1379,0
7403,2024-05-24 11:20:48,11,4,0,216.26,Suburban Branch,RuPay,0,1,2,2,40.36,31126.9,2957,0
3522,2024-12-27 07:46:08,7,4,0,403.9,University Campus,Visa,0,1,2,3,1.55,31396.43,1014,0
2731,2024-09-28 13:33:54,13,5,1,32.88,Hospital,RuPay,0,1,1,5,3.69,12757.1,2891,0
5497,2024-04-05 18:53:59,18,4,0,276.4,Remote Village,RuPay,1,1,2,1,16.33,29747.73,1215,0
4479,2024-10-30 09:04:52,9,2,0,323.03,University Campus,MasterCard,0,1,2,4,10.38,34018.2,38,0
1597,2024-05-26 01:39:46,1,6,1,279.5,Shopping Mall,Amex,0,1,3,6,16.39,8044.94,1641,0
7067,2024-01-08 00:44:33,0,0,0,134.75,University Campus,Visa,0,1,3,2,20.23,48642.55,1401,0
2585,2024-04-26 12:57:58,12,4,0,422.61,Remote Village,Visa,2,1,1,7,43.0,33403.12,3396,0
5442,2024-04-10 19:33:57,19,2,0,204.77,Suburban Branch,MasterCard,0,1,2,5,16.68,264.82,542,0
3197,2024-07-11 07:10:44,7,3,0,101.43,Suburban Branch,Amex,0,1,3,7,15.74,11426.83,2584,0
8524,2024-10-20 22:01:08,22,6,1,208.56,Remote Village,Amex,0,1,1,7,27.69,35411.63,234,0
7683,2024-02-12 22:42:28,22,0,0,321.4,Suburban Branch,Visa,0,1,1,7,26.12,3815.79,2833,0
5377,2024-11-23 19:23:49,19,5,1,451.97,Suburban Branch,MasterCard,0,1,2,5,29.87,44733.52,2585,0
1259,2024-09-08 07:18:06,7,6,1,398.31,Remote Village,RuPay,1,1,1,7,40.66,31443.11,3215,0
5278,2024-01-02 23:02:32,23,1,0,468.58,Airport Terminal,Visa,0,1,2,5,9.57,25577.92,2033,0
992,2024-11-12 23:02:49,23,1,0,453.38,Downtown Branch,Amex,2,1,1,2,2.4,15284.08,1110,0
3505,2024-07-05 09:31:29,9,4,0,460.55,University Campus,Visa,0,1,1,4,24.23,20719.31,1148,0
114,2024-11-17 08:06:22,8,6,1,237.68,Airport Terminal,Visa,0,1,2,5,18.72,7716.68,1972,0
920,2024-01-09 05:40:19,5,1,0,415.96,Gas Station,RuPay,0,1,2,3,0.06,11293.21,958,0
2510,2024-06-04 16:35:38,16,1,0,242.47,Downtown Branch,MasterCard,0,1,1,5,8.61,49292.0,2501,0
9405,2024-01-01 23:42:20,23,0,0,484.5,Gas Station,RuPay,0,1,3,4,38.53,44618.3,814,0
166,2024-02-18 16:07:48,16,6,1,486.74,Train Station,MasterCard,0,1,3,6,6.42,41469.78,2288,0
5264,2024-07-14 12:15:34,12,6,1,361.77,University Campus,Visa,0,1,3,8,17.5,41938.27,2040,0
4604,2024-07-05 13:53:19,13,4,0,395.38,Hotel Lobby,RuPay,0,1,1,7,7.84,37053.67,896,0
950,2024-02-12 09:03:47,9,0,0,61.19,Hospital,RuPay,0,1,1,7,16.44,15932.51,2505,0
4595,2024-07-04 21:36:09,21,3,0,193.73,Hotel Lobby,MasterCard,0,1,2,5,0.69,38976.16,2422,0
5728,2024-12-19 05:16:41,5,3,0,252.59,University Campus,RuPay,0,1,2,3,26.7,21796.15,2158,0
3771,2024-04-05 15:17:45,15,4,0,234.77,Gas Station,Visa,0,1,3,2,40.47,44722.65,2140,0
2507,2024-05-21 17:17:16,17,1,0,271.77,Suburban Branch,MasterCard,0,1,2,4,7.95,44202.71,1703,0
5108,2024-08-25 05:20:33,5,6,1,346.63,Hospital,Amex,0,1,3,4,4.33,43831.7,3522,0
2851,2024-09-26 16:56:06,16,3,0,458.26,Train Station,Amex,0,1,1,4,39.64,40608.19,3399,0
6486,2024-02-19 23:38:44,23,0,0,316.79,Remote Village,MasterCard,0,1,3,4,15.99,40794.93,1032,0
5363,2024-08-20 02:49:40,2,1,0,289.49,Hotel Lobby,Amex,0,1,3,4,16.65,30656.66,3344,0
7443,2024-09-26 06:20:34,6,3,0,139.82,Hotel Lobby,Amex,0,1,1,5,7.77,41634.92,1619,0
4447,2024-11-10 09:57:51,9,6,1,54.1,Airport Terminal,RuPay,1,1,1,5,16.86,25852.65,2225,0
4461,2024-02-13 07:52:39,7,1,0,127.6,Shopping Mall,MasterCard,0,1,2,7,32.05,17094.54,1051,0
9514,2024-12-09 04:47:56,4,0,0,1471.56,Airport Terminal,Amex,2,1,14,8,3648.72,330.95,101,1
2506,2024-03-24 19:43:17,19,6,1,228.4,Gas Station,RuPay,0,1,1,3,1.46,33183.47,1917,0
1115,2024-02-24 23:02:22,23,5,1,159.29,Remote Village,MasterCard,0,1,2,5,23.61,10609.79,1382,0
8398,2024-04-12 16:21:07,16,4,0,472.11,Hospital,RuPay,0,1,2,6,28.34,44535.14,1112,0
299,2024-07-11 16:13:59,16,3,0,34.15,Shopping Mall,MasterCard,0,1,1,5,13.99,44182.85,171,0
1676,2024-05-02 23:32:24,23,3,0,396.54,Remote Village,RuPay,0,1,1,5,32.33,29936.87,2065,0
3348,2024-12-22 05:09:52,5,6,1,89.43,Shopping Mall,MasterCard,0,1,1,7,17.32,44279.6,1819,0
2736,2024-12-03 04:57:59,4,1,0,183.34,Gas Station,MasterCard,0,1,3,1,29.33,35075.38,1827,0
7820,2024-09-02 04:47:43,4,0,0,95.39,Train Station,Visa,0,1,3,1,0.56,25076.22,3574,0
4989,2024-11-26 09:31:55,9,1,0,77.84,Suburban Branch,Amex,0,1,3,5,27.92,41763.57,2390,0
9895,2024-10-24 04:51:15,4,3,0,4167.55,Airport Terminal,RuPay,2,1,10,10,4057.29,531.41,125,1
5818,2024-12-15 12:50:42,12,6,1,334.88,Hospital,Visa,0,1,2,6,41.21,4330.86,2487,0
4326,2024-05-09 02:11:26,2,3,0,426.54,Hospital,Visa,0,1,2,4,13.42,49976.06,1741,0
6720,2024-07-25 13:32:03,13,3,0,423.99,Airport Terminal,Amex,0,1,1,1,1.74,22669.53,3389,0
8787,2024-01-25 19:48:38,19,3,0,98.99,Downtown Branch,MasterCard,0,1,1,5,17.5,36188.33,1771,0
4551,2024-01-09 00:21:50,0,1,0,391.77,University Campus,RuPay,0,1,3,6,2.2,19613.07,1686,0
8573,2024-01-13 22:13:09,22,5,1,202.37,Airport Terminal,MasterCard,0,1,3,2,18.24,47062.7,983,0
7848,2024-10-16 02:18:54,2,2,0,138.13,University Campus,MasterCard,0,1,2,6,18.63,13315.72,422,0
2104,2024-01-24 02:34:38,2,2,0,80.21,Hospital,Amex,0,1,3,6,41.2,22735.5,710,0
5814,2024-01-08 02:32:12,2,0,0,345.77,Suburban Branch,RuPay,0,1,1,8,5.11,44512.18,2014,0
9105,2024-02-09 09:29:37,9,4,0,293.3,Remote Village,Visa,0,1,3,6,48.62,45687.74,1743,0
7454,2024-10-17 23:10:34,23,3,0,359.53,Remote Village,RuPay,0,1,1,5,42.16,24403.57,2193,0
1838,2024-02-17 05:36:35,5,5,1,115.1,Hotel Lobby,MasterCard,0,1,3,7,8.8,36070.21,2491,0
7903,2024-10-28 12:46:10,12,0,0,162.89,Hospital,MasterCard,0,1,3,4,7.87,5274.6,1381,0
8319,2024-04-20 22:55:45,22,5,1,220.06,Remote Village,RuPay,0,1,3,6,30.88,34659.03,2882,0
8724,2024-08-08 00:52:35,0,3,0,24.21,Hospital,Visa,0,1,2,8,11.66,13876.52,2784,0
608,2024-03-14 03:34:57,3,3,0,448.11,Airport Terminal,Amex,0,1,1,5,47.91,3939.67,704,0
8375,2024-06-07 15:33:45,15,4,0,291.64,Hotel Lobby,Visa,0,1,2,2,21.71,15191.74,69,0
1094,2024-12-06 22:31:28,22,4,0,164.05,Gas Station,Visa,0,1,2,7,29.89,27216.32,1240,0
6388,2024-06-10 20:18:03,20,0,0,394.52,Gas Station,MasterCard,0,1,3,1,9.08,25206.5,2762,0
6506,2024-11-01 22:01:15,22,4,0,266.4,Airport Terminal,MasterCard,0,1,3,6,41.18,27803.85,548,0
8965,2024-09-09 07:25:59,7,0,0,323.97,Train Station,Visa,0,1,2,4,16.57,25900.57,1601,0
4488,2024-08-25 21:08:23,21,6,1,290.64,Suburban Branch,RuPay,0,1,3,1,2.19,17327.28,1502,0
161,2024-07-12 19:25:36,19,4,0,268.52,Airport Terminal,RuPay,1,1,2,8,10.73,30632.67,2872,0
204,2024-12-28 15:25:08,15,5,1,246.59,Shopping Mall,RuPay,0,1,3,7,18.72,44577.55,1867,0
7041,2024-01-23 23:05:15,23,1,0,223.76,University Campus,Amex,0,1,1,2,23.7,8008.96,3197,0
5894,2024-03-02 23:40:28,23,5,1,107.03,Gas Station,Amex,0,1,2,1,35.85,20058.33,381,0
4934,2024-08-08 00:19:58,0,3,0,182.43,Downtown Branch,Amex,0,1,3,3,32.72,36937.84,830,0
2935,2024-10-09 18:31:53,18,2,0,55.47,University Campus,MasterCard,0,1,1,2,37.03,7961.81,1577,0
7323,2024-07-05 06:19:47,6,4,0,370.28,Train Station,RuPay,0,1,2,8,20.02,43466.59,1495,0
2436,2024-06-27 05:46:30,5,3,0,31.63,Remote Village,MasterCard,0,1,1,5,22.64,34063.65,619,0
1231,2024-08-29 12:39:16,12,3,0,174.11,Hotel Lobby,Visa,0,1,2,1,36.75,7302.61,1699,0
8676,2024-04-26 03:08:05,3,4,0,381.66,Train Station,Amex,0,1,3,3,28.07,18991.32,171,0
3047,2024-11-06 15:15:08,15,2,0,301.78,Shopping Mall,MasterCard,1,1,3,8,37.19,40165.78,1629,0
9655,2024-07-08 03:55:50,3,0,0,3796.72,Airport Terminal,Visa,4,0,15,22,4264.8,1262.59,340,1
8420,2024-12-21 18:44:30,18,5,1,415.04,University Campus,MasterCard,0,1,1,1,28.64,36201.76,1685,0
7667,2024-01-24 02:38:26,2,2,0,73.39,Shopping Mall,RuPay,0,1,3,5,36.67,7371.59,2965,0
6408,2024-04-07 01:07:05,1,6,1,30.06,Hotel Lobby,RuPay,0,1,2,3,42.97,3368.3,2580,0
4252,2024-03-28 10:32:25,10,3,0,297.22,Hotel Lobby,MasterCard,0,1,2,5,19.43,37170.19,2663,0
5578,2024-04-01 21:31:16,21,0,0,473.0,Remote Village,Amex,0,1,2,8,2.9,39601.01,2584,0
3294,2024-12-11 09:28:40,9,2,0,200.38,Downtown Branch,Amex,0,1,3,5,36.13,2253.7,1465,0
4035,2024-07-22 10:58:11,10,0,0,50.39,Gas Station,Amex,0,1,3,1,7.07,47352.4,1997,0
8113,2024-01-03 11:51:54,11,2,0,296.75,University Campus,Amex,0,1,3,2,27.67,47212.79,1500,0
4291,2024-07-03 01:16:40,1,2,0,263.41,Airport Terminal,Amex,2,1,2,1,25.95,48402.13,2806,0
4335,2024-08-23 10:14:55,10,4,0,193.41,University Campus,MasterCard,0,1,3,3,13.57,30113.71,1993,0
5932,2024-10-10 01:25:15,1,3,0,28.2,Downtown Branch,MasterCard,0,1,2,6,22.37,41322.81,2756,0
3878,2024-02-15 09:59:07,9,3,0,214.91,Airport Terminal,RuPay,0,1,3,2,4.3,31797.08,2609,0
5429,2024-01-30 14:25:02,14,1,0,214.98,Gas Station,Amex,0,1,2,2,27.9,7335.46,904,0
4754,2024-07-04 03:47:11,3,3,0,181.42,Hospital,Amex,0,1,3,1,29.09,4541.72,560,0
4887,2024-01-17 03:22:01,3,2,0,290.1,Airport Terminal,Amex,0,1,3,1,3.26,15657.02,1698,0
858,2024-01-09 09:00:28,9,1,0,283.01,Train Station,MasterCard,0,0,2,7,3.59,36365.05,1186,0
8234,2024-03-07 19:47:07,19,3,0,226.83,Gas Station,MasterCard,0,1,1,5,4.99,22662.83,2056,0
8376,2024-07-08 03:07:09,3,0,0,148.19,Remote Village,RuPay,0,1,1,4,1.19,9301.61,2321,0
2562,2024-07-09 10:13:49,10,1,0,79.63,Hospital,Visa,0,1,2,6,25.84,4836.55,2568,0
3802,2024-02-20 19:09:55,19,1,0,329.7,Hotel Lobby,Amex,0,1,1,7,35.63,35233.45,1972,0
2641,2024-03-27 18:46:13,18,2,0,38.72,Gas Station,Visa,0,1,2,8,26.64,33618.76,438,0
9664,2024-01-18 19:44:33,19,3,0,186.55,University Campus,Amex,2,0,6,10,3186.98,-347.11,200,1
4491,2024-11-09 12:37:36,12,5,1,171.03,Hospital,RuPay,0,1,2,1,32.28,16221.43,1655,0
2348,2024-03-26 02:51:49,2,1,0,139.62,Hotel Lobby,Amex,0,1,2,5,46.19,19750.95,2977,0
650,2024-12-09 14:00:13,14,0,0,358.91,Shopping Mall,RuPay,0,1,2,8,38.2,28485.88,2039,0
2782,2024-11-01 20:11:13,20,4,0,248.8,Hotel Lobby,MasterCard,1,1,3,1,39.48,8391.59,3180,0
5653,2024-09-09 08:06:00,8,0,0,240.89,Downtown Branch,Visa,0,1,2,8,34.17,11266.62,387,0
8544,2024-11-07 08:44:19,8,3,0,466.79,Train Station,MasterCard,0,1,3,5,23.39,19584.38,2729,0
8678,2024-08-19 12:28:02,12,0,0,258.57,University Campus,Amex,0,1,3,2,7.8,39512.22,3414,0
6434,2024-11-07 18:30:40,18,3,0,341.64,Shopping Mall,Amex,1,1,2,5,47.52,39227.25,837,0
616,2024-09-08 08:45:03,8,6,1,358.62,Gas Station,Amex,0,0,3,3,39.98,36454.33,1840,0
8449,2024-01-15 07:12:28,7,0,0,361.44,University Campus,Amex,0,1,2,7,2.04,47379.68,3612,0
2576,2024-02-22 15:59:22,15,3,0,322.23,Downtown Branch,MasterCard,1,1,3,3,35.13,23099.02,2635,0
54,2024-04-18 01:32:22,1,3,0,380.96,Gas Station,MasterCard,0,1,2,1,37.45,2699.07,1463,0
3341,2024-12-12 14:03:14,14,3,0,65.65,Suburban Branch,MasterCard,0,1,1,4,5.12,20191.84,3625,0
7038,2024-02-11 19:04:47,19,6,1,32.42,Suburban Branch,RuPay,1,1,1,4,7.25,17908.06,3119,0
1706,2024-02-18 04:51:09,4,6,1,314.57,Shopping Mall,Visa,0,1,3,8,49.73,12395.19,1592,0
9061,2024-01-29 05:23:46,5,0,0,451.03,Downtown Branch,MasterCard,0,1,2,5,12.03,5679.61,145,0
9353,2024-10-30 20:20:26,20,2,0,76.99,Downtown Branch,MasterCard,0,1,1,4,43.98,24200.09,3012,0
1494,2024-10-19 03:57:43,3,5,1,466.78,Hospital,Visa,0,1,2,5,37.05,6930.89,416,0
9964,2024-01-12 13:37:09,13,4,0,144.75,Downtown Branch,Visa,1,1,10,12,3671.04,80.74,197,1
5633,2024-06-07 02:25:48,2,4,0,438.28,Remote Village,Amex,0,1,3,2,30.29,24033.61,2875,0
804,2024-04-21 19:31:56,19,6,1,330.22,Hotel Lobby,MasterCard,1,1,3,5,19.55,41189.14,3510,0
4954,2024-01-08 11:42:34,11,0,0,267.49,Shopping Mall,MasterCard,0,1,1,7,25.64,20546.87,1447,0
6934,2024-02-03 01:45:09,1,5,1,464.57,Suburban Branch,RuPay,0,1,2,4,6.14,36627.94,1692,0
7105,2024-04-22 09:39:46,9,0,0,44.09,Shopping Mall,MasterCard,0,1,2,8,25.53,16269.27,1928,0
991,2024-11-16 13:48:45,13,5,1,24.99,Hotel Lobby,Amex,0,1,3,7,11.32,4492.03,2995,0
2775,2024-02-18 16:26:59,16,6,1,160.65,Hospital,Visa,0,0,3,1,36.05,28424.45,68,0
7471,2024-05-07 11:41:38,11,1,0,65.53,Shopping Mall,RuPay,1,1,2,1,48.25,41905.69,3359,0
6420,2024-06-20 15:03:17,15,3,0,336.29,Airport Terminal,Visa,0,1,1,5,41.11,20574.51,2811,0
3514,2024-09-02 10:44:04,10,0,0,473.83,Hospital,Amex,0,1,3,3,23.68,2837.13,2823,0
5479,2024-07-18 11:04:27,11,3,0,365.26,Remote Village,RuPay,0,1,1,5,13.93,46674.92,659,0
8401,2024-09-01 15:52:51,15,6,1,94.67,Gas Station,RuPay,0,1,3,8,48.66,10433.82,3099,0
220,2024-10-23 11:02:12,11,2,0,414.36,Train Station,MasterCard,1,1,3,6,8.46,36043.65,2030,0
6970,2024-12-26 02:22:58,2,3,0,121.69,Remote Village,RuPay,0,1,1,6,17.03,29839.26,3121,0
1289,2024-12-21 23:25:44,23,5,1,491.53,Remote Village,RuPay,0,1,3,2,33.18,16095.6,2189,0
3164,2024-08-20 22:07:33,22,1,0,307.83,Suburban Branch,Visa,0,1,3,7,31.34,36709.72,2174,0
4679,2024-08-23 21:40:37,21,4,0,416.36,Hospital,RuPay,0,1,2,5,26.94,19922.28,3039,0
2619,2024-04-04 19:47:36,19,3,0,272.16,Hotel Lobby,MasterCard,1,1,2,6,12.3,47696.17,850,0
3613,2024-04-27 17:38:48,17,5,1,439.05,Suburban Branch,Visa,2,1,3,6,16.51,24736.15,68,0
44,2024-04-05 02:05:52,2,4,0,492.29,Airport Terminal,MasterCard,0,1,3,4,35.92,19260.53,1666,0
8095,2024-10-01 16:12:51,16,1,0,250.34,Downtown Branch,MasterCard,0,1,2,5,48.55,44773.21,3175,0
8373,2024-07-21 05:30:35,5,6,1,350.77,Suburban Branch,Amex,0,1,2,4,25.32,42225.71,2351,0
3793,2024-11-17 04:02:26,4,6,1,273.72,Hospital,Amex,0,0,3,1,44.42,21159.24,2022,0
3572,2024-05-29 19:31:13,19,2,0,182.32,Gas Station,Visa,0,1,2,1,5.12,45029.56,1334,0
9981,2024-03-17 21:16:39,21,6,1,259.92,Shopping Mall,Amex,1,1,12,30,828.12,1278.05,264,1
1504,2024-03-21 07:20:34,7,3,0,206.82,University Campus,MasterCard,0,1,2,7,2.45,252.56,1928,0
5557,2024-10-13 11:11:41,11,6,1,182.86,University Campus,MasterCard,0,1,2,7,14.18,47210.38,978,0
9831,2024-03-31 04:52:17,4,6,1,1900.16,Remote Village,MasterCard,4,1,5,27,2259.22,-103.65,62,1
3440,2024-06-02 12:23:07,12,6,1,329.9,Train Station,MasterCard,1,1,2,5,47.48,25249.79,2589,0
1893,2024-10-10 08:48:21,8,3,0,392.57,Train Station,MasterCard,0,1,3,8,16.06,13096.46,463,0
9324,2024-04-01 23:11:10,23,0,0,350.44,Hotel Lobby,MasterCard,0,1,1,6,5.33,44134.8,2529,0
5256,2024-11-10 23:05:00,23,6,1,143.62,Hospital,MasterCard,0,1,2,4,2.76,17840.69,1434,0
1956,2024-03-11 06:31:34,6,0,0,300.54,Hotel Lobby,RuPay,0,1,2,2,20.3,48877.17,1372,0
5168,2024-11-10 03:35:32,3,6,1,105.86,Suburban Branch,MasterCard,0,1,2,2,47.22,32773.68,1782,0
4815,2024-12-06 08:46:56,8,4,0,266.56,Hospital,Amex,0,1,3,1,41.66,27404.77,742,0
6265,2024-12-12 18:42:13,18,3,0,200.48,Hotel Lobby,Amex,0,1,3,7,43.39,122.85,2815,0
1506,2024-03-09 18:19:10,18,5,1,224.55,Suburban Branch,Amex,0,1,2,6,15.16,11293.36,852,0
671,2024-11-22 19:05:47,19,4,0,374.94,Downtown Branch,Amex,0,1,3,4,12.65,19296.04,2647,0
8908,2024-04-24 05:17:15,5,2,0,442.56,Downtown Branch,Amex,0,1,1,2,45.06,21540.29,1473,0
7056,2024-10-30 05:39:56,5,2,0,437.93,Shopping Mall,MasterCard,0,1,1,8,47.58,22908.9,2955,0
898,2024-05-27 17:08:37,17,0,0,215.5,University Campus,Amex,0,1,2,8,3.07,21410.93,241,0
6179,2024-07-10 07:48:15,7,2,0,87.05,Hospital,MasterCard,0,1,3,1,25.58,37149.0,540,0
2667,2024-11-18 17:01:25,17,0,0,295.92,Airport Terminal,Amex,0,1,3,4,4.06,23931.04,1441,0
3194,2024-08-18 21:24:09,21,6,1,208.98,Gas Station,Amex,1,1,3,8,32.79,19423.58,2565,0
2891,2024-01-04 14:12:49,14,3,0,139.39,Gas Station,RuPay,1,1,2,2,47.14,19537.79,1815,0
7774,2024-11-14 14:43:49,14,3,0,101.23,Remote Village,MasterCard,1,1,3,2,24.68,24258.11,1160,0
2622,2024-11-19 17:13:52,17,1,0,170.89,Suburban Branch,RuPay,0,1,2,4,37.44,22446.32,1163,0
6009,2024-07-20 13:37:49,13,5,1,176.07,Downtown Branch,RuPay,0,1,3,5,38.46,1048.52,3616,0
5957,2024-04-22 03:55:30,3,0,0,72.98,Train Station,MasterCard,0,1,1,8,11.29,24701.85,2641,0
3,2024-06-23 10:55:54,10,6,1,302.85,Downtown Branch,Amex,0,1,1,7,17.01,7858.43,3157,0
2371,2024-12-25 17:01:20,17,2,0,426.85,Shopping Mall,Visa,0,1,2,1,8.08,46649.34,2305,0
7915,2024-05-22 19:35:47,19,2,0,240.18,Hospital,Amex,0,1,1,5,3.01,8840.47,1618,0
1770,2024-07-31 11:55:25,11,2,0,165.75,University Campus,Amex,0,1,3,5,20.29,6981.2,224,0
8507,2024-07-08 12:32:37,12,0,0,323.56,Shopping Mall,RuPay,0,1,2,7,41.15,16129.49,2272,0
6026,2024-03-24 01:36:40,1,6,1,482.36,Hotel Lobby,Visa,0,1,2,5,18.72,39440.0,2852,0
532,2024-12-01 18:35:50,18,6,1,395.53,Hotel Lobby,RuPay,0,1,2,7,4.34,43864.73,1552,0
8725,2024-09-13 05:53:25,5,4,0,443.0,Airport Terminal,MasterCard,0,1,1,6,8.46,35660.91,835,0
8650,2024-05-19 17:55:26,17,6,1,351.83,Suburban Branch,Visa,1,1,2,8,45.91,32984.09,1341,0
7874,2024-05-14 19:06:25,19,1,0,384.42,Remote Village,RuPay,0,1,3,6,2.7,12564.49,3468,0
8891,2024-05-31 02:58:52,2,4,0,55.25,Downtown Branch,Visa,0,1,2,1,2.55,45387.25,2127,0
3121,2024-01-07 16:59:31,16,6,1,255.39,Airport Terminal,MasterCard,1,1,1,3,48.14,11078.16,3359,0
9023,2024-03-17 16:08:28,16,6,1,188.75,Airport Terminal,MasterCard,0,1,2,8,0.29,36560.4,428,0
732,2024-11-15 13:27:00,13,4,0,393.7,Shopping Mall,RuPay,0,1,2,2,4.61,21301.85,562,0
3407,2024-04-12 17:43:20,17,4,0,401.28,Gas Station,MasterCard,0,1,1,1,21.74,19387.95,2209,0
2340,2024-01-19 07:51:25,7,4,0,198.77,Downtown Branch,Amex,0,1,3,1,42.52,5782.2,880,0
5968,2024-09-01 13:09:36,13,6,1,116.58,Hospital,Amex,0,1,2,1,7.73,5220.64,148,0
6581,2024-05-14 00:31:59,0,1,0,117.32,Train Station,Amex,0,1,2,8,12.58,3378.91,2981,0
2566,2024-06-01 05:22:04,5,5,1,274.59,Downtown Branch,Amex,1,1,1,1,24.98,21358.31,2052,0
7727,2024-01-06 07:30:28,7,5,1,348.25,Gas Station,MasterCard,0,1,1,1,5.97,9919.83,210,0
7821,2024-05-04 08:18:31,8,5,1,487.2,University Campus,RuPay,1,1,1,1,18.89,40102.16,533,0
6714,2024-12-28 03:44:06,3,5,1,496.25,Hotel Lobby,Visa,0,1,1,5,35.71,23289.76,296,0
6996,2024-07-10 20:48:55,20,2,0,274.22,University Campus,RuPay,0,1,3,2,0.67,33996.0,3001,0
6943,2024-02-25 13:05:43,13,6,1,469.23,Airport Terminal,RuPay,0,1,1,4,10.14,28477.32,1996,0
7795,2024-07-25 22:42:47,22,3,0,273.64,Airport Terminal,RuPay,0,1,1,6,14.02,49434.35,1059,0
8976,2024-11-04 05:09:15,5,0,0,427.84,Train Station,MasterCard,0,1,3,4,16.63,17577.4,1967,0
1256,2024-01-06 00:28:48,0,5,1,68.54,University Campus,RuPay,0,1,1,7,33.28,5287.88,3228,0
2105,2024-05-18 05:12:25,5,5,1,489.07,Gas Station,RuPay,0,1,3,6,1.17,36167.02,2101,0
6735,2024-05-09 04:15:17,4,3,0,138.77,Remote Village,MasterCard,0,1,3,8,30.4,25959.3,990,0
9779,2024-08-20 01:39:21,1,1,0,1961.31,Remote Village,RuPay,3,0,4,9,2901.9,1129.8,165,1
6225,2024-09-19 14:36:53,14,3,0,261.59,Airport Terminal,MasterCard,0,1,3,8,43.3,8988.08,1146,0
9151,2024-03-23 08:55:14,8,5,1,436.05,Hospital,Visa,0,1,2,3,6.61,44926.69,817,0
4995,2024-10-24 17:29:41,17,3,0,181.8,Train Station,Visa,0,1,2,4,4.01,7274.19,2845,0
8970,2024-05-31 07:48:17,7,4,0,389.62,Remote Village,Amex,0,1,1,3,7.61,43757.62,781,0
6840,2024-10-27 11:14:46,11,6,1,216.82,Gas Station,MasterCard,0,1,3,6,45.75,1621.16,3259,0
5058,2024-06-25 08:06:53,8,1,0,279.42,Downtown Branch,Amex,0,0,2,5,30.96,36227.05,466,0
5847,2024-01-23 04:53:09,4,1,0,153.23,Airport Terminal,Amex,0,1,1,7,32.13,38229.27,81,0
4435,2024-08-13 02:23:51,2,1,0,281.0,Airport Terminal,Amex,0,1,3,1,0.35,12446.7,31,0
3485,2024-12-30 13:20:35,13,0,0,465.74,Train Station,RuPay,0,1,3,4,24.48,17794.49,1083,0
9494,2024-10-10 11:52:55,11,3,0,82.21,Suburban Branch,Amex,2,1,2,7,9.4,42912.73,1555,0
5319,2024-06-03 16:53:58,16,0,0,316.88,Suburban Branch,Visa,0,1,1,8,40.71,1690.94,2481,0
3817,2024-02-03 03:25:03,3,5,1,471.38,Remote Village,RuPay,2,1,2,7,19.65,35428.3,1718,0
5730,2024-10-23 19:57:06,19,2,0,94.36,Downtown Branch,Amex,0,1,2,4,43.83,7116.31,2874,0
8904,2024-03-22 15:32:57,15,4,0,415.34,Remote Village,MasterCard,0,1,1,2,44.49,36899.68,760,0
7841,2024-11-30 13:08:36,13,5,1,54.35,Remote Village,MasterCard,0,1,2,3,39.56,25165.78,1956,0
9890,2024-11-14 18:22:47,18,3,0,122.08,Hospital,Amex,1,0,14,9,1882.54,-127.23,77,1
1622,2024-06-05 04:42:58,4,2,0,98.14,Hotel Lobby,RuPay,0,1,2,7,2.92,16290.31,3195,0
9424,2024-01-13 03:13:59,3,5,1,91.61,Remote Village,RuPay,0,1,1,3,29.62,10737.94,720,0
6308,2024-03-02 22:59:48,22,5,1,225.09,University Campus,Amex,0,0,1,2,20.55,48932.88,839,0
9305,2024-11-17 18:34:07,18,6,1,90.01,University Campus,MasterCard,2,1,2,7,14.56,21602.2,1057,0
8903,2024-07-21 15:57:59,15,6,1,440.31,Shopping Mall,MasterCard,0,1,2,6,45.62,39898.06,3191,0
1097,2024-04-14 01:13:53,1,6,1,263.59,Hospital,RuPay,1,1,2,5,33.75,20620.33,3343,0
8058,2024-07-03 13:20:50,13,2,0,244.72,Downtown Branch,RuPay,0,1,1,7,28.02,27656.42,2894,0
9482,2024-10-05 21:34:13,21,5,1,315.94,Remote Village,RuPay,0,1,2,8,18.09,2684.76,853,0
2464,2024-02-06 11:32:37,11,1,0,383.55,Hospital,RuPay,0,1,3,8,5.42,18301.75,2528,0
8290,2024-02-14 05:56:38,5,2,0,232.35,Hotel Lobby,MasterCard,1,1,1,7,3.3,29649.74,2033,0
1789,2024-03-12 08:51:46,8,1,0,299.41,Remote Village,Visa,0,1,1,4,39.46,15454.99,3536,0
251,2024-09-17 11:23:25,11,1,0,434.07,Hotel Lobby,RuPay,0,1,3,7,29.35,17461.44,3493,0
9927,2024-03-27 05:51:40,5,2,0,207.1,University Campus,Visa,1,0,5,23,1514.83,1918.71,148,1
6192,2024-01-28 20:05:58,20,6,1,462.29,Remote Village,Amex,0,1,1,5,15.3,21253.48,1558,0
9651,2024-04-07 05:17:02,5,6,1,323.38,Hospital,MasterCard,1,0,3,16,1579.36,1120.44,205,1
193,2024-11-02 00:19:31,0,5,1,257.78,Gas Station,Amex,1,1,1,5,28.4,5454.3,1402,0
821,2024-02-22 03:27:33,3,3,0,153.5,Downtown Branch,Amex,0,1,2,5,37.53,11527.6,3031,0
9628,2024-03-23 02:11:53,2,5,1,3063.27,Airport Terminal,RuPay,3,1,5,22,1439.26,601.67,275,1
5715,2024-11-21 21:31:14,21,3,0,360.2,Airport Terminal,RuPay,1,1,2,1,31.95,9333.58,2326,0
7196,2024-08-16 18:25:37,18,4,0,39.33,Hospital,Visa,0,1,1,6,26.85,41886.83,1155,0
5716,2024-10-16 20:25:11,20,2,0,148.34,Suburban Branch,MasterCard,2,1,2,8,49.13,25888.39,1099,0
4401,2024-07-14 00:04:29,0,6,1,29.94,University Campus,MasterCard,0,1,2,8,46.13,6430.83,439,0
9291,2024-02-06 10:46:33,10,1,0,257.02,Downtown Branch,Amex,0,1,2,3,49.12,36915.86,1039,0
5389,2024-05-17 10:16:34,10,4,0,351.48,University Campus,Amex,0,1,1,6,43.39,36567.45,1607,0
4167,2024-11-29 17:54:45,17,4,0,243.1,Downtown Branch,RuPay,0,1,1,1,39.29,8659.34,2194,0
4952,2024-03-17 10:48:09,10,6,1,39.08,Hotel Lobby,MasterCard,0,1,3,7,20.19,2883.15,269,0
2688,2024-11-06 23:05:37,23,2,0,290.57,Downtown Branch,MasterCard,1,1,2,1,24.34,47335.79,2872,0
4391,2024-11-09 03:26:17,3,5,1,311.88,Gas Station,Visa,0,1,3,1,36.32,32799.59,1898,0
5861,2024-11-17 02:27:05,2,6,1,165.6,Suburban Branch,Amex,0,1,2,5,5.32,15252.56,1939,0
5982,2024-11-16 13:42:28,13,5,1,357.95,Hospital,Amex,1,1,1,5,7.96,39587.72,597,0
4928,2024-09-25 04:10:38,4,2,0,279.3,Hotel Lobby,MasterCard,0,1,1,6,26.62,32866.35,1093,0
6736,2024-08-30 19:25:32,19,4,0,127.05,University Campus,Amex,0,1,2,8,41.98,29917.65,2357,0
2608,2024-02-27 06:08:41,6,1,0,455.14,Train Station,RuPay,1,1,3,7,37.95,2533.76,915,0
7467,2024-05-15 02:29:25,2,2,0,47.29,Train Station,RuPay,1,1,2,1,30.4,44210.17,2701,0
239,2024-04-23 04:29:37,4,1,0,372.74,Remote Village,Visa,0,1,2,7,14.02,39314.74,1525,0
4016,2024-08-05 12:58:31,12,0,0,28.78,University Campus,RuPay,1,1,3,8,20.9,12806.7,2373,0
9263,2024-08-18 21:12:02,21,6,1,44.78,Gas Station,RuPay,0,1,1,8,17.45,23626.68,1642,0
2978,2024-11-11 02:42:09,2,0,0,243.36,Hotel Lobby,RuPay,0,1,3,1,43.32,48393.24,448,0
5713,2024-09-09 15:17:20,15,0,0,385.37,Train Station,RuPay,0,1,2,4,5.09,49104.79,567,0
9857,2024-06-12 01:26:37,1,2,0,445.51,Hotel Lobby,Visa,2,0,13,29,902.75,1390.65,278,1
5474,2024-06-23 05:23:25,5,6,1,149.23,Gas Station,MasterCard,0,1,2,3,33.84,33979.32,278,0
946,2024-09-09 13:09:41,13,0,0,463.6,Remote Village,MasterCard,1,1,2,5,20.05,42864.35,2817,0
8252,2024-11-20 21:13:11,21,2,0,227.61,Hospital,RuPay,1,1,1,2,22.73,23158.45,3012,0
7682,2024-06-30 16:48:53,16,6,1,467.08,Shopping Mall,MasterCard,0,0,1,2,8.84,4270.22,1191,0
5098,2024-08-28 04:12:04,4,2,0,223.98,University Campus,Visa,0,1,1,6,7.53,43392.94,911,0
6806,2024-01-27 05:05:50,5,5,1,460.05,Downtown Branch,RuPay,0,1,1,1,26.0,14991.55,572,0
5804,2024-04-22 15:03:29,15,0,0,483.2,Suburban Branch,Visa,0,1,2,6,30.03,42804.57,2619,0
3553,2024-07-25 15:40:28,15,3,0,148.53,Train Station,MasterCard,0,1,2,8,8.73,22983.12,732,0
9970,2024-02-06 00:54:14,0,1,0,384.88,Shopping Mall,Visa,1,1,5,16,1797.6,-297.68,198,1
3361,2024-11-23 11:55:17,11,5,1,261.12,Downtown Branch,MasterCard,0,0,1,3,10.82,41294.27,488,0
8250,2024-07-08 05:43:49,5,0,0,195.85,Gas Station,Visa,2,1,1,3,46.61,6359.06,2047,0
2411,2024-08-15 17:21:33,17,3,0,95.31,Suburban Branch,Visa,0,1,2,1,9.25,2349.65,420,0
4508,2024-08-17 05:38:58,5,5,1,493.93,Hotel Lobby,MasterCard,0,1,3,1,26.12,41224.8,2353,0
8463,2024-02-17 06:21:04,6,5,1,442.85,Shopping Mall,Visa,0,1,2,7,32.3,31814.61,1246,0
3983,2024-06-21 23:18:39,23,4,0,49.38,Gas Station,RuPay,0,1,2,6,15.66,1655.56,3537,0
147,2024-10-21 16:54:43,16,0,0,358.66,Downtown Branch,RuPay,0,1,1,5,10.78,7561.03,3008,0
6649,2024-12-07 12:20:20,12,5,1,395.2,Downtown Branch,RuPay,0,1,3,2,35.31,21361.97,2950,0
2295,2024-03-01 01:46:50,1,4,0,465.63,Suburban Branch,Visa,0,1,2,2,25.54,6777.37,3341,0
2254,2024-11-22 22:40:45,22,4,0,464.45,Downtown Branch,RuPay,0,1,1,7,9.55,25467.0,1491,0
3612,2024-04-25 22:28:29,22,3,0,227.63,Shopping Mall,MasterCard,0,1,3,1,1.51,3720.26,1547,0
5354,2024-03-25 05:54:24,5,0,0,104.76,Shopping Mall,Amex,0,1,2,4,13.89,18773.05,2392,0
1737,2024-02-26 14:04:31,14,0,0,78.14,Downtown Branch,RuPay,0,1,1,1,0.81,34614.08,1610,0
7916,2024-06-13 19:15:04,19,3,0,406.83,Downtown Branch,Visa,0,1,3,5,35.24,19678.88,3178,0
7660,2024-11-28 09:10:00,9,3,0,237.08,University Campus,RuPay,0,1,2,6,39.24,34779.33,288,0
115,2024-02-05 10:16:35,10,0,0,419.25,Airport Terminal,Amex,0,1,2,3,27.82,29364.61,2330,0
8861,2024-05-23 05:07:12,5,3,0,96.69,Airport Terminal,Visa,0,1,2,8,31.04,35269.82,1396,0
5650,2024-11-13 19:50:07,19,2,0,30.06,Airport Terminal,Amex,0,1,3,5,35.89,34943.58,2218,0
9845,2024-11-10 02:15:30,2,6,1,2630.05,Airport Terminal,Amex,4,1,10,16,884.06,1949.39,103,1
499,2024-03-30 18:38:51,18,5,1,490.3,Airport Terminal,Visa,0,1,2,2,9.32,25082.48,1905,0
7823,2024-01-01 09:56:30,9,0,0,68.24,Shopping Mall,Amex,0,1,1,3,6.1,2362.24,2268,0
721,2024-10-11 11:52:42,11,4,0,437.84,Hotel Lobby,Visa,0,1,1,2,42.43,22011.51,1732,0
7259,2024-10-26 00:56:49,0,5,1,179.27,Train Station,MasterCard,0,1,3,6,23.98,1255.0,2926,0
8844,2024-02-19 18:50:45,18,0,0,429.99,Airport Terminal,MasterCard,0,1,1,5,16.81,37428.39,1252,0
5731,2024-01-12 00:49:16,0,4,0,96.79,Suburban Branch,MasterCard,0,1,1,5,18.34,46354.31,707,0
3090,2024-02-06 17:45:53,17,1,0,305.05,Remote Village,Visa,0,1,2,6,39.89,38990.93,2819,0
7227,2024-04-07 02:01:09,2,6,1,331.9,Airport Terminal,RuPay,1,1,1,5,1.27,49267.6,2893,0
7307,2024-04-13 19:05:57,19,5,1,361.32,Downtown Branch,Amex,0,0,3,2,28.86,17280.92,2749,0
6509,2024-03-15 16:23:36,16,4,0,449.15,Hospital,Visa,0,1,2,8,21.06,36426.93,1684,0
597,2024-03-26 09:11:01,9,1,0,445.48,Remote Village,MasterCard,0,1,3,4,4.32,42862.99,2033,0
9093,2024-12-24 11:32:24,11,1,0,208.12,Train Station,Amex,0,1,2,8,0.75,8479.12,1856,0
6096,2024-02-15 12:50:55,12,3,0,326.78,Downtown Branch,Amex,0,1,2,2,48.82,46320.83,3581,0
6054,2024-08-22 09:11:15,9,3,0,250.92,Downtown Branch,Amex,0,1,1,1,19.28,12126.17,2053,0
5165,2024-08-17 11:24:50,11,5,1,216.9,Downtown Branch,Visa,1,1,1,8,37.65,14050.27,1421,0
1648,2024-03-22 13:49:15,13,4,0,438.56,Airport Terminal,Amex,0,1,1,3,38.96,36515.37,2433,0
8168,2024-07-18 12:35:45,12,3,0,243.96,University Campus,MasterCard,0,1,3,8,40.9,41317.13,1117,0
6921,2024-03-13 20:49:54,20,2,0,223.14,Shopping Mall,Amex,0,1,3,7,40.83,21722.49,2553,0
2701,2024-06-03 12:24:10,12,0,0,453.86,Hotel Lobby,MasterCard,0,1,1,7,22.26,33875.11,1475,0
8204,2024-03-05 04:44:02,4,1,0,270.56,Shopping Mall,MasterCard,0,1,2,7,40.09,35424.87,905,0
1701,2024-11-24 05:09:48,5,6,1,50.33,Train Station,Visa,0,1,3,2,38.62,6426.19,1089,0
8944,2024-04-24 22:27:20,22,2,0,293.75,Airport Terminal,Amex,0,1,3,5,28.26,20727.19,2591,0
5405,2024-06-28 01:52:43,1,4,0,498.75,Shopping Mall,MasterCard,1,1,2,6,25.25,41909.71,865,0
7220,2024-08-01 22:19:20,22,3,0,188.06,University Campus,RuPay,0,1,1,6,35.52,36849.87,1880,0
7503,2024-03-10 10:44:41,10,6,1,361.09,Gas Station,Amex,0,1,3,2,38.14,41173.57,2031,0
2943,2024-05-03 12:43:27,12,4,0,249.7,Downtown Branch,RuPay,0,0,1,3,45.24,25746.06,2514,0
6302,2024-09-05 12:36:47,12,3,0,276.71,Suburban Branch,RuPay,0,1,3,8,38.33,39420.5,2748,0
87,2024-07-11 08:47:51,8,3,0,483.12,Remote Village,MasterCard,0,1,1,8,4.99,45531.04,92,0
2309,2024-10-02 23:55:40,23,2,0,38.12,Airport Terminal,MasterCard,0,1,2,5,32.13,49796.9,958,0
2678,2024-08-26 20:43:16,20,0,0,447.45,Gas Station,MasterCard,0,1,2,3,24.79,2499.08,1392,0
8217,2024-06-14 15:18:10,15,4,0,356.7,Suburban Branch,RuPay,1,1,2,6,18.59,47685.63,383,0
7730,2024-11-05 07:10:06,7,1,0,73.41,Hotel Lobby,Amex,0,0,3,8,11.61,18556.38,379,0
2595,2024-06-06 05:32:46,5,3,0,177.51,Airport Terminal,Amex,0,1,3,4,0.23,38124.9,3299,0
5885,2024-04-11 00:01:26,0,3,0,354.2,Train Station,RuPay,0,1,2,4,15.54,14327.47,492,0
1030,2024-07-03 22:07:04,22,2,0,250.62,Airport Terminal,Visa,0,1,2,6,33.38,19620.34,2887,0
137,2024-09-11 18:52:23,18,2,0,355.27,Remote Village,MasterCard,0,1,1,5,27.95,32210.31,1375,0
6832,2024-03-27 01:50:28,1,2,0,440.76,Gas Station,Amex,0,1,1,5,5.58,1007.96,1547,0
7815,2024-05-08 23:12:45,23,2,0,163.44,Train Station,Amex,0,1,1,3,12.5,7876.89,54,0
2855,2024-08-23 22:32:34,22,4,0,80.14,Airport Terminal,MasterCard,1,1,2,1,19.66,40592.2,2312,0
4410,2024-12-19 18:04:42,18,3,0,255.83,Remote Village,Amex,0,1,3,2,18.07,48228.61,2522,0
1201,2024-07-08 08:34:44,8,0,0,23.13,Suburban Branch,Visa,1,1,1,3,3.28,21657.54,1277,0
4718,2024-09-25 17:11:42,17,2,0,216.4,Gas Station,RuPay,0,1,1,3,28.02,11819.64,939,0
9518,2024-05-12 04:23:49,4,6,1,432.56,Shopping Mall,RuPay,0,0,13,16,1574.64,252.21,303,1
6595,2024-03-26 03:55:19,3,1,0,441.64,Shopping Mall,Amex,2,1,1,5,49.04,290.88,2149,0
567,2024-07-24 22:19:12,22,2,0,347.78,Suburban Branch,Amex,0,1,2,5,16.75,13427.68,432,0
7329,2024-09-11 07:49:13,7,2,0,408.32,University Campus,Visa,0,1,2,3,23.99,37870.69,660,0
5431,2024-10-29 06:18:14,6,1,0,317.25,Gas Station,Amex,1,1,2,2,34.98,8938.48,2607,0
3928,2024-01-06 06:51:48,6,5,1,439.76,Train Station,MasterCard,0,0,3,1,36.59,5866.92,3263,0
6056,2024-05-27 01:36:47,1,0,0,336.76,Hospital,RuPay,0,1,2,2,10.99,35160.68,452,0
7590,2024-09-09 12:50:30,12,0,0,196.37,Suburban Branch,Amex,0,1,3,7,0.15,5955.06,2840,0
7123,2024-10-26 04:50:56,4,5,1,282.52,Downtown Branch,MasterCard,0,1,3,5,16.84,8170.17,486,0
6573,2024-03-14 19:29:34,19,3,0,443.71,Downtown Branch,Visa,1,1,3,2,2.83,29538.59,710,0
6536,2024-04-13 03:59:10,3,5,1,26.34,Hospital,MasterCard,0,1,1,7,28.29,6254.34,3576,0
8914,2024-03-07 16:34:55,16,3,0,459.88,Gas Station,Amex,0,1,3,8,31.51,18317.72,3545,0
8276,2024-07-28 12:57:09,12,6,1,78.06,University Campus,RuPay,0,1,2,6,38.72,44175.59,2693,0
2331,2024-01-21 02:30:29,2,6,1,355.22,Suburban Branch,Visa,0,1,1,8,48.25,4380.13,874,0
3516,2024-12-30 00:39:07,0,0,0,479.08,Hospital,RuPay,0,1,1,7,43.5,19853.19,2086,0
2188,2024-03-24 15:04:45,15,6,1,173.9,Train Station,Amex,0,1,2,8,35.51,22601.9,797,0
196,2024-11-17 04:06:13,4,6,1,225.3,Hospital,Amex,0,1,1,3,23.87,46797.69,57,0
7258,2024-02-22 20:02:12,20,3,0,150.83,Suburban Branch,Amex,0,1,3,1,35.95,4023.3,2147,0
5667,2024-02-13 08:31:14,8,1,0,323.54,Gas Station,Visa,0,0,3,4,43.25,26799.46,1870,0
5060,2024-12-11 02:23:55,2,2,0,306.38,Gas Station,RuPay,0,1,1,1,0.19,41794.58,1518,0
803,2024-01-25 20:14:38,20,3,0,415.8,University Campus,Visa,0,1,3,8,23.01,28849.02,3049,0
8849,2024-04-13 00:51:56,0,5,1,171.85,Hospital,MasterCard,0,1,2,3,37.88,10421.63,3356,0
9929,2024-07-14 02:37:35,2,6,1,4151.41,Airport Terminal,MasterCard,3,1,11,7,2260.76,-208.68,273,1
2069,2024-05-31 17:36:59,17,4,0,300.84,Hospital,RuPay,0,1,2,6,42.35,13053.12,2759,0
9083,2024-03-31 07:20:33,7,6,1,406.04,Hospital,RuPay,0,1,2,1,18.43,22283.17,989,0
8745,2024-02-02 05:44:46,5,4,0,331.45,Hotel Lobby,Visa,0,1,3,8,18.93,8039.52,2539,0
645,2024-10-24 00:36:40,0,3,0,362.48,Gas Station,RuPay,0,1,3,7,17.8,33367.18,1686,0
9375,2024-06-08 17:10:43,17,5,1,334.9,Hospital,Visa,0,1,1,7,46.02,14071.42,1943,0
5104,2024-04-11 15:45:16,15,3,0,488.57,Hospital,Visa,1,1,3,3,20.62,49956.97,552,0
5461,2024-04-29 17:41:43,17,0,0,70.28,Airport Terminal,Visa,0,1,3,8,24.4,28861.57,1460,0
1638,2024-11-06 10:58:32,10,2,0,176.94,Airport Terminal,Amex,1,1,1,3,11.82,8411.53,2705,0
121,2024-05-01 00:40:14,0,2,0,366.37,Remote Village,Visa,0,1,1,3,7.87,30930.13,2790,0
2982,2024-01-31 03:02:40,3,2,0,173.1,Hotel Lobby,RuPay,1,1,3,6,25.68,18897.78,1478,0
5070,2024-04-16 08:38:49,8,1,0,33.25,Remote Village,Amex,0,1,3,7,5.22,24406.46,1698,0
3075,2024-03-16 06:38:08,6,5,1,167.52,Shopping Mall,Visa,0,1,2,3,19.86,49585.6,954,0
8928,2024-04-04 20:39:17,20,3,0,498.71,Hospital,Amex,0,1,2,7,4.43,40670.89,684,0
3279,2024-04-07 07:15:52,7,6,1,237.77,Shopping Mall,Visa,0,1,1,1,33.72,20318.61,1967,0
2136,2024-05-04 10:04:20,10,5,1,211.99,Hospital,Amex,0,1,1,8,48.78,43528.39,1631,0
8942,2024-10-06 23:51:15,23,6,1,477.81,Hospital,Amex,0,1,3,1,41.5,26229.84,507,0
4971,2024-09-24 20:46:43,20,1,0,377.64,Gas Station,MasterCard,0,1,2,2,11.42,4430.26,1420,0
6196,2024-06-17 21:38:10,21,0,0,28.92,Suburban Branch,RuPay,0,1,2,7,36.0,3409.37,477,0
135,2024-12-22 11:47:27,11,6,1,155.79,Hotel Lobby,RuPay,0,1,1,6,3.3,4815.85,2808,0
7732,2024-04-13 10:05:50,10,5,1,252.76,University Campus,Amex,0,1,3,7,32.09,40871.44,933,0
5325,2024-11-25 00:12:48,0,0,0,68.5,Hospital,RuPay,1,1,1,2,33.85,31022.86,2122,0
9641,2024-10-08 11:09:05,11,1,0,287.76,Shopping Mall,Visa,1,1,6,23,866.09,-104.66,108,1
6161,2024-02-25 01:18:58,1,6,1,214.77,Suburban Branch,RuPay,0,1,1,7,25.26,42918.61,2951,0
2560,2024-06-22 08:17:01,8,5,1,354.33,Hospital,Amex,0,1,2,6,33.86,26338.43,3016,0
63,2024-08-03 20:20:52,20,5,1,24.87,Airport Terminal,RuPay,1,1,2,8,27.76,12092.16,1980,0
1359,2024-12-09 00:34:34,0,0,0,265.62,Shopping Mall,MasterCard,0,1,1,3,7.58,26186.75,2953,0
6726,2024-09-22 22:27:47,22,6,1,222.42,University Campus,MasterCard,0,1,3,3,33.95,33731.19,1679,0
2468,2024-06-27 02:58:17,2,3,0,30.2,Train Station,Visa,0,1,2,1,38.11,16795.29,3260,0
680,2024-09-29 08:13:39,8,6,1,428.88,Remote Village,Visa,0,1,2,3,4.45,18459.22,2353,0
6798,2024-03-03 03:36:51,3,6,1,203.93,Hospital,MasterCard,0,1,1,1,6.3,5891.98,3644,0
742,2024-08-09 11:03:46,11,4,0,270.44,Suburban Branch,MasterCard,0,1,1,3,48.12,13820.63,872,0
5308,2024-04-30 05:23:35,5,1,0,253.95,Remote Village,MasterCard,0,1,3,8,37.11,34412.65,2500,0
7628,2024-08-29 03:23:18,3,3,0,490.26,Downtown Branch,MasterCard,0,1,3,8,46.63,3179.72,3632,0
3642,2024-03-03 03:03:42,3,6,1,403.67,Suburban Branch,Amex,0,1,3,3,45.47,45356.05,332,0
445,2024-08-11 15:42:33,15,6,1,349.29,Gas Station,MasterCard,0,1,3,7,42.82,9883.55,3306,0
8141,2024-09-01 08:10:34,8,6,1,42.94,Airport Terminal,RuPay,0,1,3,1,20.02,10599.49,3374,0
3259,2024-04-14 04:26:52,4,6,1,387.52,Hospital,MasterCard,0,1,3,2,47.94,6174.59,2232,0
4664,2024-01-07 01:59:15,1,6,1,27.3,Airport Terminal,RuPay,0,1,2,5,9.25,14171.62,1934,0
1874,2024-10-22 19:24:24,19,1,0,40.81,Suburban Branch,MasterCard,0,1,2,7,18.53,23683.62,2428,0
6367,2024-04-20 22:06:54,22,5,1,406.78,Hotel Lobby,MasterCard,0,1,2,6,17.59,9226.41,491,0
2597,2024-07-19 12:40:56,12,4,0,482.18,Remote Village,RuPay,0,1,3,5,22.85,20488.29,466,0
1718,2024-10-03 02:41:35,2,3,0,257.38,University Campus,Amex,0,1,1,6,22.2,39301.11,85,0
2913,2024-04-20 14:36:52,14,5,1,334.01,Train Station,Amex,0,1,3,2,34.47,1646.53,3308,0
2844,2024-07-07 20:31:10,20,6,1,475.85,University Campus,Visa,0,1,2,5,29.78,40466.34,3371,0
4028,2024-03-03 08:25:15,8,6,1,245.8,Shopping Mall,RuPay,0,1,3,3,23.74,28632.05,2783,0
5489,2024-07-16 09:51:01,9,1,0,359.46,Hospital,Amex,0,1,1,4,32.16,22360.04,3113,0
8635,2024-04-14 15:09:22,15,6,1,333.98,Suburban Branch,RuPay,0,1,2,5,22.07,28807.28,387,0
8038,2024-09-26 03:48:46,3,3,0,158.19,Gas Station,Amex,0,1,1,2,40.38,24380.21,1435,0
9233,2024-02-18 09:01:57,9,6,1,289.0,Hotel Lobby,MasterCard,0,1,2,7,5.05,1246.07,695,0
490,2024-10-19 08:58:45,8,5,1,305.66,University Campus,Visa,0,1,2,3,6.61,4219.0,2370,0
494,2024-03-06 17:34:24,17,2,0,494.07,Train Station,Amex,0,1,2,1,46.21,11751.13,2837,0
691,2024-06-20 11:15:42,11,3,0,191.13,Train Station,Amex,0,1,1,3,6.18,4769.54,3586,0
3822,2024-04-14 02:12:56,2,6,1,474.7,Airport Terminal,MasterCard,0,1,2,2,13.02,34913.7,3260,0
603,2024-04-25 04:25:08,4,3,0,224.43,Remote Village,Amex,0,1,1,2,31.02,16851.16,254,0
1912,2024-03-09 15:42:39,15,5,1,428.24,Shopping Mall,Amex,0,1,2,5,25.57,45593.66,491,0
1015,2024-07-22 04:26:54,4,0,0,484.0,Shopping Mall,MasterCard,0,1,2,2,39.99,878.06,197,0
6157,2024-06-19 11:11:48,11,2,0,408.87,Downtown Branch,RuPay,0,1,1,1,48.08,28117.62,2866,0
1994,2024-02-13 10:51:05,10,1,0,430.73,Hotel Lobby,MasterCard,0,1,2,3,42.29,6251.97,1119,0
5770,2024-11-09 04:55:54,4,5,1,88.0,Train Station,RuPay,1,1,2,8,5.54,30249.18,348,0
3758,2024-04-17 20:30:08,20,2,0,95.25,Airport Terminal,RuPay,2,1,2,5,11.06,11260.81,712,0
2367,2024-12-25 13:21:26,13,2,0,77.15,Downtown Branch,MasterCard,1,1,1,1,12.32,7304.54,3493,0
5284,2024-12-22 20:50:54,20,6,1,449.78,Hotel Lobby,RuPay,0,0,2,6,33.8,2487.29,107,0
4371,2024-08-13 23:02:25,23,1,0,32.95,Gas Station,RuPay,0,1,3,4,47.28,37325.86,681,0
6884,2024-05-07 18:46:51,18,1,0,344.45,Remote Village,MasterCard,0,1,3,4,41.97,46761.51,2865,0
7012,2024-12-11 06:31:29,6,2,0,316.14,Train Station,Visa,0,1,3,8,1.3,9303.32,1268,0
1362,2024-03-29 07:29:08,7,4,0,134.85,Suburban Branch,MasterCard,0,1,3,4,23.93,2204.58,3136,0
8462,2024-05-03 00:48:34,0,4,0,424.59,University Campus,Visa,0,1,1,3,11.79,32007.3,320,0
1527,2024-11-06 06:41:15,6,2,0,80.68,Suburban Branch,Visa,1,1,3,2,12.07,27658.64,1419,0
1328,2024-10-12 07:21:10,7,5,1,295.35,University Campus,RuPay,0,1,2,7,1.8,33628.01,2884,0
8508,2024-08-01 17:07:17,17,3,0,29.76,Hospital,Visa,0,1,2,2,46.12,13777.14,497,0
9032,2024-12-12 22:19:32,22,3,0,150.37,Downtown Branch,Amex,0,1,3,2,48.52,46163.14,2098,0
1552,2024-10-21 12:47:05,12,0,0,481.62,Airport Terminal,Visa,2,1,3,7,38.95,36042.27,2178,0
7770,2024-09-04 17:58:29,17,2,0,91.14,Hotel Lobby,RuPay,1,1,2,3,18.77,22755.89,1077,0
9909,2024-11-09 04:25:34,4,5,1,4210.47,Airport Terminal,Visa,2,1,8,19,4124.82,885.18,258,1
1338,2024-07-25 01:05:32,1,3,0,23.35,Gas Station,Visa,1,1,1,2,3.08,24746.76,3032,0
3902,2024-07-17 06:42:19,6,2,0,454.27,Suburban Branch,RuPay,0,1,3,1,21.93,23593.57,649,0
3011,2024-06-28 21:36:39,21,4,0,117.19,Suburban Branch,MasterCard,0,1,1,4,41.13,18182.57,3545,0
5042,2024-10-15 23:01:20,23,1,0,71.28,Hospital,Amex,0,1,3,6,37.21,26461.78,1754,0
8826,2024-10-22 13:32:28,13,1,0,268.53,Train Station,Visa,0,1,2,4,25.08,16490.91,1741,0
2251,2024-12-25 10:24:26,10,2,0,405.27,Suburban Branch,MasterCard,0,1,1,7,39.88,16819.4,1312,0
6534,2024-06-10 18:08:22,18,0,0,334.87,Hotel Lobby,Amex,0,1,2,8,44.41,44068.16,469,0
5040,2024-02-21 09:27:30,9,2,0,281.71,Suburban Branch,Visa,1,1,3,7,6.75,28856.68,990,0
2347,2024-05-23 14:09:05,14,3,0,398.02,Suburban Branch,Amex,1,1,2,7,15.01,13403.39,3236,0
9283,2024-12-14 04:48:34,4,5,1,261.72,Train Station,Visa,0,1,3,7,11.16,27273.38,556,0
5486,2024-02-25 18:48:02,18,6,1,128.24,Gas Station,Visa,0,1,2,1,25.79,27854.18,2668,0
2785,2024-02-26 13:32:48,13,0,0,236.77,Hotel Lobby,MasterCard,0,1,3,1,35.72,14278.6,2656,0
5120,2024-07-31 19:46:54,19,2,0,203.86,University Campus,Visa,0,0,3,5,10.19,45090.86,801,0
7551,2024-01-17 23:50:19,23,2,0,30.4,Remote Village,Visa,0,1,3,3,12.53,34571.09,2525,0
5556,2024-04-23 22:26:11,22,1,0,172.66,Train Station,Amex,0,1,2,1,19.84,26093.71,2642,0
5600,2024-10-03 04:51:10,4,3,0,483.35,University Campus,RuPay,0,0,2,6,31.97,10283.75,3025,0
7631,2024-08-28 08:45:00,8,2,0,136.85,Hospital,Visa,0,1,1,1,2.11,5968.38,2895,0
151,2024-05-24 23:25:49,23,4,0,141.75,Airport Terminal,MasterCard,0,1,3,2,38.58,36785.83,1391,0
2805,2024-09-13 15:27:35,15,4,0,303.78,Hospital,Visa,0,1,3,3,19.01,8887.25,170,0
5875,2024-01-20 10:45:32,10,5,1,35.15,Train Station,MasterCard,0,1,3,7,26.7,40041.22,2563,0
2087,2024-07-03 19:35:51,19,2,0,220.43,Remote Village,Visa,0,1,3,7,36.1,41811.19,2517,0
3752,2024-09-24 00:28:08,0,1,0,161.17,Airport Terminal,MasterCard,0,1,3,7,23.09,6861.12,3571,0
5613,2024-11-30 05:21:27,5,5,1,163.67,Downtown Branch,Visa,0,1,3,5,47.76,10296.95,3615,0
2260,2024-08-06 09:48:25,9,1,0,467.74,Downtown Branch,MasterCard,0,1,1,3,34.25,21903.18,2893,0
4018,2024-02-17 14:53:41,14,5,1,223.26,Remote Village,RuPay,0,1,2,7,40.34,21683.28,2873,0
6114,2024-04-10 04:44:10,4,2,0,182.57,Downtown Branch,Visa,0,1,1,7,13.37,33083.03,1086,0
6059,2024-02-06 22:15:25,22,1,0,26.34,Suburban Branch,Visa,0,1,3,1,41.83,16784.15,2087,0
2425,2024-02-25 14:43:55,14,6,1,144.63,Suburban Branch,Amex,0,1,2,4,6.34,23989.51,2222,0
8035,2024-11-20 15:26:19,15,2,0,124.01,Shopping Mall,Amex,0,1,2,8,2.14,37258.69,3540,0
3857,2024-08-25 21:12:50,21,6,1,473.55,Remote Village,Visa,0,1,1,7,49.88,7905.88,791,0
860,2024-08-12 03:29:49,3,0,0,86.03,Gas Station,Visa,0,1,1,4,40.22,9863.19,2697,0
8171,2024-10-29 20:10:56,20,1,0,43.89,Gas Station,MasterCard,0,0,1,1,41.91,41923.61,224,0
7592,2024-04-28 04:20:59,4,6,1,326.88,Hospital,Visa,0,1,3,6,2.08,26567.71,1367,0
8098,2024-08-14 15:38:03,15,2,0,201.13,Hospital,RuPay,0,1,3,7,24.56,37116.33,1197,0
7321,2024-01-03 02:13:44,2,2,0,361.62,Downtown Branch,Visa,0,1,2,1,6.2,45472.58,1706,0
8564,2024-04-18 12:37:12,12,3,0,21.6,Suburban Branch,MasterCard,0,0,1,7,31.82,37193.42,117,0
4740,2024-09-18 00:13:16,0,2,0,360.3,Airport Terminal,MasterCard,2,1,1,2,44.69,19097.78,3333,0
8595,2024-08-01 19:15:26,19,3,0,337.38,Hospital,Visa,0,1,2,5,3.13,20843.98,2698,0
4463,2024-09-24 17:59:24,17,1,0,355.59,Hotel Lobby,Amex,0,1,2,4,38.26,24170.89,1780,0
5529,2024-08-06 22:16:33,22,1,0,33.96,Suburban Branch,Amex,0,0,1,2,47.13,44924.27,919,0
1365,2024-09-29 13:28:32,13,6,1,58.7,Suburban Branch,Amex,1,1,1,7,10.64,26857.88,2600,0
1780,2024-09-07 01:42:25,1,5,1,33.46,Airport Terminal,Visa,0,1,2,5,47.87,31139.83,1275,0
9222,2024-04-05 07:30:54,7,4,0,327.52,Downtown Branch,Amex,0,1,2,5,7.54,48160.41,793,0
4786,2024-06-21 16:23:09,16,4,0,204.32,University Campus,RuPay,2,1,2,1,42.96,34643.43,2391,0
6335,2024-01-26 02:31:09,2,4,0,261.69,Gas Station,Visa,0,1,2,8,23.29,6048.24,859,0
1819,2024-12-10 14:48:33,14,1,0,84.31,Gas Station,MasterCard,1,1,1,6,33.34,18297.06,996,0
7800,2024-04-03 01:27:07,1,2,0,473.2,Shopping Mall,Visa,0,1,3,6,37.29,13898.36,2882,0
4938,2024-02-18 06:51:16,6,6,1,181.71,Remote Village,Visa,0,1,1,8,44.3,23832.29,1904,0
2705,2024-06-16 20:31:10,20,6,1,214.49,University Campus,Amex,0,1,3,7,22.08,41027.16,286,0
5286,2024-12-30 04:10:31,4,0,0,112.44,Suburban Branch,Visa,0,1,2,7,26.8,31946.37,97,0
176,2024-01-20 15:04:14,15,5,1,155.05,Train Station,Amex,0,1,1,2,21.55,44134.54,3009,0
7482,2024-11-20 18:10:30,18,2,0,227.79,Downtown Branch,Amex,0,1,3,7,21.23,49247.83,3412,0
2094,2024-11-18 09:23:37,9,0,0,198.08,Hospital,MasterCard,1,1,2,2,21.15,2954.59,1236,0
8751,2024-08-28 13:32:21,13,2,0,314.66,Shopping Mall,RuPay,0,1,1,2,31.42,38177.06,2375,0
3492,2024-05-02 08:33:20,8,3,0,241.74,Gas Station,Visa,1,1,1,2,21.07,33699.69,756,0
1921,2024-10-01 06:32:39,6,1,0,21.02,University Campus,Visa,0,1,3,6,9.67,19861.88,3605,0
83,2024-06-10 08:39:02,8,0,0,420.67,University Campus,MasterCard,2,1,1,7,9.53,30008.94,3086,0
817,2024-04-07 20:15:08,20,6,1,480.34,Hospital,Amex,0,1,3,3,16.6,31804.14,3650,0
8602,2024-07-13 09:51:49,9,5,1,444.33,Downtown Branch,Amex,0,1,3,8,34.1,16241.12,2717,0
7355,2024-08-18 17:31:47,17,6,1,208.36,Hospital,Amex,0,1,1,1,7.28,18557.32,2995,0
4397,2024-05-15 17:42:20,17,2,0,182.02,University Campus,RuPay,0,1,3,7,40.25,39516.12,396,0
9182,2024-09-28 07:32:36,7,5,1,345.34,Remote Village,Visa,0,1,1,5,7.84,32790.27,2140,0
5569,2024-05-07 06:21:20,6,1,0,493.64,Shopping Mall,RuPay,2,0,1,8,43.22,37291.01,506,0
284,2024-04-04 23:23:05,23,3,0,42.07,Shopping Mall,Amex,0,1,1,7,11.23,12488.33,2980,0
4121,2024-11-22 22:44:32,22,4,0,357.3,Shopping Mall,Visa,0,1,3,6,35.3,42063.62,1827,0
7481,2024-09-16 22:08:47,22,0,0,413.76,Hotel Lobby,RuPay,1,1,1,8,19.73,4584.9,242,0
610,2024-07-03 01:06:50,1,2,0,186.42,Downtown Branch,Amex,0,1,1,1,43.59,11693.17,2158,0
2916,2024-05-08 02:34:15,2,2,0,219.99,Suburban Branch,Visa,2,1,2,5,49.8,10982.24,1285,0
1814,2024-08-22 19:49:54,19,3,0,389.7,Remote Village,MasterCard,0,1,1,5,32.36,18908.75,1888,0
1272,2024-12-15 13:06:02,13,6,1,464.24,Suburban Branch,MasterCard,0,1,3,3,16.08,41389.65,2907,0
5925,2024-10-15 11:33:01,11,1,0,306.85,University Campus,Visa,1,1,1,5,20.76,11047.5,1488,0
9596,2024-03-10 04:19:52,4,6,1,2799.74,Airport Terminal,RuPay,4,1,13,17,3153.12,192.0,7,1
2995,2024-08-12 19:14:51,19,0,0,401.97,Train Station,Visa,1,1,2,2,5.2,23886.14,2315,0
7110,2024-11-11 20:57:54,20,0,0,371.85,Gas Station,Visa,0,1,1,4,8.67,40503.8,3609,0
8614,2024-05-09 13:50:42,13,3,0,257.91,Train Station,Amex,0,1,3,8,40.8,30084.91,206,0
7357,2024-04-05 03:27:14,3,4,0,178.84,Airport Terminal,RuPay,0,1,1,4,35.48,44575.51,3439,0
2643,2024-04-02 04:33:00,4,1,0,379.67,Gas Station,Amex,0,1,3,3,29.88,5004.2,1695,0
6554,2024-11-13 13:33:47,13,2,0,447.99,Downtown Branch,Visa,0,1,3,4,3.91,43111.02,742,0
4509,2024-08-11 10:01:02,10,6,1,358.99,Hotel Lobby,MasterCard,1,1,2,3,34.71,30719.03,804,0
2306,2024-07-02 16:56:49,16,1,0,295.76,University Campus,RuPay,0,1,2,7,47.69,40738.74,301,0
6503,2024-07-18 20:20:22,20,3,0,126.63,Gas Station,Visa,0,1,1,7,0.45,49478.35,1661,0
6261,2024-12-05 02:44:10,2,3,0,162.04,Remote Village,Amex,0,1,2,4,0.18,13984.44,3544,0
4196,2024-05-25 03:08:17,3,5,1,455.03,University Campus,Visa,0,1,3,2,39.82,5996.29,2707,0
5563,2024-04-12 07:15:28,7,4,0,299.09,Hotel Lobby,MasterCard,0,1,3,6,46.55,34320.75,2084,0
4841,2024-06-30 01:14:59,1,6,1,424.47,Downtown Branch,Amex,0,1,2,5,49.58,33976.5,1864,0
4656,2024-03-03 20:11:06,20,6,1,271.86,Suburban Branch,Visa,0,1,1,6,47.63,24642.64,381,0
8148,2024-10-13 18:27:17,18,6,1,478.16,Airport Terminal,Visa,0,1,1,2,25.18,48285.18,3501,0
4169,2024-05-06 10:41:36,10,0,0,129.11,Downtown Branch,MasterCard,1,1,2,4,4.78,35038.82,1385,0
3850,2024-01-26 01:22:16,1,4,0,461.03,Remote Village,MasterCard,0,1,2,8,12.55,23888.86,1167,0
9848,2024-05-07 03:40:27,3,1,0,4481.73,Airport Terminal,MasterCard,2,0,14,13,889.04,108.39,16,1
8402,2024-11-27 11:17:27,11,2,0,251.66,Hospital,MasterCard,0,1,1,2,37.58,7170.24,2016,0
5254,2024-03-02 12:36:33,12,5,1,482.71,Train Station,Amex,0,1,2,5,11.99,21365.15,1080,0
7885,2024-02-28 02:36:01,2,2,0,262.09,Train Station,RuPay,0,1,1,6,23.41,43386.49,2259,0
5534,2024-02-29 14:33:15,14,3,0,159.98,Hospital,RuPay,1,1,2,8,25.65,1397.66,429,0
2415,2024-08-13 00:05:34,0,1,0,498.8,Shopping Mall,MasterCard,0,1,2,6,36.35,48873.06,589,0
3555,2024-08-11 10:25:44,10,6,1,261.45,University Campus,Amex,0,1,3,5,38.29,14380.47,1201,0
4692,2024-11-02 12:03:33,12,5,1,106.1,Downtown Branch,Visa,0,1,2,1,19.85,28459.5,2603,0
4499,2024-03-30 10:07:01,10,5,1,384.29,Hospital,Amex,0,1,2,7,9.19,14105.82,3046,0
2196,2024-08-04 23:27:18,23,6,1,454.76,Remote Village,MasterCard,0,1,3,1,32.45,42879.59,1677,0
5046,2024-06-01 10:20:06,10,5,1,498.36,Gas Station,MasterCard,0,1,2,2,18.04,42967.19,597,0
2601,2024-03-20 09:14:27,9,2,0,156.36,Hotel Lobby,Amex,0,1,3,7,28.77,16450.54,3646,0
1519,2024-09-16 03:40:25,3,0,0,152.12,Shopping Mall,Amex,0,1,1,3,9.79,10532.64,573,0
4765,2024-03-02 16:54:33,16,5,1,377.41,Train Station,RuPay,0,0,1,4,18.41,46053.09,1795,0
4315,2024-07-11 20:00:44,20,3,0,327.41,Train Station,Visa,0,1,1,6,39.47,29426.94,2268,0
3367,2024-07-13 11:47:33,11,5,1,93.47,Gas Station,Visa,0,1,1,8,2.28,25938.01,1761,0
6066,2024-08-09 13:34:17,13,4,0,392.17,Airport Terminal,MasterCard,1,1,2,2,21.67,16969.78,3313,0
6583,2024-11-25 05:42:38,5,0,0,392.88,University Campus,MasterCard,1,1,3,3,13.72,40679.74,596,0
2634,2024-05-13 11:46:10,11,0,0,440.88,Downtown Branch,MasterCard,0,1,3,5,35.29,33903.09,341,0
7338,2024-03-21 13:17:50,13,3,0,261.41,Hotel Lobby,Amex,0,1,2,4,18.04,49893.27,1667,0
5634,2024-11-26 21:20:53,21,1,0,353.01,Gas Station,RuPay,0,1,2,6,12.38,8164.38,1626,0
9169,2024-10-16 08:01:23,8,2,0,212.64,Gas Station,MasterCard,0,1,3,7,38.9,42263.72,750,0
8790,2024-11-18 02:11:04,2,0,0,330.69,Gas Station,Amex,0,1,2,1,17.01,25046.08,2060,0
2435,2024-04-21 09:51:50,9,6,1,457.14,Remote Village,Visa,2,1,1,6,5.81,26035.64,2889,0
8278,2024-05-10 00:13:48,0,4,0,245.56,University Campus,RuPay,0,1,2,3,43.7,15999.55,1766,0
6759,2024-07-01 18:07:18,18,0,0,144.79,Airport Terminal,Amex,0,1,1,3,44.71,17895.46,1811,0
6612,2024-03-02 15:52:59,15,5,1,76.44,Shopping Mall,MasterCard,0,1,2,2,49.73,29426.77,301,0
4521,2024-09-27 02:25:24,2,4,0,339.56,University Campus,Visa,1,1,2,3,44.48,35591.89,808,0
5588,2024-09-23 20:13:02,20,0,0,475.6,Train Station,Amex,0,1,1,6,17.14,27353.61,1914,0
3546,2024-04-15 10:43:02,10,0,0,279.57,Train Station,MasterCard,1,1,3,7,47.61,31574.69,396,0
5966,2024-07-31 23:16:13,23,2,0,133.0,Hotel Lobby,RuPay,0,1,3,4,13.82,49951.7,776,0
5993,2024-06-24 07:32:57,7,0,0,442.31,Gas Station,MasterCard,0,1,2,1,29.53,12038.62,3163,0
8806,2024-05-29 05:31:05,5,2,0,80.85,Downtown Branch,MasterCard,0,1,3,4,42.43,32615.73,2845,0
5532,2024-04-22 20:40:15,20,0,0,130.31,Suburban Branch,MasterCard,0,1,3,5,1.4,44740.03,3581,0
5445,2024-02-28 20:26:04,20,2,0,361.88,Gas Station,Visa,0,1,2,7,20.38,39150.4,1826,0
518,2024-01-05 17:47:04,17,4,0,240.15,Suburban Branch,RuPay,1,1,3,8,11.89,29484.23,1978,0
6111,2024-07-25 09:16:24,9,3,0,320.87,Suburban Branch,RuPay,0,1,1,8,19.51,6245.17,672,0
6865,2024-09-24 06:01:04,6,1,0,327.19,Train Station,Visa,0,1,2,5,49.97,46080.48,2165,0
7961,2024-03-14 14:11:52,14,3,0,116.76,Shopping Mall,Visa,2,1,2,2,43.35,35221.11,3364,0
1416,2024-12-28 03:22:48,3,5,1,292.73,Shopping Mall,RuPay,0,1,1,5,6.22,18890.44,2285,0
4665,2024-07-14 00:35:27,0,6,1,345.39,Hotel Lobby,Visa,0,1,3,3,36.95,44589.06,1972,0
4457,2024-04-07 00:43:56,0,6,1,148.18,Airport Terminal,Visa,0,1,2,3,2.28,7783.7,827,0
2762,2024-02-25 01:17:13,1,6,1,453.0,University Campus,Amex,0,1,3,1,21.31,39801.49,3570,0
4856,2024-12-02 06:50:10,6,0,0,31.72,Train Station,Visa,0,1,2,4,11.08,14740.17,961,0
128,2024-10-16 15:24:17,15,2,0,182.97,Shopping Mall,Amex,0,1,3,2,26.53,9775.79,3209,0
3475,2024-07-07 10:49:26,10,6,1,483.73,Hospital,RuPay,0,1,3,1,4.52,43898.51,567,0
7970,2024-02-21 09:18:33,9,2,0,437.62,Shopping Mall,Amex,0,1,2,4,24.72,32150.05,3632,0
4311,2024-12-27 18:06:37,18,4,0,360.02,Train Station,Amex,0,1,2,7,39.05,45319.05,2107,0
2439,2024-03-18 20:26:03,20,0,0,22.09,Shopping Mall,Amex,0,1,1,1,41.09,42066.48,2979,0
3766,2024-08-16 08:11:57,8,4,0,180.6,Shopping Mall,Amex,0,1,1,5,38.26,12633.79,3585,0
6877,2024-08-17 11:53:34,11,5,1,28.25,Gas Station,Visa,0,1,2,7,10.18,25139.13,2601,0
5897,2024-10-02 02:19:18,2,2,0,251.67,Hospital,Visa,0,1,2,2,25.59,2867.16,2645,0
5841,2024-05-14 22:08:10,22,1,0,459.69,Suburban Branch,Visa,0,1,2,2,46.5,1378.16,1106,0
8843,2024-01-29 23:47:50,23,0,0,346.18,Gas Station,MasterCard,0,1,3,2,2.97,2681.98,3632,0
9771,2024-02-02 22:53:51,22,4,0,231.58,Train Station,MasterCard,1,0,6,26,696.94,472.49,175,1
1474,2024-07-03 06:49:27,6,2,0,418.19,Train Station,RuPay,0,1,3,4,46.15,41756.63,942,0
4822,2024-05-17 12:37:16,12,4,0,410.84,Downtown Branch,Visa,0,1,2,6,49.63,35452.67,1601,0
6916,2024-11-10 23:08:35,23,6,1,438.73,Gas Station,Amex,0,1,1,3,15.78,30092.79,2058,0
3561,2024-01-13 11:42:06,11,5,1,155.99,Hotel Lobby,Visa,0,1,1,5,10.17,43576.01,633,0
3952,2024-11-05 08:47:55,8,1,0,58.03,Gas Station,MasterCard,1,1,1,6,4.89,35114.49,2542,0
50,2024-03-21 07:50:10,7,3,0,419.79,Remote Village,RuPay,0,1,1,7,23.85,47142.81,1253,0
5438,2024-04-01 17:49:29,17,0,0,318.76,Hotel Lobby,Visa,0,1,2,1,19.56,6036.43,414,0
9898,2024-03-10 18:16:53,18,6,1,254.23,Hospital,MasterCard,3,1,3,17,1438.97,1325.78,112,1
888,2024-12-29 06:41:38,6,6,1,242.27,Train Station,Amex,0,1,1,8,16.43,17759.25,51,0
2617,2024-02-04 06:42:25,6,6,1,56.5,University Campus,Visa,0,1,1,1,31.1,3003.62,162,0
517,2024-06-11 22:47:05,22,1,0,167.87,Train Station,Amex,0,1,1,2,44.93,48025.65,44,0
3169,2024-04-09 08:35:09,8,1,0,23.06,Hospital,RuPay,0,1,2,7,0.63,33643.29,1870,0
2950,2024-07-02 00:39:29,0,1,0,20.56,Hospital,Visa,0,1,1,6,8.53,24028.97,2687,0
1425,2024-01-09 22:37:24,22,1,0,279.81,Train Station,RuPay,0,1,3,6,16.1,25001.7,2551,0
140,2024-09-14 01:37:39,1,5,1,181.65,Shopping Mall,MasterCard,0,1,1,3,9.04,34673.0,2588,0
1925,2024-03-24 07:11:35,7,6,1,410.99,Airport Terminal,RuPay,0,1,3,2,44.16,48177.41,3353,0
2379,2024-05-31 15:02:27,15,4,0,310.16,Remote Village,Amex,0,1,1,1,18.46,29583.27,2605,0
3198,2024-05-09 05:36:19,5,3,0,441.21,Hotel Lobby,MasterCard,0,1,1,8,26.25,18792.42,2209,0
5132,2024-07-12 17:41:24,17,4,0,307.31,Hospital,RuPay,0,1,3,4,23.39,23982.03,1445,0
113,2024-07-15 08:04:39,8,0,0,310.6,Airport Terminal,Amex,0,1,3,4,21.5,44415.74,1724,0
4560,2024-03-23 16:27:06,16,5,1,223.76,Hospital,Amex,0,1,2,7,23.6,18424.45,863,0
4596,2024-08-22 23:32:04,23,3,0,235.49,Hotel Lobby,Visa,0,1,3,5,31.42,8558.57,2839,0
7998,2024-03-11 16:34:44,16,0,0,414.39,Gas Station,MasterCard,0,1,1,1,34.19,48695.29,3450,0
3251,2024-07-13 02:14:00,2,5,1,301.97,Downtown Branch,MasterCard,0,1,1,8,25.94,47187.49,287,0
4691,2024-06-19 12:54:18,12,2,0,101.72,Remote Village,MasterCard,0,1,1,2,36.74,17189.32,2981,0
8116,2024-09-11 19:05:18,19,2,0,495.96,Train Station,Amex,0,1,2,7,17.65,12939.76,159,0
7768,2024-10-18 20:24:29,20,4,0,459.78,Downtown Branch,Amex,0,1,3,2,4.76,6924.93,73,0
4547,2024-08-11 19:48:56,19,6,1,105.64,University Campus,Visa,0,1,2,2,41.43,19430.02,701,0
7085,2024-06-16 14:12:39,14,6,1,379.66,Train Station,Amex,0,1,1,1,10.88,3935.15,2979,0
3278,2024-11-28 09:30:28,9,3,0,40.75,Hospital,MasterCard,0,1,2,6,16.99,1206.32,3154,0
7543,2024-12-27 17:55:54,17,4,0,341.55,Hotel Lobby,Visa,0,1,2,5,27.86,20986.57,1837,0
6594,2024-03-28 03:28:33,3,3,0,77.54,Suburban Branch,MasterCard,0,1,3,6,46.61,3980.6,1750,0
4069,2024-12-06 21:22:22,21,4,0,316.36,Downtown Branch,Visa,2,1,2,2,20.55,28215.65,2098,0
4409,2024-05-16 08:55:36,8,3,0,329.18,Remote Village,RuPay,0,1,2,4,7.04,2991.93,1287,0
8645,2024-04-03 17:28:37,17,2,0,137.14,Gas Station,Amex,0,1,3,3,2.08,19063.06,2930,0
8589,2024-12-16 04:40:59,4,0,0,300.73,Hotel Lobby,Visa,2,1,3,5,28.43,38665.87,2190,0
7385,2024-12-07 06:58:46,6,5,1,329.83,Remote Village,Visa,0,1,1,4,38.2,19425.7,2255,0
3223,2024-04-16 20:50:58,20,1,0,406.45,Shopping Mall,Amex,0,1,1,3,1.29,7383.88,2602,0
8211,2024-05-11 03:04:49,3,5,1,303.23,University Campus,RuPay,0,1,1,3,11.71,3289.51,1964,0
452,2024-06-09 18:39:27,18,6,1,100.31,Shopping Mall,MasterCard,1,1,3,5,47.02,35064.78,357,0
3732,2024-12-24 06:26:38,6,1,0,44.57,Downtown Branch,Amex,1,1,1,8,48.32,15757.19,2589,0
8954,2024-07-12 09:50:45,9,4,0,305.04,Hotel Lobby,RuPay,0,1,1,6,22.39,9620.45,1905,0
4987,2024-10-27 02:45:41,2,6,1,172.32,Hospital,RuPay,0,1,2,2,7.17,37577.41,1867,0
3664,2024-03-17 05:49:29,5,6,1,382.73,Downtown Branch,RuPay,0,1,1,5,3.15,9153.92,2343,0
2764,2024-08-29 03:46:26,3,3,0,324.45,Hotel Lobby,MasterCard,0,1,1,7,24.82,49062.71,2009,0
659,2024-06-14 20:54:55,20,4,0,120.67,Gas Station,RuPay,0,1,2,7,33.17,15736.31,1727,0
7679,2024-05-29 11:24:46,11,2,0,102.0,Hospital,Amex,0,1,1,6,39.97,7224.52,2214,0
7677,2024-10-29 15:34:52,15,1,0,136.35,Shopping Mall,MasterCard,0,0,1,6,28.07,39976.48,2721,0
4621,2024-10-31 11:16:06,11,3,0,218.01,University Campus,Amex,0,1,3,1,18.85,35514.05,124,0
1000,2024-05-17 15:29:51,15,4,0,227.11,Suburban Branch,RuPay,0,1,2,1,22.07,18552.06,231,0
390,2024-02-14 13:17:09,13,2,0,341.09,Remote Village,Visa,0,1,1,1,34.13,16114.76,3291,0
3408,2024-05-31 12:41:27,12,4,0,162.87,Train Station,Amex,0,1,2,4,24.84,29725.27,3246,0
1477,2024-01-07 08:19:53,8,6,1,260.84,Gas Station,Amex,1,1,3,1,24.83,29050.79,2217,0
2241,2024-08-06 21:42:36,21,1,0,109.09,Hotel Lobby,RuPay,0,1,1,4,9.48,40887.25,2857,0
2387,2024-07-23 06:45:27,6,1,0,112.45,Remote Village,Amex,2,1,1,1,13.65,2046.78,3107,0
9140,2024-09-08 14:29:42,14,6,1,449.57,Hospital,MasterCard,0,1,2,6,33.54,29971.25,949,0
993,2024-09-24 03:53:38,3,1,0,314.12,Gas Station,RuPay,0,1,1,8,6.0,16034.7,636,0
4998,2024-10-29 11:34:29,11,1,0,263.57,University Campus,Visa,0,1,2,8,23.12,33837.09,1926,0
3923,2024-12-11 13:08:43,13,2,0,178.48,Remote Village,MasterCard,0,1,1,3,6.76,22730.34,2811,0
2973,2024-05-08 09:48:54,9,2,0,160.73,Gas Station,MasterCard,0,1,2,2,11.78,313.14,2530,0
3387,2024-08-02 08:33:48,8,4,0,225.21,Suburban Branch,Amex,0,1,2,3,48.0,6391.54,1227,0
7886,2024-05-15 00:45:34,0,2,0,467.04,Gas Station,RuPay,0,1,3,8,46.06,39205.13,2455,0
8813,2024-07-21 05:38:50,5,6,1,215.85,Hospital,RuPay,1,1,2,2,29.97,730.05,3084,0
4770,2024-01-02 16:45:24,16,1,0,106.08,Downtown Branch,RuPay,0,1,3,2,15.19,12910.07,2792,0
1294,2024-10-13 19:41:33,19,6,1,264.02,Suburban Branch,MasterCard,0,1,3,1,45.53,5022.67,790,0
1825,2024-07-16 07:19:40,7,1,0,62.02,Hospital,RuPay,0,1,2,6,28.79,19914.04,3488,0
2874,2024-03-07 16:38:37,16,3,0,462.7,Shopping Mall,MasterCard,0,1,3,5,47.73,47690.43,1946,0
4174,2024-08-18 13:49:35,13,6,1,359.11,Gas Station,Amex,0,1,3,7,8.79,13208.77,859,0
2536,2024-05-03 10:04:25,10,4,0,44.54,Shopping Mall,RuPay,0,1,3,7,37.12,26085.08,2325,0
9133,2024-08-24 23:18:02,23,5,1,333.56,Train Station,RuPay,1,1,2,7,39.75,10496.17,652,0
1908,2024-02-28 14:34:38,14,2,0,304.41,Hotel Lobby,RuPay,0,1,2,4,2.1,29611.48,1323,0
43,2024-09-12 20:56:02,20,3,0,60.7,Remote Village,Visa,0,1,1,5,11.23,10036.58,130,0
9492,2024-03-04 00:50:45,0,0,0,86.01,Airport Terminal,Visa,0,1,2,2,22.35,43476.12,1980,0
369,2024-11-16 18:01:39,18,5,1,63.63,Remote Village,Amex,0,1,3,4,32.73,22864.78,1426,0
1152,2024-05-23 08:33:53,8,3,0,193.89,Downtown Branch,Visa,0,1,2,2,32.28,6990.19,799,0
7753,2024-10-26 10:40:08,10,5,1,210.58,Hotel Lobby,RuPay,0,1,1,1,34.9,7780.72,558,0
6359,2024-02-12 23:27:07,23,0,0,367.37,Train Station,RuPay,1,1,1,3,19.69,998.38,1546,0
5913,2024-11-03 22:01:21,22,6,1,179.03,Suburban Branch,RuPay,0,1,1,2,22.19,49831.96,2173,0
6508,2024-03-29 10:15:52,10,4,0,415.66,Shopping Mall,MasterCard,1,1,2,2,0.83,13001.19,1155,0
7526,2024-04-18 14:32:07,14,3,0,481.11,Shopping Mall,RuPay,2,1,3,4,32.04,10898.88,1747,0
4161,2024-06-20 05:45:25,5,3,0,310.05,Train Station,MasterCard,0,1,1,4,31.02,31123.61,3453,0
4288,2024-05-01 04:23:05,4,2,0,78.1,Hotel Lobby,Visa,0,1,2,5,22.6,46868.47,824,0
7776,2024-12-19 07:19:32,7,3,0,406.33,Shopping Mall,RuPay,0,1,2,5,39.89,14483.68,696,0
6715,2024-09-18 22:58:32,22,2,0,340.94,Hotel Lobby,MasterCard,0,1,1,2,29.27,44304.22,1158,0
175,2024-07-12 16:46:38,16,4,0,441.96,Airport Terminal,Visa,0,1,3,8,48.33,10835.71,1475,0
1904,2024-11-30 01:28:18,1,5,1,199.61,Suburban Branch,Amex,0,1,1,6,9.47,34125.36,2065,0
1100,2024-11-07 15:01:48,15,3,0,202.01,Hotel Lobby,MasterCard,0,1,3,2,32.75,25980.59,1513,0
8115,2024-01-25 11:19:36,11,3,0,102.26,Downtown Branch,MasterCard,0,1,1,8,10.89,48515.87,3376,0
3409,2024-12-16 18:32:54,18,0,0,332.76,Hospital,Visa,0,1,1,3,6.06,44309.05,1071,0
1539,2024-12-26 10:52:43,10,3,0,78.76,Suburban Branch,MasterCard,0,1,3,1,13.08,36690.92,3540,0
2293,2024-08-01 18:58:34,18,3,0,265.63,Suburban Branch,MasterCard,0,1,1,1,34.26,19989.82,648,0
9301,2024-03-15 10:27:17,10,4,0,212.0,University Campus,MasterCard,0,1,3,1,32.31,2431.71,495,0
1364,2024-09-17 01:30:59,1,1,0,363.08,Airport Terminal,Amex,0,1,3,1,10.44,29178.69,59,0
7189,2024-06-23 18:29:30,18,6,1,378.94,Hotel Lobby,Visa,0,1,1,7,14.62,8327.59,171,0
6628,2024-08-12 11:21:25,11,0,0,200.58,Remote Village,Amex,0,1,2,2,28.51,15597.85,3503,0
5261,2024-05-06 13:25:13,13,0,0,333.96,Airport Terminal,RuPay,1,1,1,6,40.41,34698.93,1730,0
6816,2024-10-22 13:16:43,13,1,0,300.01,Train Station,RuPay,0,1,3,8,16.86,44698.69,1022,0
9462,2024-01-27 02:18:56,2,5,1,127.91,University Campus,Amex,0,1,3,5,44.38,14511.82,2357,0
681,2024-01-06 11:33:37,11,5,1,364.92,Train Station,Amex,0,1,2,2,11.22,10236.95,3560,0
9316,2024-07-14 01:53:32,1,6,1,405.86,Train Station,Visa,0,1,2,6,41.61,8161.63,2574,0
9299,2024-06-01 12:44:37,12,5,1,58.26,Train Station,Visa,0,1,2,1,35.7,34606.41,2535,0
3665,2024-08-29 08:18:41,8,3,0,319.93,Downtown Branch,RuPay,0,1,1,3,12.35,27157.85,1863,0
1662,2024-07-25 05:43:07,5,3,0,332.05,Hotel Lobby,Visa,1,1,1,1,11.09,35545.55,1199,0
509,2024-12-25 09:40:48,9,2,0,149.53,University Campus,RuPay,0,1,1,3,46.36,49282.82,3581,0
167,2024-10-25 04:14:36,4,4,0,483.81,Downtown Branch,MasterCard,0,1,3,3,15.21,8182.15,2935,0
5498,2024-05-27 12:08:20,12,0,0,385.79,Shopping Mall,RuPay,1,1,3,2,7.67,33858.97,209,0
8300,2024-08-07 19:50:16,19,2,0,49.91,Remote Village,RuPay,0,1,3,1,13.14,3405.59,3142,0
1007,2024-07-03 00:25:01,0,2,0,299.92,University Campus,MasterCard,0,1,1,1,28.36,49521.61,3451,0
9740,2024-10-26 04:28:01,4,5,1,2332.11,Remote Village,MasterCard,2,0,13,8,3883.16,-179.23,309,1
1915,2024-03-09 23:55:26,23,5,1,293.61,Train Station,RuPay,0,1,3,8,12.23,15752.55,1370,0
3495,2024-09-02 06:23:06,6,0,0,47.06,Shopping Mall,RuPay,0,1,2,7,35.89,12024.93,673,0
9634,2024-11-11 17:44:36,17,0,0,110.56,Hospital,MasterCard,2,1,11,9,4577.5,-368.38,236,1
9751,2024-09-17 12:03:28,12,1,0,219.89,Downtown Branch,Visa,3,0,12,16,2366.08,820.19,59,1
6445,2024-08-24 04:33:28,4,5,1,285.09,Hospital,MasterCard,1,1,2,2,16.08,23762.4,3581,0
4991,2024-04-18 14:41:14,14,3,0,69.92,Downtown Branch,MasterCard,0,1,3,5,9.17,12258.09,2040,0
2537,2024-08-03 12:31:24,12,5,1,314.2,Gas Station,RuPay,1,1,1,3,29.72,25199.65,1883,0
1105,2024-11-18 21:52:41,21,0,0,310.73,Hotel Lobby,Amex,0,1,3,1,15.11,22999.39,438,0
3876,2024-07-24 06:53:42,6,2,0,234.83,Train Station,MasterCard,0,1,2,8,31.46,2418.61,117,0
7524,2024-07-07 13:39:37,13,6,1,122.43,Downtown Branch,Amex,1,1,1,3,34.69,594.86,2961,0
1753,2024-04-18 20:52:23,20,3,0,64.11,Hospital,Amex,0,1,2,5,8.85,7131.57,1985,0
5311,2024-05-29 12:47:13,12,2,0,370.23,Remote Village,RuPay,0,1,3,8,43.46,33735.44,2795,0
7297,2024-11-20 21:43:08,21,2,0,171.69,University Campus,RuPay,0,1,1,6,44.42,11872.66,1946,0
2917,2024-07-08 19:59:57,19,0,0,423.68,Downtown Branch,RuPay,0,0,3,2,40.32,42025.85,1937,0
8975,2024-10-31 19:39:01,19,3,0,144.69,Train Station,RuPay,1,1,1,4,13.39,45901.07,453,0
5755,2024-10-15 02:06:38,2,1,0,204.34,Remote Village,Amex,0,1,2,4,16.42,33642.99,226,0
153,2024-01-25 12:08:22,12,3,0,363.7,Downtown Branch,RuPay,1,1,1,4,44.29,15848.23,1300,0
7691,2024-05-14 21:00:43,21,1,0,49.91,Hospital,Amex,0,1,1,5,42.81,38395.85,2739,0
5680,2024-02-03 21:03:58,21,5,1,454.98,Suburban Branch,Amex,0,1,1,2,0.58,35002.91,2526,0
3908,2024-12-14 13:54:25,13,5,1,230.79,Shopping Mall,MasterCard,0,1,1,7,6.17,35686.93,3212,0
9136,2024-08-09 21:46:46,21,4,0,311.43,Downtown Branch,Amex,0,0,2,4,23.47,34747.31,1846,0
2553,2024-11-08 20:08:23,20,4,0,239.4,Gas Station,Visa,0,1,3,2,18.73,14846.53,958,0
2774,2024-11-20 05:59:53,5,2,0,95.21,Downtown Branch,Amex,1,1,1,5,46.4,32398.98,2654,0
6099,2024-12-01 07:20:17,7,6,1,237.51,Shopping Mall,MasterCard,0,1,2,3,5.55,47827.18,60,0
3552,2024-06-24 14:01:41,14,0,0,262.3,Train Station,MasterCard,0,1,2,4,36.43,3060.0,1477,0
3723,2024-02-15 10:12:31,10,3,0,213.03,Remote Village,RuPay,0,1,2,8,48.71,18736.03,2855,0
9871,2024-10-25 03:57:36,3,4,0,4556.89,Remote Village,Amex,5,1,10,21,2892.09,78.65,184,1
521,2024-03-10 05:23:43,5,6,1,97.44,Remote Village,Visa,0,1,3,3,48.31,37491.81,1505,0
8034,2024-08-05 03:39:58,3,0,0,233.47,Hospital,Amex,0,1,2,5,33.26,42959.7,1889,0
4539,2024-10-30 18:04:10,18,2,0,55.7,Airport Terminal,Visa,1,1,3,5,38.63,1384.44,2467,0
6779,2024-06-12 22:47:50,22,2,0,99.74,Hotel Lobby,MasterCard,1,1,3,5,3.59,28236.37,1050,0
1823,2024-05-23 23:20:59,23,3,0,290.87,Gas Station,Amex,2,1,3,7,48.11,3272.75,884,0
4087,2024-06-18 17:17:57,17,1,0,206.96,Suburban Branch,RuPay,0,1,1,4,47.73,37847.73,1163,0
6149,2024-09-10 21:08:59,21,1,0,407.85,Suburban Branch,RuPay,0,1,3,5,14.53,41212.1,2612,0
8743,2024-10-06 08:45:34,8,6,1,132.64,Downtown Branch,Visa,0,1,3,5,3.48,43449.25,1527,0
9473,2024-10-26 16:37:52,16,5,1,274.13,Suburban Branch,Amex,1,1,2,4,26.43,37592.11,3206,0
7742,2024-08-19 04:06:08,4,0,0,313.24,Suburban Branch,Amex,0,1,2,7,20.97,46359.76,1071,0
310,2024-03-10 00:21:40,0,6,1,369.84,Remote Village,MasterCard,1,1,3,1,9.1,15979.02,3342,0
7721,2024-12-24 05:12:22,5,1,0,446.21,Hospital,Visa,1,1,2,2,4.32,17953.74,1211,0
8223,2024-01-13 08:23:31,8,5,1,487.88,Suburban Branch,Amex,0,1,3,7,12.43,32983.73,3587,0
8657,2024-06-20 11:44:59,11,3,0,470.19,Hotel Lobby,MasterCard,0,1,3,2,35.21,27838.88,975,0
3600,2024-09-22 16:46:21,16,6,1,456.08,University Campus,RuPay,0,1,2,7,24.93,22938.49,1929,0
3623,2024-03-26 02:00:23,2,1,0,119.38,University Campus,RuPay,0,1,2,6,46.56,25586.91,1558,0
3812,2024-06-13 11:40:15,11,3,0,187.79,Remote Village,Visa,0,1,3,4,42.67,47497.55,1444,0
3451,2024-01-10 16:01:43,16,2,0,259.39,Airport Terminal,Amex,1,1,1,4,43.59,1666.2,238,0
4592,2024-06-22 06:02:18,6,5,1,269.74,Suburban Branch,Amex,0,1,2,7,16.42,107.36,949,0
206,2024-10-09 16:07:46,16,2,0,489.79,Downtown Branch,RuPay,0,0,2,7,26.6,41185.69,1043,0
9841,2024-07-06 22:54:53,22,5,1,107.05,Hotel Lobby,Visa,1,0,7,14,1987.29,832.11,227,1
1136,2024-11-02 07:33:31,7,5,1,25.01,Train Station,MasterCard,0,1,3,4,15.39,34076.44,3571,0
9385,2024-08-02 10:27:02,10,4,0,356.54,University Campus,Visa,0,0,3,3,29.04,42670.56,335,0
2750,2024-04-21 13:32:08,13,6,1,275.22,Hotel Lobby,MasterCard,0,1,1,1,12.8,18169.29,1303,0
3614,2024-07-13 23:58:17,23,5,1,302.2,Remote Village,Visa,0,1,1,2,44.66,15132.93,1879,0
306,2024-01-22 19:31:24,19,0,0,131.66,Suburban Branch,Amex,0,1,2,4,40.32,17103.88,756,0
1850,2024-01-03 10:50:26,10,2,0,253.07,Suburban Branch,MasterCard,0,1,1,6,7.42,44435.08,323,0
7670,2024-08-03 21:14:57,21,5,1,277.45,University Campus,RuPay,0,1,1,6,2.55,47830.0,1848,0
1989,2024-07-26 22:24:46,22,4,0,438.65,Gas Station,MasterCard,0,1,2,1,48.77,48170.39,183,0
3241,2024-07-09 14:45:55,14,1,0,90.81,Hotel Lobby,MasterCard,0,1,1,5,40.85,47426.94,2870,0
2799,2024-12-12 07:58:00,7,3,0,475.27,Hotel Lobby,Amex,0,1,1,8,21.79,3750.56,200,0
4516,2024-10-16 19:49:57,19,2,0,102.9,Hotel Lobby,Visa,0,1,3,5,44.62,5254.84,482,0
5631,2024-03-28 19:20:35,19,3,0,345.39,University Campus,MasterCard,0,1,2,4,17.95,1740.76,252,0
9373,2024-06-30 21:12:29,21,6,1,305.65,Hotel Lobby,RuPay,0,1,1,8,37.23,38587.63,507,0
3110,2024-11-14 13:15:46,13,3,0,69.02,Downtown Branch,MasterCard,0,1,3,8,3.17,26103.54,214,0
4940,2024-07-28 03:20:31,3,6,1,450.37,Shopping Mall,MasterCard,0,1,1,8,10.65,21284.06,1179,0
4060,2024-01-23 13:42:00,13,1,0,418.65,Hospital,RuPay,0,1,1,5,39.83,49060.3,2055,0
1988,2024-04-09 14:03:06,14,1,0,52.97,Hospital,Amex,0,1,1,8,47.94,16234.16,868,0
7158,2024-07-16 00:07:50,0,1,0,123.61,University Campus,RuPay,0,1,2,6,24.55,10071.2,147,0
8875,2024-08-31 16:36:43,16,5,1,27.91,Hospital,RuPay,0,1,3,5,37.49,44276.6,2349,0
6614,2024-07-09 15:30:21,15,1,0,225.38,Train Station,RuPay,0,1,1,7,37.72,40754.46,693,0
384,2024-03-19 20:54:36,20,1,0,317.87,Train Station,MasterCard,0,1,3,6,37.76,27376.1,2501,0
5635,2024-07-12 03:23:44,3,4,0,111.15,Remote Village,RuPay,1,1,1,4,4.44,32401.36,2181,0
4308,2024-04-29 10:45:57,10,0,0,261.82,University Campus,MasterCard,0,1,3,7,35.13,24034.4,936,0
3389,2024-06-30 01:18:36,1,6,1,393.72,Shopping Mall,Visa,0,1,1,5,32.98,11284.03,3121,0
3157,2024-04-26 05:00:28,5,4,0,174.06,Suburban Branch,Visa,0,1,3,3,2.78,23684.64,880,0
9996,2024-09-11 05:43:35,5,2,0,298.17,Gas Station,Amex,2,1,10,23,992.49,836.65,109,1
2728,2024-11-26 14:31:58,14,1,0,60.54,Gas Station,Visa,0,1,1,6,6.11,43816.48,3038,0
6334,2024-12-24 11:13:25,11,1,0,171.5,Airport Terminal,RuPay,0,1,1,6,28.67,45957.4,2546,0
9900,2024-03-13 18:42:16,18,2,0,268.5,Remote Village,Amex,3,1,11,27,1940.07,1770.83,328,1
8752,2024-10-06 04:31:09,4,6,1,131.53,University Campus,RuPay,1,1,1,1,18.48,4944.82,2392,0
8303,2024-12-08 05:23:28,5,6,1,190.8,Hospital,MasterCard,0,1,2,1,39.74,120.62,2952,0
6038,2024-03-07 07:16:23,7,3,0,111.18,Hospital,Amex,0,0,2,3,40.83,515.13,1699,0
3833,2024-10-19 09:25:38,9,5,1,60.79,Hotel Lobby,MasterCard,0,1,3,3,7.76,34666.76,1510,0
8918,2024-05-28 00:03:49,0,1,0,485.32,Airport Terminal,RuPay,0,1,3,5,6.24,5074.19,1153,0
4777,2024-04-20 13:38:48,13,5,1,364.78,Downtown Branch,Visa,0,1,3,8,5.55,36013.6,652,0
4277,2024-12-08 04:55:11,4,6,1,68.74,Remote Village,Amex,0,1,2,5,48.58,37999.81,1456,0
254,2024-08-03 12:09:36,12,5,1,100.1,Shopping Mall,MasterCard,0,1,2,1,43.28,47596.91,2014,0
7896,2024-11-20 10:55:40,10,2,0,149.38,Suburban Branch,MasterCard,1,1,2,6,19.27,21087.82,788,0
9591,2024-05-16 02:51:52,2,3,0,3152.04,Airport Terminal,MasterCard,4,0,8,24,494.05,589.44,33,1
7289,2024-02-20 06:34:04,6,1,0,206.07,Hotel Lobby,Visa,0,1,2,5,40.63,6173.69,1959,0
279,2024-04-30 10:59:21,10,1,0,355.36,University Campus,Amex,0,1,1,7,5.8,30653.61,255,0
3253,2024-12-08 00:30:52,0,6,1,424.8,Downtown Branch,RuPay,0,1,2,2,9.28,9398.76,3167,0
2481,2024-01-20 04:09:06,4,5,1,463.26,Train Station,Visa,0,1,1,4,38.52,19756.01,2216,0
290,2024-09-29 04:21:59,4,6,1,449.88,Airport Terminal,Visa,0,1,3,3,31.86,19778.13,2454,0
6087,2024-12-11 18:37:40,18,2,0,176.05,Suburban Branch,RuPay,0,1,1,4,29.53,11223.27,3424,0
3076,2024-03-25 03:51:08,3,0,0,80.0,Gas Station,Visa,0,1,2,8,11.13,604.44,2961,0
8124,2024-11-25 19:27:26,19,0,0,359.33,Gas Station,Amex,0,1,3,1,6.16,41490.28,1934,0
7599,2024-02-09 12:14:26,12,4,0,200.67,Hotel Lobby,Visa,0,1,3,7,12.82,38707.57,3158,0
6404,2024-10-11 06:36:30,6,4,0,337.04,Hotel Lobby,RuPay,0,1,3,2,44.69,27577.66,1488,0
5090,2024-11-03 05:49:31,5,6,1,53.05,Airport Terminal,MasterCard,0,1,2,6,20.99,35887.55,2655,0
7284,2024-08-04 06:35:16,6,6,1,209.14,Shopping Mall,MasterCard,0,1,1,2,20.52,42267.4,509,0
9718,2024-09-22 11:01:08,11,6,1,116.01,Hospital,MasterCard,2,1,12,29,923.0,931.01,351,1
8403,2024-10-17 03:05:21,3,3,0,180.98,Downtown Branch,RuPay,0,1,3,1,7.47,24274.46,1542,0
6122,2024-01-09 13:01:12,13,1,0,417.3,Gas Station,MasterCard,0,1,1,8,31.01,13743.49,2144,0
7755,2024-10-29 13:24:13,13,1,0,368.33,Airport Terminal,MasterCard,1,1,3,5,27.3,35601.42,2284,0
271,2024-05-28 15:13:07,15,1,0,391.26,Shopping Mall,MasterCard,0,1,3,3,3.42,28208.23,2529,0
6010,2024-10-22 12:24:20,12,1,0,315.61,Remote Village,Amex,0,1,3,8,29.55,39700.41,1774,0
4571,2024-10-11 05:58:08,5,4,0,363.73,Train Station,Amex,0,1,2,1,31.02,42300.3,2127,0
9117,2024-12-25 08:31:52,8,2,0,457.05,Suburban Branch,Amex,0,1,3,4,7.4,23412.01,1772,0
9804,2024-07-14 10:31:36,10,6,1,125.61,Suburban Branch,Amex,1,1,8,7,2820.76,1393.47,259,1
2972,2024-06-13 14:19:09,14,3,0,234.09,Hospital,RuPay,1,1,3,8,29.48,27133.73,1918,0
6194,2024-02-15 04:33:13,4,3,0,66.04,Shopping Mall,Visa,1,1,1,6,44.72,45760.58,1741,0
8769,2024-05-26 21:57:44,21,6,1,111.98,Train Station,Visa,0,1,2,8,26.5,33408.79,2315,0
4208,2024-09-27 19:51:04,19,4,0,384.7,Hotel Lobby,Amex,0,1,3,3,21.13,8697.94,2557,0
3219,2024-10-15 07:59:21,7,1,0,302.06,Shopping Mall,Amex,0,0,1,8,31.32,18649.95,50,0
1392,2024-01-11 14:42:59,14,3,0,202.38,Airport Terminal,Visa,1,1,3,2,4.15,36241.5,2961,0
3976,2024-07-03 15:16:22,15,2,0,177.52,Downtown Branch,Amex,0,1,2,7,48.72,14018.08,2181,0
4317,2024-03-27 12:35:08,12,2,0,420.34,Downtown Branch,Visa,0,1,2,5,4.5,7922.53,2532,0
7960,2024-05-22 13:33:44,13,2,0,138.24,Hospital,MasterCard,0,1,3,6,15.7,369.51,1425,0
7345,2024-04-28 13:11:47,13,6,1,20.18,Downtown Branch,Visa,0,1,1,8,32.82,41808.14,3501,0
7449,2024-05-11 17:00:14,17,5,1,434.4,University Campus,Visa,0,1,1,3,12.06,36407.89,153,0
84,2024-12-01 13:18:53,13,6,1,53.51,Hospital,RuPay,0,1,3,5,41.03,14213.67,1252,0
874,2024-10-04 11:06:35,11,4,0,198.63,Suburban Branch,Visa,0,1,2,3,15.82,39410.42,1582,0
9606,2024-05-02 01:11:23,1,3,0,3123.24,Airport Terminal,MasterCard,5,1,15,23,4190.01,796.96,25,1
7636,2024-08-11 20:08:25,20,6,1,233.39,Airport Terminal,Visa,0,1,1,4,31.13,3306.25,2028,0
4558,2024-04-18 09:10:56,9,3,0,110.37,University Campus,MasterCard,0,1,1,6,40.93,17785.35,2753,0
4501,2024-01-27 20:11:46,20,5,1,454.45,University Campus,RuPay,0,1,2,1,29.87,19666.35,1002,0
4648,2024-06-16 12:35:52,12,6,1,57.59,Shopping Mall,MasterCard,0,1,3,8,3.06,45579.65,269,0
2039,2024-09-01 00:34:11,0,6,1,104.81,Hotel Lobby,Visa,0,1,1,5,33.28,44623.49,498,0
9695,2024-02-12 19:34:09,19,0,0,230.7,University Campus,Amex,3,0,11,28,4417.75,27.97,169,1
6910,2024-06-20 07:15:30,7,3,0,394.3,Gas Station,Amex,0,1,2,2,18.17,9700.86,528,0
2451,2024-05-22 01:37:48,1,2,0,267.66,Suburban Branch,RuPay,0,0,1,2,28.44,23554.14,3436,0
3955,2024-02-10 03:45:33,3,5,1,66.14,Train Station,RuPay,1,0,3,2,46.57,32128.85,1220,0
2330,2024-12-05 18:10:46,18,3,0,350.34,Remote Village,MasterCard,0,1,1,8,24.78,21828.79,418,0
9125,2024-12-27 09:07:21,9,4,0,109.33,Suburban Branch,RuPay,1,1,2,8,47.0,29419.84,2128,0
7045,2024-09-27 00:40:53,0,4,0,82.85,Airport Terminal,RuPay,0,1,2,1,46.4,10030.95,1989,0
5043,2024-04-12 07:28:50,7,4,0,314.36,Suburban Branch,RuPay,0,0,2,1,29.71,12166.43,3429,0
9365,2024-03-31 06:26:57,6,6,1,283.62,University Campus,Amex,0,1,3,7,8.04,14313.0,1677,0
4747,2024-06-24 19:14:19,19,0,0,347.34,University Campus,RuPay,0,1,1,3,24.91,13057.11,46,0
9368,2024-08-26 23:03:58,23,0,0,110.9,Gas Station,Amex,0,1,1,7,32.45,2584.62,3126,0
9403,2024-07-03 02:13:54,2,2,0,174.7,Hospital,Visa,0,1,1,2,24.78,7565.48,3375,0
6492,2024-04-19 10:40:32,10,4,0,238.56,Shopping Mall,Amex,0,1,3,1,41.36,25247.66,3555,0
6638,2024-05-10 06:45:06,6,4,0,397.21,Hotel Lobby,Visa,0,1,2,4,31.44,36004.65,1210,0
7226,2024-01-18 05:50:24,5,3,0,456.54,Hospital,Visa,0,1,3,6,41.88,44550.17,460,0
2402,2024-11-29 20:48:36,20,4,0,456.51,Downtown Branch,MasterCard,0,1,3,3,12.02,7127.85,1056,0
5521,2024-05-31 07:14:00,7,4,0,388.89,Remote Village,RuPay,0,1,3,2,4.27,741.13,160,0
1217,2024-08-24 21:54:19,21,5,1,332.08,Airport Terminal,MasterCard,0,1,2,5,23.29,44478.85,3056,0
8696,2024-12-17 09:39:50,9,1,0,470.81,Airport Terminal,Amex,0,1,1,1,6.42,24737.67,3002,0
6021,2024-08-30 23:25:26,23,4,0,90.01,Downtown Branch,MasterCard,0,1,3,8,40.43,26848.37,2802,0
6866,2024-02-18 12:49:29,12,6,1,44.69,Airport Terminal,MasterCard,1,1,1,7,46.15,6271.01,49,0
1065,2024-12-14 09:03:31,9,5,1,312.96,Airport Terminal,MasterCard,0,1,2,5,12.98,24796.95,961,0
3787,2024-08-07 06:26:21,6,2,0,281.95,Remote Village,Amex,0,1,2,7,18.64,30699.91,758,0
4411,2024-09-23 16:29:26,16,0,0,348.67,University Campus,Visa,1,1,3,5,4.58,6372.67,3129,0
6860,2024-10-07 15:56:21,15,0,0,192.66,University Campus,RuPay,0,1,3,2,38.54,9968.33,1351,0
6761,2024-11-21 12:28:51,12,3,0,429.29,Hotel Lobby,Amex,0,1,2,6,17.3,12266.9,3100,0
5524,2024-03-30 15:59:07,15,5,1,319.99,Train Station,Amex,0,0,2,5,43.68,13328.01,2870,0
5997,2024-02-02 06:17:51,6,4,0,26.94,Hotel Lobby,Amex,1,1,1,2,48.93,31288.83,412,0
8834,2024-01-03 17:37:53,17,2,0,32.33,University Campus,RuPay,0,1,2,6,16.09,49434.5,2272,0
5889,2024-09-12 20:18:10,20,3,0,56.33,University Campus,Amex,0,1,3,4,46.5,3184.58,105,0
2162,2024-10-24 18:30:47,18,3,0,421.75,Airport Terminal,Amex,0,1,3,3,24.53,28136.43,1744,0
3009,2024-10-27 22:03:04,22,6,1,384.47,Hotel Lobby,RuPay,0,1,1,3,4.63,41628.31,1562,0
1106,2024-09-11 18:50:08,18,2,0,296.58,Hospital,MasterCard,0,1,2,5,24.17,45392.52,2214,0
6655,2024-08-13 01:50:50,1,1,0,181.41,Suburban Branch,Amex,0,1,1,6,29.82,38660.84,280,0
693,2024-06-10 17:18:22,17,0,0,461.8,Train Station,RuPay,0,1,2,1,14.21,49068.59,529,0
9958,2024-03-18 01:57:07,1,0,0,2822.55,Remote Village,MasterCard,4,0,4,12,1359.36,936.54,215,1
4957,2024-01-04 00:02:55,0,3,0,452.8,Hospital,MasterCard,0,1,3,2,29.62,35575.13,2412,0
6598,2024-07-28 23:49:08,23,6,1,403.35,Hotel Lobby,MasterCard,0,1,1,8,22.58,5387.57,1500,0
8481,2024-03-19 08:50:47,8,1,0,443.34,Suburban Branch,Amex,0,1,2,2,22.53,10489.96,2321,0
4370,2024-02-11 17:39:23,17,6,1,296.0,Downtown Branch,MasterCard,1,1,3,8,12.15,44037.74,1431,0
2766,2024-03-29 02:20:45,2,4,0,358.42,Train Station,MasterCard,1,1,2,4,37.7,29315.98,2100,0
3930,2024-09-18 11:53:12,11,2,0,221.9,Downtown Branch,MasterCard,0,1,1,5,20.29,4622.69,2561,0
7135,2024-08-29 20:23:46,20,3,0,276.97,Hotel Lobby,Visa,0,1,3,2,43.12,6754.4,2969,0
8736,2024-03-05 05:34:18,5,1,0,469.39,Shopping Mall,Visa,0,1,2,3,34.73,39290.54,2347,0
7531,2024-08-16 14:02:04,14,4,0,269.94,Downtown Branch,RuPay,1,1,3,1,3.5,19768.45,3159,0
7529,2024-05-20 02:33:57,2,0,0,401.56,Gas Station,RuPay,0,1,3,7,6.63,1066.12,1698,0
629,2024-10-24 15:45:40,15,3,0,321.45,Remote Village,Amex,0,1,3,6,43.62,41358.42,2835,0
2452,2024-06-19 07:29:45,7,2,0,191.0,Suburban Branch,Amex,0,1,1,3,20.69,23876.87,200,0
6240,2024-09-03 23:21:56,23,1,0,175.36,Remote Village,Visa,0,1,3,2,31.24,28593.69,2513,0
7013,2024-01-07 07:30:39,7,6,1,301.98,Airport Terminal,Amex,0,1,1,1,38.95,28471.0,2509,0
3825,2024-01-24 22:45:10,22,2,0,332.93,Shopping Mall,Visa,0,1,1,1,17.94,3953.3,1090,0
8978,2024-03-12 10:44:48,10,1,0,408.45,University Campus,Amex,0,1,1,3,1.87,20049.43,342,0
2653,2024-04-11 19:23:27,19,3,0,26.14,Gas Station,Amex,0,1,2,8,47.73,20017.06,2516,0
9108,2024-08-15 13:20:16,13,3,0,381.74,Shopping Mall,Visa,0,1,3,8,6.38,24625.89,1346,0
3744,2024-08-16 14:59:30,14,4,0,361.37,Remote Village,RuPay,0,1,2,2,39.85,32139.62,2473,0
2177,2024-03-25 19:05:42,19,0,0,176.51,Shopping Mall,Amex,0,1,2,8,45.0,4153.03,74,0
9907,2024-04-28 03:57:30,3,6,1,963.64,Airport Terminal,Amex,3,0,14,15,4928.95,590.09,363,1
9264,2024-01-29 08:00:49,8,0,0,138.05,Hospital,Amex,0,1,1,6,19.26,24651.7,406,0
3319,2024-08-11 22:28:06,22,6,1,68.2,Train Station,Amex,0,0,3,6,16.23,20046.81,3138,0
6344,2024-01-10 06:43:58,6,2,0,270.04,Train Station,RuPay,0,1,3,2,28.59,6476.88,1322,0
2788,2024-11-03 06:22:26,6,6,1,495.84,Suburban Branch,Visa,0,1,3,4,16.72,9986.59,3418,0
4106,2024-04-03 11:15:49,11,2,0,410.21,Suburban Branch,MasterCard,0,1,1,2,33.07,19390.6,3177,0
6356,2024-11-02 08:31:04,8,5,1,294.21,Hospital,MasterCard,0,1,2,6,40.18,2018.67,255,0
1677,2024-10-31 05:07:34,5,3,0,310.93,University Campus,RuPay,2,1,1,8,29.52,34289.27,3362,0
3948,2024-11-21 16:09:00,16,3,0,222.51,Airport Terminal,Visa,0,1,3,6,14.54,6581.02,1663,0
4445,2024-11-02 14:36:39,14,5,1,440.12,Remote Village,Visa,1,1,2,8,28.32,31398.14,672,0
2937,2024-12-09 11:46:11,11,0,0,89.75,Train Station,Amex,0,1,2,3,22.7,2801.64,1201,0
9006,2024-12-13 00:52:48,0,4,0,48.36,University Campus,MasterCard,0,1,3,3,22.62,21272.96,549,0
7767,2024-10-09 19:18:52,19,2,0,220.56,Remote Village,RuPay,0,0,1,3,14.54,1441.61,2747,0
5723,2024-02-25 10:47:55,10,6,1,312.48,Downtown Branch,Amex,0,1,1,1,11.1,4631.36,505,0
7442,2024-06-12 02:18:57,2,2,0,33.74,Remote Village,Amex,0,1,3,6,41.13,14927.63,723,0
2504,2024-12-14 02:20:24,2,5,1,283.51,Hospital,MasterCard,0,1,3,4,33.31,43641.79,2105,0
8483,2024-10-22 06:44:56,6,1,0,202.26,Train Station,Visa,0,1,3,8,47.49,31764.36,2804,0
2370,2024-05-05 19:12:15,19,6,1,397.86,Airport Terminal,Amex,0,1,1,4,43.85,39156.28,430,0
4968,2024-07-28 06:24:24,6,6,1,88.36,Train Station,Amex,0,1,3,3,5.29,6442.08,1381,0
5884,2024-08-01 20:21:56,20,3,0,113.21,Suburban Branch,MasterCard,0,1,2,7,0.32,33640.12,3115,0
2218,2024-02-26 23:42:59,23,0,0,28.68,Train Station,Amex,0,1,2,8,47.6,18231.59,1170,0
5848,2024-08-03 23:44:01,23,5,1,266.49,Remote Village,Visa,0,1,2,4,28.96,47931.98,2093,0
2219,2024-07-05 12:13:58,12,4,0,368.68,Downtown Branch,RuPay,1,1,3,3,45.93,44780.46,357,0
3327,2024-08-09 05:12:19,5,4,0,156.56,Airport Terminal,Amex,0,1,1,5,11.45,19307.57,284,0
6734,2024-10-20 19:16:09,19,6,1,50.87,Gas Station,RuPay,0,1,1,7,4.84,29862.57,3365,0
3584,2024-11-24 06:23:56,6,6,1,59.31,Downtown Branch,Amex,0,1,2,3,19.47,33197.95,1585,0
9825,2024-06-09 04:11:42,4,6,1,3029.88,Airport Terminal,Amex,3,0,6,29,4762.98,-422.22,93,1
3620,2024-06-13 05:45:35,5,3,0,455.49,Suburban Branch,RuPay,0,1,2,8,5.49,16322.55,3453,0
7708,2024-10-13 14:58:51,14,6,1,322.25,Train Station,Amex,1,1,3,6,31.7,47802.95,928,0
6433,2024-09-09 11:05:27,11,0,0,357.19,Hotel Lobby,Visa,0,1,1,8,17.21,13354.39,831,0
3116,2024-03-05 23:49:03,23,1,0,301.34,Train Station,Visa,0,1,3,1,5.3,43810.96,157,0
86,2024-08-10 01:32:25,1,5,1,203.83,Hospital,MasterCard,1,1,3,8,35.26,40589.3,1611,0
5974,2024-12-10 22:32:00,22,1,0,36.13,Train Station,RuPay,0,1,3,2,42.94,34596.48,2290,0
2802,2024-01-31 13:02:43,13,2,0,459.9,Hospital,Visa,0,1,1,4,29.99,24331.05,2133,0
3672,2024-07-25 02:09:59,2,3,0,485.66,Hotel Lobby,MasterCard,2,1,2,1,17.88,31249.86,790,0
3668,2024-01-09 06:58:12,6,1,0,273.46,Hospital,RuPay,0,1,3,4,31.68,43642.62,3384,0
9795,2024-07-11 02:05:38,2,3,0,3826.76,Airport Terminal,Visa,2,0,15,28,3894.82,8.21,143,1
5159,2024-07-29 03:10:56,3,0,0,415.38,Shopping Mall,MasterCard,0,1,2,7,49.01,47115.1,3395,0
5726,2024-05-10 17:50:47,17,4,0,448.39,Suburban Branch,RuPay,0,1,1,3,26.41,26711.28,429,0
4591,2024-05-07 03:37:29,3,1,0,217.91,University Campus,MasterCard,0,1,3,6,46.36,32773.29,1777,0
2020,2024-05-01 03:41:32,3,2,0,238.97,University Campus,RuPay,0,1,3,2,48.84,5565.82,163,0
7832,2024-02-02 05:43:27,5,4,0,248.56,Shopping Mall,RuPay,0,1,2,3,4.91,41391.99,3530,0
2526,2024-10-30 13:27:21,13,2,0,129.99,Suburban Branch,Amex,0,1,1,5,25.1,42525.43,400,0
8287,2024-01-08 11:46:54,11,0,0,483.37,Suburban Branch,Amex,0,1,3,4,9.37,8849.01,1277,0
9207,2024-10-02 00:05:34,0,2,0,156.28,Airport Terminal,Visa,0,1,2,8,19.45,46156.87,1299,0
3213,2024-12-21 23:57:00,23,5,1,352.84,Downtown Branch,Amex,0,1,1,1,31.4,37716.39,3491,0
520,2024-01-19 23:57:22,23,4,0,108.72,Hotel Lobby,RuPay,0,1,1,5,16.56,4476.36,476,0
5367,2024-07-29 05:47:26,5,0,0,176.75,Airport Terminal,RuPay,1,1,1,7,45.82,48121.22,118,0
6763,2024-11-29 04:56:08,4,4,0,24.63,Hotel Lobby,Amex,0,1,1,4,17.6,32706.48,751,0
2896,2024-05-05 23:24:52,23,6,1,261.54,Train Station,Visa,0,1,3,5,11.75,46069.57,3061,0
245,2024-06-22 02:57:26,2,5,1,199.58,Remote Village,RuPay,0,1,1,6,49.89,24190.28,1240,0
5931,2024-08-13 23:26:16,23,1,0,131.46,Suburban Branch,MasterCard,1,1,1,8,8.74,32575.05,2355,0
4715,2024-04-01 05:25:31,5,0,0,498.6,Suburban Branch,Visa,0,1,1,8,25.56,19679.03,2633,0
9568,2024-05-14 03:21:32,3,1,0,357.7,Train Station,RuPay,2,0,8,9,4402.2,1136.61,192,1
3426,2024-01-21 02:14:52,2,6,1,248.63,University Campus,Amex,0,1,1,2,49.12,30653.81,819,0
6932,2024-04-01 21:03:25,21,0,0,405.26,Shopping Mall,MasterCard,0,1,2,3,1.24,17331.37,1703,0
6721,2024-09-06 05:49:01,5,4,0,255.84,Remote Village,Amex,0,1,1,6,48.68,9860.51,2030,0
7411,2024-07-22 12:08:24,12,0,0,220.15,Suburban Branch,Amex,2,1,1,7,39.09,41492.16,1575,0
6178,2024-12-26 07:03:22,7,3,0,333.16,Hospital,MasterCard,0,1,3,4,5.39,6279.92,2717,0
7251,2024-10-08 11:15:22,11,1,0,60.77,Hospital,RuPay,0,1,3,8,29.68,27392.27,1312,0
5510,2024-03-10 07:55:12,7,6,1,34.99,Train Station,RuPay,1,1,1,1,38.42,27187.87,3518,0
2002,2024-10-30 05:25:33,5,2,0,135.3,Airport Terminal,MasterCard,0,1,2,5,4.94,31751.16,621,0
886,2024-06-13 04:03:25,4,3,0,257.84,Airport Terminal,Visa,0,1,3,4,41.59,42553.77,3543,0
870,2024-01-18 22:18:02,22,3,0,474.18,Gas Station,Amex,0,1,2,3,28.85,34785.56,2170,0
9689,2024-09-19 03:01:56,3,3,0,4599.17,Remote Village,RuPay,5,0,8,7,1929.0,1286.77,212,1
5721,2024-11-11 16:49:46,16,0,0,190.4,University Campus,MasterCard,0,1,1,5,31.18,27807.25,1511,0
357,2024-07-31 21:01:24,21,2,0,258.25,Train Station,RuPay,0,1,1,1,33.58,45353.31,3451,0
9908,2024-11-12 20:15:53,20,1,0,185.17,Hotel Lobby,RuPay,1,0,5,17,3971.62,844.91,293,1
5452,2024-05-04 09:06:25,9,5,1,490.73,Hospital,MasterCard,0,1,3,6,43.96,17654.42,33,0
8194,2024-05-04 05:35:31,5,5,1,42.53,Suburban Branch,Amex,0,1,1,7,41.69,17470.65,432,0
6439,2024-07-22 21:42:14,21,0,0,312.42,Shopping Mall,MasterCard,0,1,2,7,4.5,30579.52,2811,0
7705,2024-05-19 19:04:27,19,6,1,120.21,University Campus,RuPay,1,1,3,2,43.27,4785.56,2304,0
1276,2024-01-25 18:26:35,18,3,0,347.36,Gas Station,MasterCard,0,1,3,1,35.68,24591.41,2914,0
1891,2024-01-19 02:57:55,2,4,0,80.99,Airport Terminal,MasterCard,0,1,3,1,4.54,35913.2,699,0
8687,2024-11-25 03:25:09,3,0,0,269.25,Remote Village,MasterCard,0,1,1,1,16.36,14000.17,2242,0
6569,2024-03-05 03:07:41,3,1,0,292.16,Airport Terminal,RuPay,0,1,3,7,40.6,3683.3,1605,0
9624,2024-10-05 12:59:18,12,5,1,147.74,Gas Station,RuPay,1,1,14,17,1730.79,206.11,308,1
3564,2024-03-03 16:32:36,16,6,1,319.54,Hospital,MasterCard,0,1,2,3,45.1,33065.31,1210,0
5788,2024-12-30 13:33:04,13,0,0,127.14,Suburban Branch,Amex,0,1,1,5,42.95,44872.51,290,0
4959,2024-02-07 09:48:17,9,2,0,218.39,Suburban Branch,Visa,0,1,2,6,22.83,37248.93,450,0
1547,2024-08-03 23:08:14,23,5,1,354.75,Gas Station,Amex,0,1,1,8,30.5,34889.81,2789,0
2381,2024-09-04 20:00:12,20,2,0,367.72,Hospital,Visa,0,1,3,6,20.25,1391.93,1597,0
3824,2024-09-28 02:09:52,2,5,1,163.09,Downtown Branch,Visa,0,1,1,6,19.66,49607.1,921,0
3233,2024-07-17 05:28:07,5,2,0,294.61,Gas Station,RuPay,0,1,2,1,11.87,16688.57,1847,0
8400,2024-04-04 10:21:46,10,3,0,96.34,Hospital,Amex,0,1,2,3,28.56,22884.2,3625,0
3307,2024-06-24 04:48:24,4,0,0,311.46,Remote Village,MasterCard,0,1,3,6,32.73,15414.06,2229,0
493,2024-09-22 22:13:13,22,6,1,463.59,Hospital,Amex,0,1,2,4,16.04,29734.47,129,0
3500,2024-03-12 09:14:16,9,1,0,361.63,Hotel Lobby,Visa,0,1,3,7,42.78,26465.26,3398,0
6665,2024-02-23 04:12:29,4,4,0,190.91,Airport Terminal,MasterCard,0,1,2,1,21.57,42116.02,896,0
1117,2024-09-29 10:07:27,10,6,1,110.08,Suburban Branch,Amex,0,1,1,1,31.25,29763.28,303,0
5638,2024-09-15 23:40:25,23,6,1,295.46,Gas Station,Amex,0,1,2,6,32.15,49374.11,1655,0
8775,2024-10-30 12:19:00,12,2,0,347.75,Hospital,MasterCard,0,1,2,7,18.02,46849.13,1081,0
6147,2024-03-22 06:44:49,6,4,0,283.92,Airport Terminal,RuPay,0,0,1,7,42.62,37033.07,3373,0
9868,2024-09-26 14:02:36,14,3,0,244.83,University Campus,RuPay,2,1,8,22,4155.03,246.09,155,1
8776,2024-04-30 19:40:38,19,1,0,370.01,Airport Terminal,Visa,0,1,3,7,30.2,1074.21,1144,0
6708,2024-08-20 09:36:05,9,1,0,207.2,Suburban Branch,MasterCard,0,1,1,8,41.57,47549.28,1483,0
9949,2024-12-29 00:51:08,0,6,1,268.53,Hospital,Visa,1,1,6,12,4828.95,627.36,297,1
7966,2024-09-06 06:07:54,6,4,0,399.68,Gas Station,RuPay,0,1,3,3,24.6,14057.17,1533,0
3646,2024-08-06 05:16:39,5,1,0,430.81,Gas Station,RuPay,0,1,3,5,37.02,16060.01,1997,0
2501,2024-05-21 03:52:46,3,1,0,134.82,Gas Station,Amex,1,0,3,6,24.74,39116.54,406,0
5678,2024-10-04 09:21:45,9,4,0,348.89,Suburban Branch,MasterCard,1,1,1,7,37.48,37384.42,3444,0
5242,2024-06-20 23:35:44,23,3,0,487.4,Hotel Lobby,MasterCard,0,1,3,8,12.33,34363.77,917,0
6519,2024-04-21 17:53:41,17,6,1,221.38,Hotel Lobby,RuPay,0,1,3,8,31.81,49028.78,3346,0
2784,2024-08-11 04:07:12,4,6,1,38.21,Downtown Branch,Amex,2,1,2,7,3.38,42051.48,1306,0
6159,2024-01-25 02:17:04,2,3,0,62.88,Downtown Branch,Amex,0,1,2,6,37.94,28808.58,2945,0
3810,2024-08-07 10:45:47,10,2,0,355.66,Downtown Branch,RuPay,0,1,1,1,35.66,31595.01,1476,0
9429,2024-06-04 09:15:45,9,1,0,253.01,Hotel Lobby,RuPay,0,1,2,2,26.17,43994.78,2542,0
9525,2024-08-27 18:30:46,18,1,0,212.14,Train Station,RuPay,2,0,6,8,4428.15,705.16,279,1
8600,2024-03-25 19:22:00,19,0,0,209.71,Hotel Lobby,Amex,0,1,3,6,40.02,45505.37,1225,0
1697,2024-08-15 18:33:25,18,3,0,450.11,University Campus,RuPay,2,1,3,3,49.93,43669.33,2957,0
5686,2024-07-03 16:25:16,16,2,0,379.4,University Campus,RuPay,0,1,3,4,4.08,30189.27,1562,0
8368,2024-08-02 06:30:53,6,4,0,31.13,University Campus,Visa,0,1,2,3,9.05,6230.43,2591,0
5940,2024-06-27 13:11:59,13,3,0,499.2,Hospital,Visa,0,1,3,6,18.85,12236.02,918,0
2053,2024-10-27 15:13:43,15,6,1,113.87,Suburban Branch,MasterCard,0,1,1,1,42.86,21508.82,1286,0
1777,2024-12-04 14:54:38,14,2,0,481.75,Hospital,MasterCard,0,1,3,1,3.95,5638.59,908,0
6561,2024-06-25 13:23:39,13,1,0,255.57,Suburban Branch,Visa,0,1,1,7,20.96,44886.86,2663,0
3314,2024-02-23 09:04:45,9,4,0,297.92,Train Station,RuPay,0,1,2,1,39.66,28426.14,1164,0
4782,2024-05-15 09:55:46,9,2,0,160.15,Shopping Mall,MasterCard,0,1,1,7,8.13,40381.88,2747,0
8539,2024-09-28 00:33:59,0,5,1,329.52,Hospital,MasterCard,0,1,1,6,13.39,29380.69,2370,0
6782,2024-10-15 03:44:35,3,1,0,263.65,Gas Station,Visa,0,1,1,7,28.33,25477.58,2737,0
1593,2024-03-07 15:36:38,15,3,0,294.81,Train Station,MasterCard,0,1,3,8,11.69,21358.42,3414,0
1724,2024-09-21 22:18:17,22,5,1,471.24,Airport Terminal,MasterCard,0,1,2,4,12.14,14744.14,2657,0
216,2024-12-21 03:12:38,3,5,1,136.44,University Campus,Amex,0,1,1,6,38.78,19095.02,2215,0
6327,2024-06-08 20:03:10,20,5,1,454.09,Hospital,RuPay,0,1,1,3,46.94,17071.91,3116,0
8257,2024-08-31 22:30:47,22,5,1,454.67,Hospital,Amex,1,1,1,6,39.14,13050.99,1816,0
491,2024-07-31 21:09:02,21,2,0,211.61,Suburban Branch,RuPay,0,1,3,3,38.1,24098.03,841,0
9134,2024-03-23 03:12:30,3,5,1,346.82,Gas Station,Amex,0,1,2,6,37.22,43810.76,2636,0
3484,2024-02-03 09:56:29,9,5,1,31.54,Train Station,MasterCard,0,1,3,3,11.78,16494.42,2854,0
5103,2024-03-10 11:09:25,11,6,1,66.34,Remote Village,Visa,0,1,1,4,7.66,17818.97,1092,0
5188,2024-06-19 20:28:29,20,2,0,88.25,Train Station,MasterCard,1,1,1,2,39.54,39048.09,1709,0
3432,2024-12-30 15:43:55,15,0,0,52.18,Shopping Mall,Visa,0,1,3,5,6.09,11129.65,128,0
9199,2024-05-26 14:16:46,14,6,1,77.64,Suburban Branch,Visa,0,1,2,2,39.31,29498.44,3069,0
7711,2024-09-22 01:54:08,1,6,1,457.33,Downtown Branch,Visa,1,1,3,8,35.65,49725.68,3173,0
5514,2024-07-23 01:21:02,1,1,0,257.28,Gas Station,MasterCard,0,1,1,1,6.56,32068.51,1977,0
26,2024-09-12 07:09:43,7,3,0,300.16,Gas Station,Amex,0,1,3,6,11.93,19849.71,2781,0
3513,2024-05-27 16:51:54,16,0,0,291.47,University Campus,MasterCard,1,1,1,6,22.4,40749.42,2028,0
2410,2024-05-28 12:41:23,12,1,0,309.98,Downtown Branch,MasterCard,0,1,1,6,37.58,48561.71,526,0
3271,2024-09-17 19:56:07,19,1,0,303.7,Gas Station,Visa,0,1,1,2,0.08,2123.81,3077,0
5210,2024-06-20 14:50:33,14,3,0,267.97,Hotel Lobby,MasterCard,0,1,1,4,44.36,5733.6,2393,0
8712,2024-10-27 18:47:53,18,6,1,62.87,Remote Village,Amex,0,1,2,4,48.83,49162.85,1924,0
1553,2024-01-05 03:28:10,3,4,0,457.53,Downtown Branch,MasterCard,0,0,1,2,16.73,20809.63,2281,0
9198,2024-07-19 21:33:46,21,4,0,295.8,Gas Station,Amex,0,1,1,2,40.33,36780.14,3104,0
8622,2024-12-14 01:34:16,1,5,1,398.67,Train Station,MasterCard,0,1,2,5,45.62,1981.6,1849,0
3872,2024-09-22 10:23:08,10,6,1,462.24,Hospital,RuPay,0,1,3,2,21.17,8177.97,2224,0
3403,2024-01-13 04:39:50,4,5,1,107.83,University Campus,MasterCard,0,1,2,4,41.27,25607.69,2871,0
4530,2024-09-23 01:12:10,1,0,0,484.53,Hotel Lobby,RuPay,0,1,1,4,4.41,36424.21,2133,0
980,2024-06-01 13:24:10,13,5,1,69.39,Remote Village,Amex,0,1,1,8,21.67,22363.27,2472,0
2656,2024-10-09 17:30:02,17,2,0,442.44,Remote Village,RuPay,0,1,1,2,10.3,32984.19,244,0
1848,2024-05-26 10:08:44,10,6,1,107.86,Hotel Lobby,RuPay,1,1,3,1,45.01,12187.93,2632,0
7965,2024-07-15 09:07:26,9,0,0,245.23,Airport Terminal,MasterCard,0,1,1,2,4.7,5575.03,492,0
8241,2024-07-30 02:43:38,2,1,0,243.48,Suburban Branch,MasterCard,0,1,2,3,9.08,41824.58,1703,0
7146,2024-06-30 21:24:27,21,6,1,245.52,Remote Village,Visa,0,1,3,3,41.87,23206.36,3258,0
7300,2024-12-04 23:19:26,23,2,0,29.18,Suburban Branch,MasterCard,0,1,2,4,10.9,25924.93,112,0
5722,2024-09-25 05:11:18,5,2,0,206.8,Gas Station,Visa,0,1,3,8,45.33,10392.85,1107,0
516,2024-05-27 01:32:26,1,0,0,284.17,Shopping Mall,Visa,0,1,3,3,8.11,7315.91,3180,0
8746,2024-12-11 07:41:04,7,2,0,300.63,Remote Village,Amex,0,1,1,3,11.67,38615.0,679,0
8298,2024-02-24 02:30:21,2,5,1,383.42,Hotel Lobby,Amex,0,1,2,6,16.77,39304.2,3021,0
1103,2024-09-02 06:31:26,6,0,0,390.76,Gas Station,Visa,0,1,2,7,6.56,37052.23,1135,0
3277,2024-01-17 23:33:59,23,2,0,156.04,Shopping Mall,RuPay,0,1,1,2,8.98,21306.76,1469,0
7218,2024-11-13 08:46:12,8,2,0,82.07,University Campus,MasterCard,0,1,1,2,15.76,2538.97,919,0
7390,2024-02-24 00:07:37,0,5,1,60.18,Airport Terminal,Visa,0,1,2,2,5.18,27627.05,3378,0
9078,2024-03-13 03:06:14,3,2,0,377.94,Train Station,Visa,0,1,2,6,40.98,42625.67,1944,0
8338,2024-07-03 01:39:56,1,2,0,228.82,Remote Village,RuPay,0,1,2,3,8.32,11661.56,3098,0
3997,2024-07-28 13:30:06,13,6,1,432.66,Gas Station,Visa,1,1,2,6,47.57,22390.24,3077,0
195,2024-10-10 22:31:30,22,3,0,240.28,Shopping Mall,RuPay,0,1,2,5,28.39,37888.41,748,0
4712,2024-06-06 10:47:59,10,3,0,306.49,Shopping Mall,Visa,1,1,3,3,46.2,12413.44,1083,0
644,2024-01-26 03:08:41,3,4,0,194.58,University Campus,Amex,0,1,2,2,11.64,21292.74,2074,0
9090,2024-06-05 12:26:09,12,2,0,200.75,Remote Village,Amex,0,1,1,3,42.68,23873.02,3197,0
3286,2024-05-05 10:31:13,10,6,1,360.85,Downtown Branch,Amex,0,1,1,1,30.34,9599.03,1632,0
3117,2024-03-12 14:21:16,14,1,0,430.67,Train Station,Visa,0,1,3,2,45.56,27990.94,1606,0
6477,2024-07-07 10:15:20,10,6,1,343.24,Train Station,MasterCard,0,1,1,8,27.07,4709.32,2463,0
3576,2024-07-15 05:19:03,5,0,0,440.05,Downtown Branch,RuPay,0,1,2,2,13.91,13557.35,1084,0
9024,2024-04-09 19:35:36,19,1,0,406.53,Airport Terminal,MasterCard,0,1,3,2,35.91,39766.33,2918,0
4321,2024-05-21 17:00:02,17,1,0,173.28,Hospital,RuPay,0,1,1,2,48.63,34305.75,2759,0
9993,2024-07-10 03:23:40,3,2,0,4168.91,Airport Terminal,Amex,3,0,12,19,3912.63,-150.56,129,1
2208,2024-12-24 00:02:11,0,1,0,211.22,Train Station,Visa,0,1,2,1,29.39,44623.81,3311,0
4553,2024-07-31 23:26:48,23,2,0,124.69,Remote Village,RuPay,0,1,1,1,17.57,48807.23,1548,0
7317,2024-01-31 05:00:33,5,2,0,394.23,Suburban Branch,Amex,0,1,1,1,23.59,48762.6,3527,0
3719,2024-11-27 16:52:57,16,2,0,362.84,Gas Station,RuPay,0,1,3,5,45.77,26544.87,1379,0
973,2024-09-04 22:11:38,22,2,0,492.7,Airport Terminal,Visa,1,1,3,2,5.35,14194.91,769,0
4580,2024-07-05 04:04:10,4,4,0,27.99,Airport Terminal,Amex,1,1,2,8,25.82,47196.27,340,0
720,2024-11-15 20:36:13,20,4,0,289.99,Shopping Mall,RuPay,0,1,1,6,7.85,14676.94,1838,0
9018,2024-02-04 07:21:41,7,6,1,294.63,Hospital,Visa,0,1,3,1,11.97,42614.56,1692,0
6156,2024-08-18 11:44:42,11,6,1,463.95,Suburban Branch,Visa,0,1,1,8,2.61,44023.35,2086,0
9431,2024-03-07 04:00:59,4,3,0,471.75,Airport Terminal,MasterCard,0,1,3,3,44.4,8491.04,1204,0
3897,2024-08-18 18:37:09,18,6,1,208.24,Shopping Mall,RuPay,0,1,1,8,33.51,221.29,3313,0
2804,2024-10-01 20:26:34,20,1,0,277.12,Suburban Branch,Visa,0,1,2,7,46.55,2382.72,1465,0
2567,2024-03-14 05:10:53,5,3,0,401.77,Airport Terminal,MasterCard,0,1,3,4,21.08,6114.66,3460,0
4026,2024-05-18 14:53:25,14,5,1,181.58,Train Station,Amex,0,1,3,7,10.53,41420.96,2855,0
6199,2024-06-29 15:33:31,15,5,1,244.83,Gas Station,Amex,0,1,2,1,28.33,34134.92,249,0
33,2024-12-15 02:35:05,2,6,1,191.75,Airport Terminal,MasterCard,0,1,3,7,48.69,37498.93,999,0
8308,2024-09-30 23:34:07,23,0,0,30.48,Gas Station,MasterCard,0,1,2,8,25.62,35613.25,2077,0
8832,2024-08-26 05:05:21,5,0,0,192.06,Hotel Lobby,Visa,0,1,3,3,15.7,42533.56,2985,0
9819,2024-04-23 04:59:55,4,1,0,2694.91,Remote Village,MasterCard,2,0,5,16,1649.8,1981.35,198,1
4064,2024-02-12 11:24:14,11,0,0,400.8,Suburban Branch,Visa,0,1,1,7,2.78,48229.03,116,0
8949,2024-11-15 21:32:35,21,4,0,345.77,University Campus,Visa,0,1,2,1,30.43,4453.16,2354,0
5541,2024-12-13 08:29:39,8,4,0,364.58,Shopping Mall,Amex,0,1,1,8,8.44,13527.0,1199,0
1698,2024-02-11 22:15:52,22,6,1,131.67,Hospital,Amex,0,1,2,3,49.05,2285.16,1072,0
2793,2024-01-22 00:36:42,0,0,0,405.91,Gas Station,Amex,1,1,3,1,13.67,7700.4,2682,0
2223,2024-12-18 04:27:00,4,2,0,206.37,Hotel Lobby,RuPay,0,1,1,7,11.83,19871.71,1007,0
5819,2024-04-07 13:55:50,13,6,1,134.64,Suburban Branch,Amex,1,0,3,7,21.39,21987.66,1600,0
9663,2024-11-29 13:08:18,13,4,0,204.42,Airport Terminal,Visa,2,1,15,9,981.09,622.17,328,1
3765,2024-07-06 09:51:55,9,5,1,404.16,Train Station,Amex,1,1,2,2,43.3,10117.73,3624,0
3867,2024-02-25 02:55:54,2,6,1,229.94,Remote Village,Visa,0,1,1,8,37.04,48689.9,1460,0
6422,2024-11-10 12:34:34,12,6,1,423.47,Airport Terminal,Amex,0,1,1,6,6.22,42262.09,1781,0
9400,2024-05-06 13:38:24,13,0,0,112.22,Gas Station,RuPay,0,1,2,3,29.18,36732.14,1422,0
8939,2024-05-09 02:46:43,2,3,0,496.65,Train Station,MasterCard,0,1,1,8,39.33,2758.55,3431,0
6672,2024-03-16 12:47:42,12,5,1,179.8,Shopping Mall,Amex,0,1,3,8,43.4,19003.31,1870,0
7979,2024-01-12 23:43:58,23,4,0,38.4,Hotel Lobby,Amex,0,1,3,2,5.38,39926.17,3327,0
3759,2024-12-20 18:19:19,18,4,0,55.17,Downtown Branch,RuPay,0,1,1,4,48.8,26012.76,1393,0
9775,2024-10-23 11:50:18,11,2,0,244.1,Hospital,Amex,3,1,3,19,2314.51,421.28,231,1
3228,2024-04-01 22:13:26,22,0,0,272.61,Airport Terminal,MasterCard,0,1,2,3,42.98,9470.92,2140,0
7803,2024-04-23 08:59:47,8,1,0,306.84,Shopping Mall,Visa,0,1,2,1,31.09,47505.78,157,0
3924,2024-10-26 08:53:12,8,5,1,177.43,Gas Station,RuPay,0,1,3,4,27.53,47541.18,1241,0
3905,2024-04-23 04:14:06,4,1,0,228.52,Suburban Branch,RuPay,0,1,1,5,38.12,26917.68,1858,0
2278,2024-09-19 20:31:05,20,3,0,29.04,Suburban Branch,Amex,0,1,3,7,0.05,35889.63,1057,0
6811,2024-05-20 17:09:11,17,0,0,34.99,Gas Station,Amex,1,1,3,1,49.85,23625.36,3458,0
1402,2024-08-14 01:45:23,1,2,0,218.36,University Campus,Visa,0,1,2,3,37.33,19596.42,1553,0
740,2024-05-30 09:17:34,9,3,0,131.75,Suburban Branch,MasterCard,0,1,3,8,36.8,32331.23,3576,0
4267,2024-08-03 08:00:40,8,5,1,99.07,University Campus,MasterCard,0,1,1,7,30.92,45199.88,137,0
9862,2024-08-02 01:14:19,1,4,0,2271.09,Remote Village,Visa,4,0,12,29,916.94,493.37,192,1
7353,2024-04-23 14:30:13,14,1,0,439.41,Hospital,RuPay,0,1,2,4,16.8,10045.73,1196,0
7519,2024-06-06 20:08:09,20,3,0,65.78,Hospital,Amex,0,0,3,6,23.93,32117.33,452,0
3852,2024-11-01 00:55:23,0,4,0,431.46,Suburban Branch,MasterCard,0,1,3,8,16.61,24689.54,3595,0
8632,2024-01-08 09:43:42,9,0,0,75.9,Suburban Branch,MasterCard,0,1,2,5,13.43,25062.81,488,0
2662,2024-10-10 00:05:45,0,3,0,126.11,Hospital,RuPay,0,1,3,5,43.23,37981.05,1684,0
6505,2024-07-05 19:42:22,19,4,0,198.65,University Campus,MasterCard,0,1,3,2,22.2,1729.29,3398,0
9800,2024-03-29 22:06:45,22,4,0,231.09,Airport Terminal,RuPay,2,0,11,25,350.15,1139.99,133,1
675,2024-11-16 03:58:22,3,5,1,96.96,Airport Terminal,MasterCard,0,1,3,6,22.66,1464.81,243,0
7106,2024-02-12 11:32:47,11,0,0,492.81,Shopping Mall,Amex,0,1,1,4,22.64,41434.91,2609,0
6361,2024-02-22 01:12:42,1,3,0,45.06,University Campus,MasterCard,0,1,1,5,35.77,40977.97,1820,0
3842,2024-05-30 22:35:33,22,3,0,386.14,University Campus,MasterCard,0,1,2,8,13.83,28746.37,967,0
1816,2024-09-15 10:34:46,10,6,1,85.97,Hotel Lobby,Visa,0,1,3,6,13.33,7650.15,2811,0
9490,2024-06-05 02:27:27,2,2,0,41.77,Downtown Branch,Visa,0,1,2,8,48.52,48115.66,3150,0
9839,2024-03-31 06:03:57,6,6,1,230.65,University Campus,Visa,0,1,13,13,398.15,570.07,26,1
9202,2024-12-07 14:22:14,14,5,1,402.55,Train Station,RuPay,0,1,2,4,41.17,28661.14,2713,0
4654,2024-05-30 18:34:18,18,3,0,262.37,University Campus,RuPay,0,1,2,3,8.76,25314.81,3101,0
8693,2024-06-20 08:11:33,8,3,0,185.83,Shopping Mall,RuPay,0,1,1,6,18.41,36871.81,1588,0
2101,2024-12-21 16:37:06,16,5,1,286.5,Remote Village,Amex,0,1,2,6,13.01,7898.06,1462,0
7712,2024-10-27 18:22:02,18,6,1,474.46,Suburban Branch,MasterCard,0,1,1,4,33.83,11792.05,163,0
1674,2024-10-20 06:00:19,6,6,1,52.55,Train Station,Amex,0,1,3,8,6.22,12690.6,110,0
2102,2024-02-12 05:23:49,5,0,0,355.46,Remote Village,Visa,0,1,2,3,49.57,24713.49,2245,0
4214,2024-01-08 09:08:23,9,0,0,25.91,Hotel Lobby,MasterCard,0,1,3,1,49.95,15310.51,2153,0
6959,2024-09-22 18:02:48,18,6,1,95.67,Train Station,MasterCard,0,1,3,7,6.51,7535.71,790,0
1549,2024-08-16 00:22:10,0,4,0,171.24,Hospital,RuPay,0,1,1,2,4.5,35594.15,1892,0
9551,2024-12-13 01:19:07,1,4,0,4745.32,Airport Terminal,Amex,3,1,9,18,3644.5,621.25,165,1
3324,2024-02-09 03:00:56,3,4,0,62.79,Downtown Branch,RuPay,0,1,2,8,18.47,2755.21,408,0
9584,2024-01-26 14:13:42,14,4,0,157.9,Airport Terminal,RuPay,2,1,7,23,485.02,156.07,339,1
356,2024-04-19 19:01:05,19,4,0,74.73,University Campus,Visa,0,1,2,4,17.9,20546.84,686,0
5185,2024-01-28 09:26:05,9,6,1,248.82,Airport Terminal,Amex,0,1,3,7,27.82,13454.89,1724,0
1462,2024-08-23 09:53:33,9,4,0,429.15,Suburban Branch,Amex,0,1,3,4,34.45,1698.48,3520,0
7625,2024-03-06 20:01:25,20,2,0,291.2,Suburban Branch,MasterCard,0,1,2,8,46.75,48927.68,2000,0
9386,2024-10-10 21:08:42,21,3,0,485.08,Gas Station,Amex,0,1,1,6,46.3,29514.52,2191,0
3221,2024-08-23 18:07:55,18,4,0,474.84,Hospital,MasterCard,0,1,1,1,47.97,41143.79,706,0
940,2024-09-29 21:14:10,21,6,1,343.85,Suburban Branch,Visa,0,1,1,1,29.36,19167.38,2431,0
5148,2024-01-02 20:25:35,20,1,0,448.31,University Campus,MasterCard,0,1,1,8,30.75,28091.03,3316,0
5924,2024-09-15 23:45:02,23,6,1,309.18,Hotel Lobby,RuPay,1,1,1,4,9.54,3552.12,2960,0
7884,2024-05-04 01:20:42,1,5,1,215.7,Shopping Mall,MasterCard,1,1,1,4,20.28,39922.65,2425,0
1752,2024-07-07 23:58:49,23,6,1,239.32,Shopping Mall,MasterCard,0,1,2,3,39.2,4918.94,2786,0
9469,2024-07-16 17:32:27,17,1,0,22.68,Airport Terminal,RuPay,0,1,3,4,22.85,20760.54,2547,0
7598,2024-09-09 07:08:45,7,0,0,495.81,Airport Terminal,Visa,0,1,2,3,23.7,15749.3,271,0
1773,2024-09-01 06:11:00,6,6,1,355.92,Remote Village,RuPay,0,1,1,2,47.55,49839.39,1925,0
1197,2024-05-03 19:58:30,19,4,0,399.21,Train Station,RuPay,0,1,1,8,9.87,27164.2,910,0
1879,2024-03-14 11:01:47,11,3,0,144.5,Hospital,MasterCard,0,1,1,4,46.73,27581.43,226,0
2669,2024-10-01 02:06:17,2,1,0,325.33,Hospital,Visa,2,1,1,7,22.19,38054.59,3466,0
3172,2024-02-21 21:49:56,21,2,0,224.8,University Campus,RuPay,0,1,1,1,45.32,36123.93,1505,0
2017,2024-08-14 22:30:02,22,2,0,279.22,Downtown Branch,Visa,0,1,1,2,15.98,46514.03,2411,0
2006,2024-03-24 12:59:28,12,6,1,44.13,Suburban Branch,Visa,0,1,3,3,2.8,46505.36,3220,0
8273,2024-06-28 18:21:07,18,4,0,461.36,Shopping Mall,RuPay,0,1,2,6,49.77,45034.91,3248,0
3894,2024-04-11 22:36:20,22,3,0,387.71,Hospital,Amex,0,1,2,3,29.98,39598.46,3055,0
9992,2024-01-24 02:20:45,2,2,0,294.0,Hotel Lobby,Visa,2,1,4,25,4404.59,115.11,288,1
3238,2024-12-12 16:38:06,16,3,0,194.81,Suburban Branch,Visa,2,1,3,7,23.09,13331.07,2977,0
4425,2024-05-15 23:36:40,23,2,0,311.19,Shopping Mall,Visa,0,1,2,3,14.35,47678.29,3130,0
4745,2024-12-23 09:38:26,9,0,0,165.17,Hospital,MasterCard,0,1,1,4,46.03,48320.89,484,0
2079,2024-07-15 18:41:23,18,0,0,67.26,Shopping Mall,MasterCard,0,1,3,1,38.12,40623.7,1921,0
5220,2024-05-25 02:23:56,2,5,1,31.19,Gas Station,RuPay,0,1,1,6,21.32,42157.2,3177,0
397,2024-04-19 07:55:57,7,4,0,387.33,Hospital,RuPay,0,1,1,8,7.82,11071.3,3088,0
2789,2024-12-12 09:27:08,9,3,0,126.23,Train Station,Visa,0,1,2,4,31.45,41929.04,882,0
8878,2024-05-31 14:19:31,14,4,0,210.69,Gas Station,RuPay,0,1,3,7,14.19,3162.8,1147,0
8639,2024-12-14 12:40:46,12,5,1,286.31,Gas Station,Amex,2,1,3,8,2.61,31520.74,1228,0
4073,2024-01-06 09:34:48,9,5,1,58.56,Train Station,Amex,0,1,1,1,0.27,22494.01,1968,0
5575,2024-09-26 19:19:43,19,3,0,204.56,Suburban Branch,MasterCard,0,1,1,8,33.7,43916.23,2683,0
8370,2024-03-14 01:05:37,1,3,0,230.85,University Campus,MasterCard,0,1,1,1,21.59,36171.78,2816,0
9508,2024-03-08 19:11:46,19,4,0,110.07,Airport Terminal,Amex,2,1,11,14,497.37,494.93,37,1
5356,2024-10-15 21:32:54,21,1,0,174.68,Hospital,MasterCard,0,1,2,1,5.18,21497.13,739,0
7234,2024-03-05 14:13:42,14,1,0,370.57,Airport Terminal,RuPay,0,1,3,4,28.59,21088.44,711,0
9484,2024-07-05 00:43:51,0,4,0,164.19,Suburban Branch,RuPay,0,1,1,2,2.76,16630.4,47,0
6821,2024-07-11 13:17:15,13,3,0,432.94,Gas Station,MasterCard,1,1,1,3,36.74,11038.82,1613,0
1520,2024-06-27 23:28:51,23,3,0,49.41,Remote Village,Amex,0,1,1,4,18.33,37853.81,3147,0
8197,2024-08-15 00:08:04,0,3,0,92.54,Gas Station,MasterCard,0,1,1,3,5.93,33587.98,2839,0
1379,2024-10-04 21:35:22,21,4,0,427.26,Hotel Lobby,Amex,0,1,2,8,41.04,27275.08,1558,0
5673,2024-03-08 17:49:53,17,4,0,131.24,Train Station,Amex,0,1,3,4,37.01,31527.12,2931,0
1024,2024-09-17 05:35:28,5,1,0,22.86,Suburban Branch,Visa,0,1,1,2,2.73,41511.73,2691,0
2588,2024-02-06 01:33:57,1,1,0,420.69,Suburban Branch,Amex,0,1,1,1,41.79,39673.17,3238,0
7043,2024-07-06 13:53:04,13,5,1,175.09,Hospital,RuPay,0,1,3,5,34.24,27875.26,948,0
5622,2024-05-27 03:13:54,3,0,0,349.25,Suburban Branch,RuPay,0,0,2,7,43.71,6412.14,754,0
7638,2024-08-12 20:59:36,20,0,0,414.52,University Campus,MasterCard,0,1,3,3,19.57,13407.33,408,0
5009,2024-09-13 02:57:14,2,4,0,479.46,Shopping Mall,MasterCard,0,1,2,8,21.92,221.8,2305,0
2858,2024-10-08 06:57:08,6,1,0,279.68,Remote Village,Visa,0,0,2,6,6.31,41704.17,2686,0
8255,2024-04-11 14:11:36,14,3,0,238.4,Shopping Mall,MasterCard,0,1,2,4,26.22,43509.33,3276,0
5772,2024-07-01 11:30:06,11,0,0,212.83,Downtown Branch,RuPay,1,1,1,1,1.24,45984.55,2851,0
5843,2024-02-23 18:59:43,18,4,0,461.3,Shopping Mall,Amex,1,1,1,7,6.28,49615.51,1668,0
8028,2024-09-03 22:22:53,22,1,0,138.03,University Campus,Visa,0,1,3,7,2.74,42921.72,737,0
5833,2024-04-28 16:10:41,16,6,1,242.26,Hospital,MasterCard,0,0,1,6,38.77,10973.28,3472,0
1630,2024-12-22 23:56:53,23,6,1,197.04,Airport Terminal,MasterCard,0,1,1,2,36.85,9602.14,287,0
4889,2024-05-07 10:11:00,10,1,0,274.68,Remote Village,Amex,0,1,1,3,35.46,38623.81,2991,0
4527,2024-02-13 16:18:02,16,1,0,374.67,Remote Village,Visa,0,1,1,5,12.81,3571.88,253,0
3524,2024-01-31 21:27:17,21,2,0,100.62,University Campus,MasterCard,0,1,3,7,24.2,1844.72,490,0
5905,2024-04-27 23:58:07,23,5,1,360.53,Remote Village,Visa,0,1,2,2,39.1,40078.42,1045,0
7782,2024-06-27 18:43:31,18,3,0,371.61,Suburban Branch,Amex,0,1,2,5,49.53,14993.35,3176,0
3608,2024-04-06 19:09:41,19,5,1,46.18,Downtown Branch,Visa,0,1,2,8,45.91,17309.34,2760,0
9419,2024-01-25 15:51:06,15,3,0,80.19,Train Station,Visa,0,1,3,8,30.76,3057.38,888,0
5221,2024-09-21 01:18:29,1,5,1,134.35,Hotel Lobby,MasterCard,1,1,1,8,18.65,7822.36,3595,0
235,2024-10-08 12:02:03,12,1,0,452.55,University Campus,RuPay,1,1,1,7,8.48,13519.06,1129,0
7756,2024-03-27 02:06:43,2,2,0,358.11,Remote Village,Amex,0,1,2,4,18.12,1781.61,596,0
3797,2024-08-27 05:12:45,5,1,0,82.24,Hotel Lobby,Amex,0,1,2,8,22.55,9154.76,1898,0
4119,2024-03-11 23:48:02,23,0,0,67.98,Suburban Branch,Amex,0,1,2,7,37.38,20809.6,259,0
6319,2024-01-12 04:46:44,4,4,0,433.64,Shopping Mall,Amex,0,1,3,4,30.11,20618.69,1404,0
5002,2024-06-12 03:05:52,3,2,0,494.05,Hospital,RuPay,1,1,2,5,36.89,4475.2,3154,0
3801,2024-06-22 15:01:52,15,5,1,381.35,Hospital,MasterCard,0,1,3,4,34.12,8965.15,1424,0
7810,2024-03-12 13:04:38,13,1,0,229.02,Airport Terminal,RuPay,0,1,1,8,25.17,32108.85,3203,0
3900,2024-11-18 18:37:01,18,0,0,62.38,Airport Terminal,Amex,0,1,2,6,3.62,543.8,2762,0
5025,2024-06-17 10:16:54,10,0,0,451.7,Remote Village,Visa,1,1,3,5,32.24,43837.43,1312,0
1949,2024-11-01 19:04:33,19,4,0,393.5,Hotel Lobby,MasterCard,0,1,2,8,6.85,46628.7,3176,0
6362,2024-01-13 02:10:52,2,5,1,90.67,Hospital,RuPay,0,0,3,2,4.05,989.93,520,0
471,2024-11-08 20:02:26,20,4,0,448.06,Downtown Branch,RuPay,0,1,2,3,12.53,2070.48,2924,0
9945,2024-08-02 11:48:14,11,4,0,127.77,Airport Terminal,Amex,1,0,6,7,2039.94,1744.06,324,1
3493,2024-11-19 14:17:49,14,1,0,464.55,Hotel Lobby,RuPay,0,1,1,1,35.86,41724.6,806,0
6092,2024-06-27 21:09:35,21,3,0,257.82,Hotel Lobby,MasterCard,0,1,3,2,31.19,29409.01,483,0
2672,2024-08-07 16:56:05,16,2,0,478.6,Suburban Branch,Visa,0,1,1,2,19.8,9664.4,184,0
9801,2024-02-11 01:56:03,1,6,1,486.59,Airport Terminal,RuPay,2,1,4,29,3893.7,-81.17,134,1
2225,2024-01-05 06:03:07,6,4,0,432.6,Remote Village,MasterCard,0,1,1,1,40.27,11939.15,148,0
1107,2024-05-28 12:18:14,12,1,0,28.26,Hospital,RuPay,0,1,3,2,22.61,28936.19,131,0
2189,2024-12-21 21:08:11,21,5,1,394.87,Airport Terminal,Amex,0,1,3,3,2.44,47381.6,3337,0
819,2024-03-31 08:02:39,8,6,1,30.18,Airport Terminal,MasterCard,0,1,3,7,37.86,31026.33,275,0
5572,2024-04-13 01:03:49,1,5,1,295.77,Hotel Lobby,MasterCard,0,1,3,4,4.76,6688.22,869,0
4524,2024-04-19 09:52:12,9,4,0,230.25,Hospital,MasterCard,0,1,3,7,14.52,8249.95,1724,0
5794,2024-05-29 02:04:16,2,2,0,113.09,Airport Terminal,MasterCard,0,1,2,1,45.54,27618.48,2654,0
9382,2024-07-25 20:33:05,20,3,0,413.25,Gas Station,Amex,0,1,2,5,11.94,37291.2,1855,0
8781,2024-03-27 06:58:43,6,2,0,490.51,Shopping Mall,Visa,1,1,1,7,21.63,42244.67,205,0
7460,2024-10-11 15:38:01,15,4,0,281.3,Airport Terminal,RuPay,0,1,2,2,23.28,48232.75,716,0
2625,2024-05-13 05:51:45,5,0,0,489.42,Downtown Branch,MasterCard,0,1,3,2,13.81,8287.16,983,0
7095,2024-12-05 16:43:01,16,3,0,374.35,Suburban Branch,Amex,1,1,1,7,7.71,19153.11,3275,0
9393,2024-01-31 23:43:41,23,2,0,448.03,Downtown Branch,RuPay,0,1,1,8,49.25,2620.66,2304,0
9917,2024-12-16 01:52:37,1,0,0,828.54,Airport Terminal,Amex,3,1,11,20,4173.29,311.12,351,1
9120,2024-06-04 10:27:17,10,1,0,221.24,Gas Station,MasterCard,0,1,1,3,28.73,22956.92,3053,0
889,2024-12-11 17:13:50,17,2,0,366.77,Downtown Branch,RuPay,0,1,2,4,4.24,25764.5,659,0
2438,2024-06-04 10:08:38,10,1,0,387.65,Hospital,RuPay,0,1,3,4,33.55,42450.25,3240,0
6057,2024-12-22 02:02:37,2,6,1,300.42,Gas Station,RuPay,2,1,1,3,15.09,7176.5,483,0
7065,2024-04-04 14:47:57,14,3,0,475.82,Shopping Mall,Amex,0,1,2,1,21.84,39540.27,1340,0
818,2024-11-26 17:03:37,17,1,0,339.86,Downtown Branch,Visa,0,1,3,8,19.12,32065.54,982,0
8935,2024-02-16 13:51:06,13,4,0,435.28,Shopping Mall,Amex,0,1,1,6,14.64,4464.66,566,0
3415,2024-08-22 18:19:11,18,3,0,355.35,Remote Village,Visa,1,1,2,2,8.67,36284.31,3002,0
6353,2024-11-22 23:23:49,23,4,0,413.87,Suburban Branch,RuPay,0,1,2,2,17.97,29520.37,519,0
2342,2024-03-02 11:41:07,11,5,1,136.76,Hotel Lobby,RuPay,0,1,2,5,16.66,10907.26,790,0
9030,2024-02-06 15:09:29,15,1,0,113.17,Airport Terminal,Amex,2,1,2,7,38.12,31636.67,3450,0
3168,2024-03-21 06:57:06,6,3,0,349.17,Suburban Branch,RuPay,2,1,2,8,15.48,23632.77,3546,0
1810,2024-11-23 01:22:39,1,5,1,483.37,Gas Station,MasterCard,0,1,2,7,8.11,28417.71,3312,0
8036,2024-05-16 07:58:36,7,3,0,60.32,Downtown Branch,Amex,0,1,1,3,44.12,7571.96,1888,0
1265,2024-12-13 21:16:36,21,4,0,193.5,Shopping Mall,Amex,0,1,1,4,29.09,45450.63,2898,0
5087,2024-08-06 18:39:04,18,1,0,244.75,Gas Station,RuPay,0,1,1,4,33.85,17401.33,2547,0
9676,2024-05-24 02:50:24,2,4,0,366.21,Hotel Lobby,Visa,0,1,8,22,1207.25,-23.15,206,1
5836,2024-10-30 22:17:44,22,2,0,352.07,Suburban Branch,MasterCard,0,1,3,7,38.52,48406.5,464,0
5195,2024-02-10 14:37:51,14,5,1,270.71,Hotel Lobby,MasterCard,0,1,3,4,38.26,28526.95,2039,0
4450,2024-11-07 12:43:41,12,3,0,29.92,Train Station,MasterCard,0,1,1,6,22.32,34312.07,2723,0
4946,2024-05-01 05:41:26,5,2,0,482.87,Shopping Mall,MasterCard,0,1,1,7,35.83,32850.76,70,0
4046,2024-11-30 05:30:33,5,5,1,305.37,Suburban Branch,RuPay,0,0,2,3,25.32,24058.33,2069,0
6504,2024-06-18 10:13:43,10,1,0,363.12,Hospital,Amex,0,1,1,8,10.01,8215.44,3473,0
3703,2024-12-12 02:39:37,2,3,0,413.91,Gas Station,Amex,1,1,1,7,19.44,24631.16,2259,0
1036,2024-01-27 05:47:52,5,5,1,41.57,Shopping Mall,MasterCard,1,1,3,2,24.97,33998.18,1355,0
9257,2024-09-14 11:33:30,11,5,1,72.02,University Campus,Amex,1,1,1,7,5.53,927.95,2262,0
5591,2024-06-13 16:19:39,16,3,0,251.72,Downtown Branch,Amex,1,1,1,6,36.98,44969.01,378,0
1229,2024-12-02 10:55:16,10,0,0,375.13,Remote Village,MasterCard,0,1,1,7,8.62,46820.95,650,0
10000,2024-10-22 04:35:51,4,1,0,2702.43,Airport Terminal,Amex,2,0,15,19,329.76,902.79,16,1
6812,2024-12-04 12:52:18,12,2,0,140.62,Train Station,MasterCard,0,1,3,1,9.29,37707.75,590,0
5142,2024-09-16 19:46:18,19,0,0,311.56,Hospital,Visa,0,1,2,5,4.42,9894.31,2864,0
53,2024-02-02 14:26:49,14,4,0,328.52,Train Station,RuPay,0,1,2,7,16.37,22789.5,1412,0
9068,2024-08-25 22:57:26,22,6,1,154.39,Downtown Branch,RuPay,0,1,1,7,17.52,18780.63,1065,0
8396,2024-12-15 04:41:33,4,6,1,235.38,Shopping Mall,Visa,0,1,2,6,12.64,26787.86,493,0
160,2024-06-21 09:48:50,9,4,0,386.28,Suburban Branch,MasterCard,0,1,2,5,12.48,5761.09,3043,0
7553,2024-11-17 07:53:43,7,6,1,398.84,Hotel Lobby,RuPay,0,1,3,3,0.82,31843.61,725,0
1588,2024-03-26 00:01:34,0,1,0,380.16,Suburban Branch,RuPay,0,0,2,3,23.39,27351.03,1442,0
1590,2024-01-19 13:23:39,13,4,0,87.61,Suburban Branch,RuPay,0,1,1,7,13.77,49746.95,998,0
9842,2024-04-14 05:38:08,5,6,1,413.58,Gas Station,MasterCard,0,0,4,16,2537.06,982.6,314,1
9329,2024-03-17 07:12:08,7,6,1,285.11,Train Station,MasterCard,2,1,3,3,0.73,45686.49,73,0
6931,2024-07-19 21:16:47,21,4,0,404.55,Gas Station,RuPay,0,1,1,1,35.38,20858.71,3479,0
6597,2024-10-21 09:23:14,9,0,0,363.57,Remote Village,Visa,0,1,2,2,39.06,24457.97,2507,0
6175,2024-12-28 23:10:05,23,5,1,304.75,Gas Station,Amex,1,1,2,3,35.7,6843.27,1563,0
8099,2024-12-08 15:17:41,15,6,1,69.76,University Campus,Visa,1,1,3,6,4.55,42510.63,1739,0
3859,2024-10-29 05:58:44,5,1,0,356.75,University Campus,MasterCard,0,1,2,4,2.37,46605.17,1896,0
9815,2024-10-17 10:20:45,10,3,0,191.57,Train Station,Visa,2,0,13,23,441.27,-92.01,266,1
6692,2024-09-10 14:32:17,14,1,0,260.29,Downtown Branch,Amex,0,1,2,8,3.78,577.1,1077,0
2829,2024-12-23 07:49:46,7,0,0,146.51,University Campus,Visa,0,1,2,1,19.16,1322.91,1890,0
437,2024-06-03 22:18:10,22,0,0,343.38,Airport Terminal,Amex,0,1,1,8,15.69,11006.45,2379,0
8275,2024-11-03 21:56:39,21,6,1,473.97,Airport Terminal,Visa,0,1,2,1,38.88,33420.99,1818,0
8169,2024-08-08 14:52:11,14,3,0,292.25,Train Station,MasterCard,0,1,1,6,11.64,40521.51,563,0
3879,2024-06-18 14:34:47,14,1,0,62.88,Downtown Branch,Amex,0,1,2,6,2.25,2167.42,3426,0
1589,2024-02-17 02:15:51,2,5,1,111.39,Suburban Branch,Amex,0,1,2,1,36.3,8517.81,2400,0
2781,2024-11-07 03:02:53,3,3,0,166.96,Suburban Branch,RuPay,0,1,3,6,30.82,34251.16,2870,0
8982,2024-06-12 17:30:11,17,2,0,252.61,Suburban Branch,Visa,0,1,3,4,13.73,7506.58,1372,0
8562,2024-06-04 12:44:20,12,1,0,247.47,Remote Village,Amex,0,1,1,3,2.23,4834.88,1130,0
5687,2024-12-20 11:38:53,11,4,0,52.89,Downtown Branch,MasterCard,1,1,1,8,38.46,35229.6,746,0
3966,2024-06-01 22:02:28,22,5,1,261.11,Airport Terminal,MasterCard,0,1,3,2,23.02,29170.14,2498,0
4728,2024-11-19 14:23:38,14,1,0,304.59,Airport Terminal,Amex,0,1,3,7,21.3,36105.35,3042,0
974,2024-01-31 01:14:49,1,2,0,257.24,University Campus,Visa,0,1,2,1,20.69,24377.21,2592,0
1239,2024-03-03 20:52:46,20,6,1,210.45,Train Station,RuPay,0,1,2,4,31.44,40867.78,2394,0
2952,2024-08-19 21:23:58,21,0,0,202.07,Gas Station,Visa,0,1,3,1,16.38,3461.94,173,0
2343,2024-04-25 21:17:57,21,3,0,390.81,Train Station,MasterCard,0,1,1,3,13.19,25648.74,1788,0
6521,2024-04-14 06:18:08,6,6,1,111.62,Train Station,Amex,0,1,1,1,31.84,6595.58,394,0
7311,2024-12-29 02:42:11,2,6,1,276.54,Remote Village,RuPay,0,1,1,1,18.53,6141.4,381,0
6047,2024-05-31 04:33:53,4,4,0,88.22,Gas Station,RuPay,0,1,3,6,23.78,28880.57,342,0
2159,2024-11-06 05:32:30,5,2,0,497.24,Downtown Branch,RuPay,0,1,3,5,28.55,7036.05,513,0
9289,2024-09-28 22:42:57,22,5,1,357.31,Downtown Branch,MasterCard,1,1,3,8,28.69,28500.44,97,0
6590,2024-12-20 22:05:00,22,4,0,20.95,Shopping Mall,MasterCard,1,1,3,8,42.16,8862.43,2683,0
1498,2024-07-10 07:51:25,7,2,0,282.83,University Campus,RuPay,0,1,2,4,41.25,14706.04,587,0
4546,2024-01-21 21:31:43,21,6,1,261.59,Hotel Lobby,RuPay,0,1,3,4,9.55,38122.47,1485,0
6466,2024-04-17 22:54:11,22,2,0,447.63,Downtown Branch,Amex,0,1,2,4,37.69,19394.59,2227,0
4258,2024-04-09 20:15:56,20,1,0,425.75,Train Station,Amex,1,1,1,4,19.17,33713.94,961,0
2423,2024-02-02 12:57:40,12,4,0,59.9,Remote Village,Amex,0,1,1,1,1.45,37348.24,1887,0
8565,2024-03-04 18:40:09,18,0,0,231.49,Suburban Branch,Amex,0,1,3,6,7.48,42901.95,249,0
5186,2024-11-05 04:55:57,4,1,0,351.26,Shopping Mall,Visa,0,1,1,8,6.32,15545.14,2173,0
5648,2024-02-07 17:18:47,17,2,0,213.88,Airport Terminal,Visa,0,1,1,7,37.65,24955.57,2771,0
358,2024-02-27 22:07:38,22,1,0,475.73,Airport Terminal,Amex,0,1,1,5,32.22,22891.89,1242,0
5243,2024-08-05 15:19:07,15,0,0,106.63,Airport Terminal,RuPay,1,1,3,2,27.49,41183.13,1017,0
8012,2024-08-19 05:04:00,5,0,0,313.07,Remote Village,MasterCard,0,1,1,2,35.18,44380.36,3598,0
9241,2024-11-03 20:42:16,20,6,1,75.46,Hospital,Amex,0,1,1,6,9.02,35418.07,1561,0
2093,2024-06-25 21:01:26,21,1,0,369.75,Shopping Mall,RuPay,0,1,3,3,24.11,5410.2,337,0
5410,2024-05-05 17:32:01,17,6,1,428.06,Suburban Branch,MasterCard,0,1,2,4,34.32,38854.78,1089,0
2016,2024-01-31 15:25:38,15,2,0,332.74,Gas Station,Amex,0,1,1,3,13.52,17312.83,2864,0
9060,2024-06-10 16:52:02,16,0,0,291.88,Hotel Lobby,MasterCard,0,1,2,1,10.48,16654.07,1704,0
4045,2024-09-19 08:48:07,8,3,0,391.53,Train Station,Amex,0,1,3,8,38.11,24422.07,1015,0
188,2024-04-22 19:12:53,19,0,0,40.19,Airport Terminal,Amex,1,1,2,5,37.37,10777.94,3421,0
6859,2024-02-03 05:29:11,5,5,1,308.54,Suburban Branch,Visa,0,1,1,5,13.14,14150.87,2571,0
3656,2024-08-17 06:24:03,6,5,1,474.21,Gas Station,Visa,2,0,3,8,37.31,12130.23,2737,0
3427,2024-02-03 06:10:32,6,5,1,376.2,Downtown Branch,Visa,0,1,1,8,33.49,49884.41,2514,0
7195,2024-06-07 10:37:31,10,4,0,140.38,Hospital,Visa,0,1,3,1,17.24,35931.56,767,0
1382,2024-05-09 05:57:31,5,3,0,463.87,Train Station,MasterCard,0,1,3,3,44.49,17238.34,3551,0
7469,2024-12-09 18:22:38,18,0,0,361.24,Suburban Branch,Visa,1,1,1,3,3.39,10962.84,3103,0
414,2024-03-23 03:28:56,3,5,1,92.12,Remote Village,RuPay,0,1,1,4,20.73,16578.22,494,0
5038,2024-11-15 07:40:01,7,4,0,412.28,Airport Terminal,Visa,0,1,1,3,25.94,24285.64,198,0
4898,2024-10-09 01:25:45,1,2,0,302.25,Hospital,Amex,0,1,2,8,42.15,2079.34,480,0
3337,2024-12-17 18:20:21,18,1,0,77.94,Downtown Branch,Amex,0,1,2,1,7.61,31002.06,2102,0
3607,2024-12-28 03:57:12,3,5,1,469.41,Gas Station,RuPay,2,1,1,5,33.05,22712.98,3629,0
3176,2024-06-30 15:07:02,15,6,1,287.52,Downtown Branch,Visa,0,1,3,4,39.46,12695.77,2196,0
2242,2024-03-23 14:31:15,14,5,1,397.34,Remote Village,MasterCard,0,0,2,5,12.95,9383.56,2326,0
9709,2024-05-11 04:21:54,4,5,1,2000.63,Remote Village,MasterCard,4,1,15,12,1619.49,819.2,332,1
7797,2024-01-20 14:16:08,14,5,1,233.05,Shopping Mall,MasterCard,0,1,1,6,12.55,6874.72,126,0
257,2024-08-01 11:49:09,11,3,0,265.19,Gas Station,RuPay,0,1,2,1,38.0,22124.19,925,0
8621,2024-02-27 15:03:26,15,1,0,460.93,Hospital,Visa,0,1,1,8,41.85,48325.09,3146,0
201,2024-08-10 09:57:59,9,5,1,277.6,Suburban Branch,RuPay,0,1,3,4,35.85,24492.52,2120,0
2236,2024-03-22 05:46:52,5,4,0,137.74,Train Station,MasterCard,0,1,1,7,48.43,36622.95,1526,0
4744,2024-10-20 19:20:56,19,6,1,290.81,Airport Terminal,Visa,0,1,1,6,47.07,29886.41,830,0
1768,2024-06-19 01:03:41,1,2,0,142.9,University Campus,RuPay,0,1,1,7,26.5,20341.02,1148,0
4237,2024-02-11 12:16:12,12,6,1,83.81,Airport Terminal,RuPay,0,1,1,5,8.89,12300.44,605,0
6730,2024-10-17 09:49:46,9,3,0,249.18,Airport Terminal,RuPay,0,1,1,2,36.44,47670.81,1976,0
8451,2024-07-01 19:32:23,19,0,0,264.75,Remote Village,Visa,0,1,2,1,49.23,37708.4,2513,0
7278,2024-01-21 12:21:53,12,6,1,369.08,Suburban Branch,MasterCard,0,1,1,6,22.34,22888.04,2442,0
1573,2024-12-14 22:49:51,22,5,1,476.03,Suburban Branch,Visa,0,1,2,1,44.86,48005.02,2748,0
25,2024-01-27 14:39:54,14,5,1,305.62,University Campus,RuPay,0,1,3,4,28.95,2083.11,365,0
3364,2024-04-04 19:48:48,19,3,0,383.56,University Campus,RuPay,0,1,2,4,11.93,49402.43,96,0
1089,2024-10-09 11:30:05,11,2,0,55.69,Hotel Lobby,RuPay,0,1,3,2,35.34,15809.02,187,0
4675,2024-01-05 01:31:21,1,4,0,107.25,University Campus,Amex,0,1,1,5,16.95,25523.17,2984,0
2695,2024-08-31 22:02:06,22,5,1,327.33,Hospital,Visa,0,1,1,5,22.2,15099.09,1934,0
7583,2024-10-28 06:32:38,6,0,0,415.85,Shopping Mall,Amex,1,1,2,2,41.95,27955.26,3219,0
3399,2024-04-12 19:54:47,19,4,0,98.7,Train Station,MasterCard,1,1,1,6,40.82,28070.85,2773,0
3560,2024-03-09 18:15:01,18,5,1,486.7,Hospital,RuPay,0,1,3,7,9.1,10935.75,1522,0
9157,2024-05-04 01:35:41,1,5,1,95.15,Suburban Branch,Visa,0,1,2,7,18.38,13542.97,1665,0
2842,2024-06-29 03:40:01,3,5,1,307.73,Hospital,Visa,1,1,3,5,25.44,25886.55,1944,0
2312,2024-05-14 03:08:46,3,1,0,376.65,Suburban Branch,Visa,0,1,1,8,13.39,46601.37,2527,0
8334,2024-06-28 14:10:33,14,4,0,468.72,Train Station,MasterCard,0,1,3,4,31.6,4851.44,405,0
3235,2024-07-16 04:56:31,4,1,0,383.18,Shopping Mall,RuPay,0,1,2,5,22.35,41834.58,2600,0
4153,2024-03-29 18:39:27,18,4,0,146.96,Hospital,Amex,2,1,1,3,49.7,11225.42,867,0
1310,2024-09-04 10:08:20,10,2,0,370.87,Hospital,MasterCard,1,0,1,6,37.0,21643.66,1258,0
696,2024-03-23 02:04:54,2,5,1,434.37,Gas Station,RuPay,0,1,1,2,27.36,30154.35,409,0
9860,2024-04-24 12:00:22,12,2,0,178.51,Remote Village,MasterCard,1,0,13,21,833.95,-312.55,347,1
3753,2024-11-25 09:40:04,9,0,0,444.24,Hotel Lobby,Visa,0,1,1,7,32.02,49566.65,2383,0
6338,2024-01-15 05:43:52,5,0,0,421.92,Downtown Branch,RuPay,0,1,1,6,33.08,44888.49,2250,0
1228,2024-11-25 02:28:42,2,0,0,139.52,Shopping Mall,MasterCard,0,1,1,8,38.11,3152.95,3316,0
2000,2024-11-30 21:44:40,21,5,1,437.55,Remote Village,Amex,1,1,3,6,22.51,6784.13,1129,0
277,2024-12-24 07:03:44,7,1,0,49.03,Suburban Branch,MasterCard,0,1,3,7,21.18,20173.64,2653,0
8177,2024-09-02 11:24:20,11,0,0,306.45,Airport Terminal,Visa,0,1,1,5,28.16,45167.38,3446,0
7665,2024-03-17 10:49:27,10,6,1,468.34,Hospital,Amex,0,1,1,1,43.98,23022.78,1374,0
5930,2024-01-01 04:07:50,4,0,0,220.55,Remote Village,RuPay,0,1,2,3,17.0,8160.25,803,0
2954,2024-02-27 17:01:36,17,1,0,187.05,Train Station,Visa,0,1,3,4,35.17,30926.9,164,0
3638,2024-08-25 07:57:46,7,6,1,43.64,Remote Village,MasterCard,0,1,1,4,24.53,11013.51,2622,0
3907,2024-09-04 11:11:33,11,2,0,444.72,Hospital,RuPay,0,1,2,1,45.49,16583.67,1686,0
4779,2024-06-28 03:40:48,3,4,0,495.87,Airport Terminal,MasterCard,0,1,3,1,27.2,47414.12,278,0
5846,2024-03-26 01:45:30,1,1,0,359.79,Remote Village,Visa,0,1,1,5,40.85,2496.46,3510,0
9699,2024-10-10 06:39:57,6,3,0,474.04,Remote Village,Visa,2,1,8,23,1300.8,1786.34,116,1
4118,2024-03-15 17:16:29,17,4,0,142.39,Hotel Lobby,Visa,1,1,3,8,45.8,31756.64,1614,0
7031,2024-08-27 21:16:58,21,1,0,147.23,Airport Terminal,Amex,0,1,3,1,45.27,27634.63,961,0
1138,2024-11-20 09:19:47,9,2,0,110.36,Shopping Mall,Amex,1,0,2,8,13.23,24545.29,2400,0
2768,2024-02-02 08:14:37,8,4,0,155.56,Downtown Branch,Visa,0,1,2,6,41.52,23028.57,2880,0
2335,2024-04-04 21:53:25,21,3,0,463.76,Hotel Lobby,MasterCard,0,1,1,4,0.61,1758.69,786,0
7707,2024-03-29 21:03:18,21,4,0,275.01,Shopping Mall,Amex,0,1,2,1,49.84,47508.44,3012,0
943,2024-08-30 03:10:07,3,4,0,430.86,Hospital,Visa,0,1,3,2,47.9,28388.35,2067,0
7663,2024-06-08 00:42:13,0,5,1,229.52,Downtown Branch,Amex,0,1,3,2,35.79,7850.56,486,0
2491,2024-08-07 15:46:46,15,2,0,277.02,Hotel Lobby,RuPay,0,1,2,8,7.61,16203.53,2500,0
9680,2024-08-15 01:58:54,1,3,0,3315.94,Airport Terminal,MasterCard,3,0,11,5,1798.37,793.79,346,1
6291,2024-03-19 03:24:23,3,1,0,403.82,Hotel Lobby,Visa,0,1,2,4,28.67,21026.05,2608,0
4936,2024-02-10 23:25:57,23,5,1,104.34,Gas Station,Visa,0,1,3,8,40.34,6238.35,419,0
3936,2024-03-02 02:07:15,2,5,1,405.23,Hotel Lobby,Amex,2,1,1,8,39.99,12007.7,775,0
6957,2024-09-27 22:45:50,22,4,0,182.38,Hotel Lobby,Amex,0,1,1,5,41.7,14480.19,58,0
2385,2024-02-22 15:39:22,15,3,0,277.42,Hospital,MasterCard,0,1,3,2,6.09,43522.06,2731,0
116,2024-09-17 04:58:34,4,1,0,78.67,Hospital,Visa,0,1,3,1,48.42,30060.46,1470,0
1864,2024-09-25 05:06:10,5,2,0,495.49,Hotel Lobby,MasterCard,0,1,2,4,17.65,34981.68,1956,0
9977,2024-10-22 10:52:14,10,1,0,242.99,Gas Station,Amex,2,1,3,24,2304.04,494.66,287,1
3120,2024-01-30 19:51:18,19,1,0,251.85,Gas Station,Amex,0,1,1,4,35.36,37585.56,3510,0
4259,2024-07-08 11:25:51,11,0,0,200.77,Gas Station,Amex,0,1,1,8,5.75,45353.26,1823,0
6706,2024-05-01 08:05:01,8,2,0,168.29,Train Station,Visa,0,1,2,5,16.94,36645.79,1158,0
903,2024-03-15 22:12:52,22,4,0,358.24,Airport Terminal,MasterCard,1,1,3,6,15.07,23762.51,3147,0
2820,2024-05-01 23:32:55,23,2,0,495.38,Hospital,RuPay,0,1,3,8,34.66,18025.39,2167,0
3823,2024-09-11 20:47:38,20,2,0,214.34,Airport Terminal,RuPay,1,1,2,3,43.03,45834.77,1397,0
8162,2024-07-23 19:26:22,19,1,0,375.93,Downtown Branch,RuPay,0,1,3,7,23.51,14907.57,1648,0
6891,2024-07-27 17:02:13,17,5,1,453.12,Suburban Branch,MasterCard,0,1,1,2,19.87,46036.55,2098,0
9091,2024-09-24 09:25:48,9,1,0,467.92,Train Station,Visa,1,1,1,5,31.49,22439.32,2076,0
4700,2024-10-27 11:53:59,11,6,1,208.1,Train Station,Visa,1,1,3,8,47.77,45287.39,3155,0
8919,2024-08-26 12:38:02,12,0,0,409.67,Hotel Lobby,Amex,1,1,3,1,23.29,35600.97,521,0
3803,2024-06-08 19:32:43,19,5,1,378.14,Train Station,MasterCard,0,1,1,7,10.76,20771.82,351,0
6069,2024-07-01 10:19:30,10,0,0,298.18,Hospital,Amex,0,1,2,2,43.74,5065.2,3550,0
5811,2024-05-25 03:43:14,3,5,1,125.77,Hotel Lobby,Visa,0,1,3,5,38.53,39042.64,2856,0
3537,2024-01-16 20:14:42,20,1,0,315.1,Train Station,Visa,0,1,2,4,32.04,1255.48,2789,0
3826,2024-06-21 22:48:21,22,4,0,265.0,Downtown Branch,MasterCard,1,1,3,2,4.52,37070.69,1520,0
8643,2024-02-25 21:48:55,21,6,1,394.04,Airport Terminal,RuPay,0,1,2,1,5.41,40772.97,778,0
8609,2024-10-15 05:42:28,5,1,0,23.6,Airport Terminal,RuPay,0,1,2,2,33.16,12383.42,3006,0
4811,2024-10-19 20:23:15,20,5,1,296.08,Airport Terminal,Visa,0,1,2,7,11.94,21239.17,134,0
1947,2024-09-02 01:33:51,1,0,0,380.06,Airport Terminal,Visa,0,1,2,5,15.15,48449.55,568,0
8601,2024-08-14 18:16:28,18,2,0,105.3,Airport Terminal,MasterCard,0,1,3,3,2.75,14086.61,923,0
7137,2024-02-11 05:31:42,5,6,1,164.95,University Campus,Amex,0,1,1,2,37.93,6773.64,168,0
5336,2024-11-19 16:30:00,16,1,0,269.95,Hospital,RuPay,0,1,3,3,30.05,12949.06,3027,0
3489,2024-11-18 12:52:54,12,0,0,429.92,Remote Village,Amex,0,1,1,8,30.94,37068.66,2540,0
1611,2024-07-31 02:47:09,2,2,0,481.03,Airport Terminal,MasterCard,1,1,1,5,3.98,34058.42,1372,0
7462,2024-06-05 10:08:45,10,2,0,20.98,Hospital,Amex,0,1,3,5,39.04,27321.04,2429,0
8474,2024-12-28 00:07:17,0,5,1,114.26,Hospital,RuPay,0,1,1,1,25.72,42193.19,3253,0
4678,2024-01-24 11:24:17,11,2,0,94.95,Gas Station,RuPay,0,1,3,5,8.5,15411.31,976,0
4960,2024-07-20 22:02:20,22,5,1,226.9,Hotel Lobby,Amex,0,1,1,7,6.56,29895.37,384,0
5868,2024-01-23 16:50:56,16,1,0,217.98,Downtown Branch,RuPay,0,1,2,3,21.67,20824.2,1749,0
8764,2024-04-12 16:28:45,16,4,0,441.52,Hotel Lobby,Visa,0,1,2,7,45.14,26393.76,1708,0
4762,2024-07-21 03:29:57,3,6,1,180.09,Gas Station,MasterCard,0,1,3,4,35.04,38459.68,1255,0
2195,2024-07-20 09:36:39,9,5,1,107.67,University Campus,Amex,0,1,2,7,21.41,47126.23,449,0
8004,2024-02-19 18:39:08,18,0,0,475.74,Shopping Mall,Amex,0,0,1,2,47.65,26436.48,1742,0
5702,2024-11-22 11:14:41,11,4,0,167.55,Hotel Lobby,MasterCard,0,1,2,7,31.31,36197.62,832,0
5114,2024-08-20 11:35:19,11,1,0,354.05,Shopping Mall,RuPay,0,1,2,6,5.65,42419.52,1368,0
558,2024-06-29 13:31:14,13,5,1,268.14,Remote Village,Amex,0,1,2,2,34.2,27005.94,2404,0
8066,2024-07-29 18:08:23,18,0,0,406.76,Downtown Branch,Amex,0,1,3,3,43.46,27604.43,2858,0
5140,2024-11-18 14:53:21,14,0,0,168.22,Shopping Mall,Amex,0,1,3,8,38.11,28449.49,2946,0
1208,2024-11-05 17:00:07,17,1,0,123.19,Gas Station,RuPay,0,1,1,3,16.27,24036.17,2984,0
7034,2024-02-21 07:13:59,7,2,0,241.46,Suburban Branch,Amex,1,1,3,3,23.36,44447.94,2401,0
7310,2024-04-23 06:46:24,6,1,0,360.29,Hospital,Amex,0,1,3,3,14.52,20942.02,587,0
1511,2024-02-12 02:58:42,2,0,0,371.66,Hospital,Amex,0,1,2,4,31.44,33524.83,2494,0
6770,2024-11-29 14:43:40,14,4,0,379.14,University Campus,RuPay,0,1,3,4,12.15,9909.02,1855,0
3830,2024-01-04 16:13:30,16,3,0,43.82,University Campus,MasterCard,0,1,3,2,10.61,6521.67,2116,0
3733,2024-12-11 19:11:45,19,2,0,123.0,Shopping Mall,RuPay,0,1,3,8,33.09,40113.64,2804,0
7958,2024-11-04 13:08:19,13,0,0,202.08,Train Station,Amex,2,1,1,4,36.84,39221.38,2588,0
3212,2024-09-18 01:05:40,1,2,0,69.18,University Campus,Amex,0,1,1,8,20.56,25077.38,66,0
3631,2024-03-05 13:06:30,13,1,0,387.85,Airport Terminal,MasterCard,0,1,2,1,41.9,35525.77,919,0
1709,2024-01-03 23:34:02,23,2,0,43.59,Remote Village,Visa,0,1,1,5,26.52,29060.16,762,0
1846,2024-03-22 11:39:57,11,4,0,490.25,Shopping Mall,Amex,1,1,1,1,31.74,37743.63,1226,0
267,2024-06-26 07:03:26,7,2,0,20.32,University Campus,Visa,1,0,1,5,7.95,46643.01,1152,0
5986,2024-05-20 20:59:52,20,0,0,392.52,Hotel Lobby,MasterCard,0,1,2,4,44.71,24883.28,1084,0
1141,2024-06-30 15:10:11,15,6,1,145.21,Suburban Branch,RuPay,1,1,1,8,6.99,29382.36,1554,0
3163,2024-11-23 00:00:41,0,5,1,315.33,Downtown Branch,Amex,0,1,3,4,39.59,15196.97,1236,0
6208,2024-11-04 21:37:52,21,0,0,306.17,Hotel Lobby,Amex,0,1,1,7,31.84,37976.58,1329,0
2047,2024-11-25 01:26:44,1,0,0,220.79,Hotel Lobby,RuPay,0,1,2,3,42.8,13875.49,343,0
3731,2024-10-29 20:13:05,20,1,0,466.14,Gas Station,Visa,0,1,2,4,45.43,20133.14,3507,0
1910,2024-05-26 09:44:17,9,6,1,56.48,Remote Village,MasterCard,0,1,3,6,4.85,10317.66,468,0
7308,2024-10-09 10:16:32,10,2,0,167.83,Suburban Branch,Visa,0,1,2,6,25.2,35985.82,173,0
2661,2024-08-05 18:58:52,18,0,0,134.9,Airport Terminal,Amex,0,1,2,8,10.75,2909.14,2341,0
657,2024-07-11 23:55:32,23,3,0,325.01,Airport Terminal,RuPay,2,1,3,4,14.37,2471.81,2379,0
6661,2024-03-19 20:12:09,20,1,0,494.36,Airport Terminal,RuPay,0,1,1,1,2.64,32673.23,1433,0
1308,2024-10-22 23:59:51,23,1,0,321.58,Airport Terminal,MasterCard,0,1,2,7,14.12,30840.85,1871,0
9430,2024-01-19 18:05:09,18,4,0,61.2,Hotel Lobby,RuPay,0,1,3,1,49.81,8185.7,3321,0
999,2024-04-03 10:12:16,10,2,0,27.96,Gas Station,Visa,0,1,3,8,17.6,6004.48,2284,0
7433,2024-05-11 14:15:22,14,5,1,37.16,Downtown Branch,MasterCard,0,1,3,5,40.21,32248.12,3500,0
2835,2024-07-23 11:57:39,11,1,0,122.09,Airport Terminal,MasterCard,0,1,2,7,13.59,23742.68,3161,0
9179,2024-05-22 09:37:34,9,2,0,163.72,Hotel Lobby,Amex,0,1,2,6,20.48,16794.79,2956,0
5881,2024-11-09 05:35:21,5,5,1,195.1,Downtown Branch,Visa,0,1,3,2,20.32,20814.97,2265,0
1238,2024-10-17 11:16:05,11,3,0,454.89,Downtown Branch,MasterCard,0,1,1,1,7.15,1802.29,3285,0
2152,2024-11-13 02:06:42,2,2,0,268.41,Downtown Branch,Visa,0,1,1,8,23.77,34819.32,2392,0
7920,2024-07-31 18:37:15,18,2,0,91.26,Airport Terminal,MasterCard,0,1,3,3,16.51,48234.98,3508,0
9696,2024-06-25 05:10:08,5,1,0,292.21,Remote Village,MasterCard,1,1,11,12,1993.71,-305.63,364,1
7190,2024-02-13 01:29:39,1,1,0,372.87,Shopping Mall,Amex,0,1,3,6,12.6,28142.34,2688,0
8304,2024-04-20 22:39:36,22,5,1,476.91,Airport Terminal,Amex,0,0,2,2,29.62,14933.55,1155,0
6579,2024-12-11 19:00:37,19,2,0,41.08,Hospital,Amex,0,1,3,8,15.49,46894.46,1973,0
5092,2024-03-05 22:55:30,22,1,0,110.88,Hotel Lobby,Amex,0,1,3,4,26.89,29885.58,2377,0
2187,2024-03-14 10:56:52,10,3,0,448.42,Remote Village,MasterCard,0,1,3,3,29.4,36888.12,3270,0
1135,2024-08-07 21:15:59,21,2,0,466.53,Airport Terminal,MasterCard,0,1,1,3,15.88,31368.58,112,0
5005,2024-05-24 12:45:18,12,4,0,485.65,Train Station,Amex,0,1,2,6,24.21,34713.21,1613,0
7975,2024-04-30 14:56:59,14,1,0,295.55,Suburban Branch,RuPay,1,1,3,5,13.53,20424.01,855,0
1304,2024-05-12 13:35:21,13,6,1,432.55,Shopping Mall,Visa,0,1,1,1,19.57,7739.57,1225,0
8469,2024-12-27 21:17:05,21,4,0,297.74,Hospital,RuPay,0,1,3,3,26.32,38518.43,2814,0
1628,2024-05-29 20:09:20,20,2,0,301.49,Train Station,RuPay,2,1,3,4,21.15,44953.55,3261,0
9282,2024-11-08 20:59:19,20,4,0,148.12,Suburban Branch,RuPay,0,1,3,7,17.16,3303.33,1109,0
1523,2024-04-13 08:36:19,8,5,1,362.57,Suburban Branch,MasterCard,0,1,3,6,44.32,7954.12,2464,0
9811,2024-10-20 20:53:05,20,6,1,225.57,Downtown Branch,MasterCard,3,0,4,27,2576.83,1499.41,342,1
359,2024-06-29 07:22:43,7,5,1,44.04,Downtown Branch,Visa,0,1,2,6,21.3,5883.46,3516,0
139,2024-03-24 04:25:13,4,6,1,184.03,University Campus,Visa,0,1,1,3,3.86,42236.98,444,0
300,2024-09-08 09:04:19,9,6,1,161.65,Suburban Branch,MasterCard,0,1,1,5,19.15,21019.82,2662,0
1557,2024-07-24 18:55:08,18,2,0,249.13,Remote Village,MasterCard,0,1,2,4,8.53,36175.41,913,0
5100,2024-09-21 04:38:31,4,5,1,492.8,Hospital,MasterCard,0,1,1,7,47.64,36215.49,2652,0
383,2024-09-26 02:37:56,2,3,0,338.96,Hospital,Amex,1,1,3,6,48.29,2784.73,3076,0
8313,2024-01-24 09:59:53,9,2,0,377.75,Gas Station,MasterCard,1,1,1,2,22.65,30734.83,773,0
6949,2024-03-11 00:33:21,0,0,0,297.93,Downtown Branch,Visa,0,1,2,1,31.82,10691.63,2238,0
4858,2024-12-24 09:02:25,9,1,0,253.25,Airport Terminal,RuPay,1,1,1,6,24.79,40577.85,2438,0
3181,2024-07-31 17:10:28,17,2,0,333.13,Shopping Mall,RuPay,0,1,2,3,9.6,30429.5,83,0
1440,2024-05-26 00:03:14,0,6,1,163.77,Train Station,RuPay,0,1,1,4,21.78,31958.84,632,0
7270,2024-03-22 23:34:24,23,4,0,495.47,Hotel Lobby,Amex,0,1,1,4,34.4,36065.54,1092,0
5674,2024-08-19 20:58:21,20,0,0,23.28,Shopping Mall,MasterCard,0,1,3,3,30.95,44410.94,308,0
947,2024-06-20 04:48:42,4,3,0,196.03,Hotel Lobby,Visa,0,1,3,7,25.3,13215.09,3616,0
2391,2024-02-19 13:33:29,13,0,0,464.78,Airport Terminal,Amex,0,1,2,2,31.1,45510.67,2947,0
5499,2024-08-23 04:36:36,4,4,0,323.35,Suburban Branch,RuPay,0,1,3,6,7.91,13182.88,574,0
7074,2024-12-20 17:19:18,17,4,0,45.41,Airport Terminal,Amex,0,1,3,6,1.4,39126.97,539,0
9231,2024-11-07 09:53:38,9,3,0,252.64,Remote Village,MasterCard,0,1,3,2,19.06,35330.22,2863,0
2722,2024-08-07 06:04:41,6,2,0,365.27,Downtown Branch,RuPay,0,1,1,6,40.72,49902.65,2918,0
1933,2024-03-20 06:43:22,6,2,0,167.86,Remote Village,RuPay,0,1,1,6,16.31,30156.96,2779,0
7424,2024-01-15 02:24:34,2,0,0,112.95,Remote Village,Visa,1,1,1,7,11.63,13898.42,1666,0
3237,2024-10-13 02:10:34,2,6,1,301.66,Train Station,Amex,0,1,3,1,0.85,3200.0,1197,0
3141,2024-01-04 01:25:41,1,3,0,388.64,Suburban Branch,Amex,0,1,2,7,24.16,2394.04,1651,0
4164,2024-06-11 21:10:50,21,1,0,405.57,Hotel Lobby,RuPay,0,1,3,6,8.3,46433.07,1858,0
8889,2024-09-02 22:19:45,22,0,0,37.37,Train Station,Amex,0,1,2,4,28.41,33384.81,908,0
3808,2024-08-01 15:40:56,15,3,0,364.69,Downtown Branch,Visa,0,1,2,3,25.23,20449.22,1734,0
9480,2024-04-25 02:43:44,2,3,0,34.87,Hotel Lobby,RuPay,0,1,2,3,20.47,13982.73,259,0
6984,2024-05-08 18:13:47,18,2,0,493.98,Gas Station,RuPay,0,1,1,8,22.04,29683.61,3427,0
8905,2024-12-24 23:25:40,23,1,0,382.36,Downtown Branch,MasterCard,0,1,1,7,39.47,31695.04,620,0
9723,2024-05-18 03:53:01,3,5,1,2289.91,Airport Terminal,Amex,3,1,14,20,847.42,1699.77,126,1
4155,2024-08-17 11:47:05,11,5,1,177.81,University Campus,RuPay,0,1,2,5,42.84,31006.94,3070,0
4173,2024-06-21 14:47:18,14,4,0,176.08,Airport Terminal,Visa,0,1,3,5,12.55,30474.51,3344,0
797,2024-12-24 03:00:24,3,1,0,86.78,Hotel Lobby,Visa,2,1,3,7,49.01,10289.81,1630,0
2417,2024-11-21 09:29:04,9,3,0,137.63,Airport Terminal,Visa,0,1,2,4,33.88,34995.05,457,0
7171,2024-07-10 15:25:13,15,2,0,448.05,Train Station,Amex,0,1,1,2,17.15,8680.34,3462,0
6140,2024-02-04 07:59:15,7,6,1,66.76,Hotel Lobby,MasterCard,0,1,1,8,49.19,15988.31,2407,0
786,2024-10-04 22:20:24,22,4,0,478.76,Remote Village,MasterCard,0,1,3,1,10.36,44754.74,1881,0
7068,2024-03-03 11:01:18,11,6,1,315.72,Downtown Branch,Visa,0,1,2,5,42.35,29916.24,3141,0
3159,2024-06-02 20:13:19,20,6,1,81.63,Downtown Branch,Visa,0,1,2,2,12.85,47739.29,930,0
124,2024-04-27 01:25:55,1,5,1,473.76,Gas Station,RuPay,0,1,1,1,24.87,21589.69,559,0
9458,2024-09-11 12:06:15,12,2,0,351.43,Shopping Mall,Amex,0,1,3,6,18.42,28788.28,219,0
9247,2024-04-09 22:20:44,22,1,0,40.94,Shopping Mall,Amex,0,1,1,5,48.2,2453.48,3188,0
2173,2024-11-23 04:10:40,4,5,1,272.76,Downtown Branch,Amex,0,1,1,8,7.37,25431.35,2403,0
2170,2024-12-16 00:16:55,0,0,0,427.96,Hotel Lobby,MasterCard,0,1,2,1,5.72,2814.52,2483,0
6881,2024-05-16 10:07:01,10,3,0,413.53,Hotel Lobby,Visa,0,1,3,6,28.04,22025.63,1455,0
4010,2024-03-03 23:27:13,23,6,1,193.87,Airport Terminal,Amex,1,1,2,5,13.9,29726.35,1188,0
9297,2024-08-08 11:09:48,11,3,0,206.68,Remote Village,Amex,0,1,2,7,29.91,7635.52,667,0
4341,2024-04-11 03:12:58,3,3,0,243.9,Downtown Branch,RuPay,0,1,2,5,13.63,36344.48,1997,0
911,2024-05-06 01:08:09,1,0,0,59.96,Suburban Branch,Visa,0,1,1,7,44.92,14815.28,264,0
6269,2024-04-11 18:28:39,18,3,0,356.05,Airport Terminal,RuPay,0,1,2,6,20.81,19724.9,1322,0
7772,2024-06-21 23:27:10,23,4,0,419.39,University Campus,Amex,0,1,3,8,10.5,6364.32,155,0
2310,2024-03-08 23:35:14,23,4,0,164.04,Hotel Lobby,RuPay,0,1,2,5,26.88,29195.59,3294,0
9659,2024-10-26 03:51:55,3,5,1,498.1,Train Station,MasterCard,1,0,5,10,2504.66,504.83,255,1
3635,2024-08-06 07:54:57,7,1,0,180.72,Airport Terminal,Visa,1,1,1,3,25.13,4022.24,2014,0
1258,2024-08-11 13:13:07,13,6,1,65.56,University Campus,Amex,1,1,3,7,40.76,35942.62,193,0
6592,2024-04-06 07:26:54,7,5,1,164.5,Hospital,MasterCard,0,1,2,8,9.64,4455.69,3596,0
4459,2024-12-27 11:19:36,11,4,0,260.6,Hotel Lobby,Amex,0,1,2,6,17.35,16659.97,1724,0
6134,2024-05-15 13:58:41,13,2,0,214.85,Airport Terminal,Amex,0,1,2,2,47.91,4416.52,2357,0
1179,2024-06-26 18:42:55,18,2,0,197.15,Shopping Mall,MasterCard,1,1,3,4,16.14,14719.8,156,0
4653,2024-05-10 23:29:16,23,4,0,491.24,Hospital,MasterCard,0,1,1,3,11.07,36376.28,3301,0
6219,2024-09-28 16:17:38,16,5,1,136.79,Downtown Branch,MasterCard,0,1,1,7,43.97,14095.71,2107,0
3651,2024-07-26 17:42:14,17,4,0,39.96,Shopping Mall,MasterCard,1,1,1,1,45.12,45168.83,2626,0
443,2024-05-27 08:31:31,8,0,0,298.88,Remote Village,Amex,0,1,1,5,11.86,23620.13,2541,0
3416,2024-07-10 11:12:01,11,2,0,360.62,Shopping Mall,Amex,0,1,1,4,6.64,7338.78,2826,0
1400,2024-04-18 07:33:25,7,3,0,229.42,Airport Terminal,MasterCard,0,1,2,6,23.73,25404.97,1026,0
1458,2024-08-20 05:35:51,5,1,0,177.03,Airport Terminal,MasterCard,0,1,1,1,7.5,21484.28,408,0
7525,2024-07-10 19:25:50,19,2,0,335.85,University Campus,RuPay,0,1,3,3,13.16,33668.74,3504,0
5745,2024-05-06 12:05:40,12,0,0,473.9,Downtown Branch,RuPay,0,1,2,1,8.35,41672.63,2455,0
1055,2024-09-27 23:42:12,23,4,0,279.88,Hotel Lobby,MasterCard,0,1,3,8,13.99,10257.39,591,0
8999,2024-07-20 11:23:20,11,5,1,368.33,Hotel Lobby,MasterCard,0,1,2,3,40.23,24865.6,2832,0
3276,2024-02-12 05:28:59,5,0,0,212.7,Gas Station,MasterCard,0,1,1,8,5.51,49917.29,1009,0
1464,2024-11-09 09:28:01,9,5,1,466.64,Gas Station,Visa,0,1,1,4,23.06,35191.41,180,0
3700,2024-02-29 03:11:56,3,3,0,98.16,Airport Terminal,Visa,0,1,1,1,25.57,26399.73,356,0
3760,2024-03-28 03:06:22,3,3,0,109.66,Train Station,MasterCard,0,1,3,7,14.83,16679.2,1554,0
930,2024-02-15 12:43:00,12,3,0,481.78,Hospital,Visa,0,1,3,7,18.58,35099.95,2744,0
5512,2024-11-24 20:08:43,20,6,1,439.19,Gas Station,MasterCard,0,1,1,6,4.09,5378.96,1106,0
6469,2024-07-13 18:36:54,18,5,1,434.86,University Campus,MasterCard,0,1,1,3,31.64,2295.49,2841,0
8413,2024-05-22 14:52:51,14,2,0,275.0,Downtown Branch,Visa,0,1,2,8,22.02,17663.16,1016,0
1830,2024-02-25 04:21:47,4,6,1,467.32,Suburban Branch,Amex,0,1,3,5,15.92,10534.85,3370,0
2929,2024-06-15 11:48:36,11,5,1,23.18,Suburban Branch,MasterCard,0,1,3,5,46.15,10897.74,2676,0
8296,2024-02-16 06:32:03,6,4,0,41.85,University Campus,RuPay,0,1,3,1,20.99,16659.65,1495,0
6539,2024-09-03 19:26:45,19,1,0,262.08,Hotel Lobby,Visa,0,0,3,2,18.08,23369.71,2698,0
4222,2024-09-12 21:59:31,21,3,0,437.06,Hotel Lobby,RuPay,0,1,3,6,42.25,37997.39,2023,0
3547,2024-12-13 06:52:01,6,4,0,478.56,Downtown Branch,Visa,0,1,3,1,15.4,14958.35,2834,0
5599,2024-09-15 02:01:27,2,6,1,172.7,Train Station,RuPay,1,1,1,3,12.67,14565.77,1035,0
8938,2024-01-19 06:15:05,6,4,0,453.12,Suburban Branch,MasterCard,0,1,2,6,0.76,7009.41,3565,0
7319,2024-08-26 21:49:53,21,0,0,121.84,Shopping Mall,Amex,0,1,2,5,41.14,34686.06,2679,0
8351,2024-09-21 19:29:41,19,5,1,117.1,Shopping Mall,MasterCard,1,1,2,7,9.2,13690.89,197,0
2012,2024-07-03 01:38:11,1,2,0,420.43,Gas Station,MasterCard,0,1,1,3,41.25,38002.86,1230,0
914,2024-03-01 10:41:01,10,4,0,234.11,Hospital,MasterCard,0,1,2,2,24.8,23023.57,3370,0
8249,2024-06-30 09:02:59,9,6,1,72.62,Remote Village,Visa,0,0,3,5,13.19,37436.01,1439,0
7266,2024-12-10 05:29:02,5,1,0,49.56,Hotel Lobby,RuPay,0,1,2,6,29.5,36220.63,832,0
3220,2024-03-01 00:11:05,0,4,0,223.2,Downtown Branch,MasterCard,0,1,2,3,10.34,45612.84,184,0
2607,2024-06-19 14:20:21,14,2,0,283.65,Hotel Lobby,Amex,0,1,3,4,0.08,14767.9,2093,0
3265,2024-09-04 11:08:49,11,2,0,379.33,Gas Station,MasterCard,0,1,3,5,10.74,20770.13,948,0
4929,2024-08-04 13:38:19,13,6,1,399.44,Hotel Lobby,Amex,0,1,3,8,40.06,8180.55,1280,0
8662,2024-11-04 13:39:18,13,0,0,215.69,Gas Station,RuPay,0,0,2,1,28.07,14825.35,3424,0
6565,2024-08-08 00:57:42,0,3,0,466.21,Downtown Branch,Amex,0,1,3,5,30.31,7923.02,2413,0
8130,2024-01-21 04:29:08,4,6,1,319.59,Hotel Lobby,MasterCard,0,1,2,8,9.97,9447.86,3281,0
7,2024-08-24 13:30:44,13,5,1,324.79,University Campus,MasterCard,0,1,2,5,49.48,32035.99,2311,0
2981,2024-02-20 12:13:58,12,1,0,320.26,Downtown Branch,RuPay,0,1,1,8,26.98,39917.52,1648,0
6584,2024-01-13 13:32:00,13,5,1,488.53,Airport Terminal,Amex,0,1,3,5,9.73,22056.74,3089,0
3362,2024-07-19 09:02:39,9,4,0,58.49,Suburban Branch,RuPay,0,1,3,4,17.67,43049.9,2793,0
4775,2024-11-04 14:39:31,14,0,0,43.54,Gas Station,MasterCard,0,1,3,5,40.23,2146.91,1529,0
1944,2024-09-20 22:51:46,22,4,0,185.56,Hospital,RuPay,0,1,3,6,32.25,962.64,1494,0
7453,2024-10-15 10:04:04,10,1,0,343.53,Suburban Branch,Amex,0,1,1,7,39.35,32724.82,644,0
5500,2024-05-07 06:36:02,6,1,0,224.81,University Campus,Visa,1,1,2,3,2.72,23847.76,3007,0
1636,2024-03-09 04:14:06,4,5,1,50.39,University Campus,Visa,0,1,3,4,46.29,32804.26,792,0
1142,2024-09-12 15:50:43,15,3,0,302.43,Airport Terminal,Visa,0,1,1,3,21.07,16802.15,2683,0
2042,2024-07-25 17:52:35,17,3,0,363.36,Hospital,Amex,0,1,2,4,47.79,38618.0,3022,0
6704,2024-02-04 06:11:09,6,6,1,109.42,Train Station,RuPay,2,1,1,4,31.99,13662.97,2535,0
7819,2024-02-12 17:22:25,17,0,0,128.98,Train Station,Amex,1,1,2,6,18.43,28528.1,1686,0
2071,2024-02-04 17:39:58,17,6,1,174.49,Hospital,MasterCard,0,1,1,7,3.63,24069.1,69,0
3135,2024-05-12 05:30:22,5,6,1,211.22,University Campus,MasterCard,0,1,3,6,28.57,2127.02,1086,0
5161,2024-05-07 18:49:26,18,1,0,69.94,Gas Station,MasterCard,0,1,2,6,22.98,9977.89,1680,0
8332,2024-07-21 05:04:18,5,6,1,271.39,Hotel Lobby,MasterCard,0,1,3,3,7.39,23046.21,2893,0
5276,2024-11-23 21:34:14,21,5,1,455.66,Hospital,RuPay,1,1,2,6,21.56,15059.04,2228,0
2243,2024-05-05 02:44:56,2,6,1,135.24,Hospital,Amex,0,1,2,7,30.87,29727.59,795,0
1475,2024-04-12 19:11:15,19,4,0,164.14,Downtown Branch,Visa,0,1,3,5,19.74,313.82,968,0
8591,2024-09-20 13:00:44,13,4,0,208.79,Suburban Branch,MasterCard,0,1,1,5,0.88,38636.57,860,0
1890,2024-10-12 08:03:02,8,5,1,299.23,Train Station,MasterCard,0,1,1,4,13.54,45903.2,3275,0
3436,2024-01-16 06:51:46,6,1,0,168.06,University Campus,Amex,1,1,2,6,45.67,34130.75,2851,0
7594,2024-02-06 07:48:25,7,1,0,49.1,Suburban Branch,Visa,0,1,1,4,31.34,5315.76,3114,0
7746,2024-02-20 10:29:15,10,1,0,265.78,Suburban Branch,Visa,1,1,2,5,40.91,13124.1,181,0
3706,2024-09-06 10:06:08,10,4,0,464.0,Shopping Mall,Amex,0,1,2,1,8.45,33095.04,134,0
2022,2024-06-01 15:22:50,15,5,1,311.81,Shopping Mall,Amex,0,1,2,4,13.93,13523.87,1820,0
4021,2024-06-12 06:58:25,6,2,0,380.97,Remote Village,MasterCard,0,1,3,6,42.29,21859.95,3250,0
8831,2024-08-28 13:24:07,13,2,0,297.15,Remote Village,Amex,0,1,3,5,0.16,45515.41,1918,0
8444,2024-06-07 20:35:47,20,4,0,268.41,Hospital,MasterCard,0,1,1,6,40.93,26198.78,1078,0
3501,2024-05-09 18:49:40,18,3,0,162.41,University Campus,Visa,0,1,2,6,24.75,15747.75,3127,0
2659,2024-03-21 12:18:40,12,3,0,178.05,Gas Station,Amex,0,1,3,6,36.49,28049.96,2971,0
8457,2024-08-23 00:41:50,0,4,0,152.03,Shopping Mall,MasterCard,1,1,1,5,48.67,21339.37,1384,0
6889,2024-11-25 17:45:23,17,0,0,38.55,Suburban Branch,MasterCard,0,1,2,8,7.46,38765.4,1416,0
1131,2024-06-21 04:34:57,4,4,0,325.99,Airport Terminal,Amex,0,1,2,4,32.76,36898.94,1392,0
5558,2024-11-27 11:34:37,11,2,0,243.87,Airport Terminal,Visa,0,0,1,6,21.29,7601.75,1889,0
7359,2024-08-24 17:52:56,17,5,1,404.88,Airport Terminal,RuPay,0,1,1,3,5.89,43011.96,1806,0
1820,2024-04-05 08:26:10,8,4,0,145.16,Downtown Branch,RuPay,0,1,1,2,3.93,41739.25,3504,0
7539,2024-12-28 18:13:31,18,5,1,410.95,Train Station,Visa,0,1,1,7,5.96,25298.97,1980,0
9387,2024-01-21 15:27:54,15,6,1,430.16,Suburban Branch,Amex,0,1,3,7,34.79,20811.94,1139,0
4319,2024-11-25 07:35:07,7,0,0,368.18,Remote Village,MasterCard,0,1,3,2,11.75,31161.84,162,0
9605,2024-07-08 03:37:34,3,0,0,3678.85,Remote Village,Visa,2,0,5,7,3857.76,1439.56,116,1
4145,2024-12-08 09:08:33,9,6,1,175.11,Suburban Branch,Amex,1,1,1,4,2.49,43125.34,1665,0
4670,2024-09-03 14:36:30,14,1,0,108.33,Airport Terminal,Amex,0,1,2,1,36.61,7205.21,2895,0
1237,2024-09-16 13:31:58,13,0,0,303.58,Gas Station,Visa,0,1,1,6,21.1,33093.97,2403,0
5477,2024-10-06 16:27:41,16,6,1,467.38,Downtown Branch,Amex,0,1,2,4,10.4,48702.08,3122,0
9837,2024-12-09 21:30:45,21,0,0,102.65,Airport Terminal,Visa,3,0,11,16,552.06,1650.78,187,1
1857,2024-06-28 17:12:42,17,4,0,275.35,Hospital,RuPay,0,1,3,8,10.78,8332.19,2039,0
2283,2024-11-01 12:38:55,12,4,0,327.87,Suburban Branch,MasterCard,1,1,2,2,28.53,8042.76,2678,0
8694,2024-11-03 21:17:36,21,6,1,427.12,University Campus,Visa,0,0,2,5,20.03,36357.39,3565,0
9321,2024-07-02 23:20:19,23,1,0,308.59,Hospital,MasterCard,0,1,3,2,11.29,10151.12,3012,0
4094,2024-09-26 07:35:34,7,3,0,87.22,Airport Terminal,RuPay,0,1,2,1,5.85,16540.86,1065,0
7062,2024-09-03 19:39:18,19,1,0,338.94,Gas Station,Amex,0,1,2,7,0.26,37402.63,685,0
5201,2024-07-09 07:01:10,7,1,0,467.51,Hotel Lobby,Amex,1,1,3,1,5.3,15271.54,3616,0
6402,2024-01-17 08:41:32,8,2,0,291.69,Gas Station,RuPay,0,1,1,6,46.54,3364.6,682,0
9930,2024-12-18 02:51:18,2,2,0,249.51,Airport Terminal,Amex,2,1,7,17,4212.96,1252.82,245,1
3422,2024-03-16 03:47:45,3,5,1,371.08,Train Station,Amex,0,1,1,7,38.49,28965.55,356,0
9270,2024-07-05 17:25:19,17,4,0,34.9,Gas Station,MasterCard,1,1,3,7,31.49,18037.61,424,0
387,2024-02-29 16:37:09,16,3,0,465.74,Remote Village,Amex,0,1,2,8,39.5,27552.99,328,0
8549,2024-11-15 14:42:11,14,4,0,373.91,Hotel Lobby,MasterCard,0,1,3,5,11.85,586.52,1238,0
1629,2024-10-06 08:55:42,8,6,1,475.74,Shopping Mall,MasterCard,0,1,1,6,42.3,49241.02,2912,0
3586,2024-11-01 07:42:36,7,4,0,311.14,Hospital,RuPay,0,1,2,3,40.06,32081.4,1957,0
7413,2024-02-10 14:38:52,14,5,1,412.59,Remote Village,RuPay,1,1,3,7,25.32,2257.03,720,0
2715,2024-04-11 09:01:37,9,3,0,337.7,University Campus,MasterCard,0,1,1,2,5.56,22201.5,2248,0
7172,2024-02-05 15:53:00,15,0,0,353.7,University Campus,RuPay,0,1,1,2,7.57,47617.21,477,0
8436,2024-03-20 14:11:38,14,2,0,149.29,Hospital,MasterCard,2,1,2,4,44.7,42593.57,2933,0
9322,2024-11-11 10:00:17,10,0,0,186.6,Shopping Mall,Visa,0,1,2,1,48.14,13246.8,575,0
5660,2024-04-19 09:47:34,9,4,0,293.35,Remote Village,MasterCard,0,1,1,8,2.12,19654.61,1929,0
3190,2024-09-20 05:49:25,5,4,0,316.92,Train Station,RuPay,0,1,1,3,36.51,42517.38,48,0
9969,2024-12-26 13:12:56,13,3,0,104.0,Airport Terminal,Amex,2,0,14,5,1812.36,1107.72,324,1
4306,2024-05-29 19:08:00,19,2,0,255.78,Gas Station,Amex,2,1,1,3,28.07,49766.9,1075,0
910,2024-12-09 03:46:19,3,0,0,153.32,Downtown Branch,Amex,0,1,1,4,26.73,169.86,1453,0
5386,2024-05-31 05:04:12,5,4,0,403.63,University Campus,Visa,0,1,2,6,0.15,28239.91,2383,0
1997,2024-09-10 04:08:39,4,1,0,378.76,University Campus,Amex,1,1,1,7,14.2,23797.33,87,0
1867,2024-05-15 20:02:31,20,2,0,72.86,Train Station,Amex,0,1,1,7,14.99,49373.66,3525,0
1843,2024-10-23 21:34:29,21,2,0,262.72,University Campus,Amex,0,1,1,1,24.57,7882.95,438,0
2498,2024-07-10 14:53:32,14,2,0,152.11,Downtown Branch,MasterCard,0,1,3,6,7.46,9139.79,960,0
202,2024-11-10 01:33:23,1,6,1,46.71,Hospital,RuPay,0,1,1,8,33.64,15477.66,119,0
7906,2024-05-24 02:27:30,2,4,0,446.64,Gas Station,Amex,0,1,1,1,37.95,15195.12,2235,0
7725,2024-01-17 13:27:52,13,2,0,121.19,Airport Terminal,RuPay,0,1,1,2,3.63,17883.33,3111,0
5055,2024-07-18 23:54:02,23,3,0,232.63,Hotel Lobby,Amex,0,1,2,7,20.7,26620.65,3093,0
5890,2024-05-12 16:04:20,16,6,1,320.81,Train Station,MasterCard,0,1,3,2,30.04,12229.43,1140,0
4007,2024-08-21 15:53:59,15,2,0,30.8,Hotel Lobby,RuPay,0,1,2,2,38.79,12910.47,2618,0
9902,2024-01-12 03:41:38,3,4,0,3150.3,Remote Village,RuPay,4,0,11,20,1163.26,1736.89,62,1
2703,2024-07-26 09:02:24,9,4,0,278.4,Airport Terminal,Visa,0,0,1,6,41.01,37688.75,2537,0
3450,2024-08-27 10:29:56,10,1,0,447.21,Train Station,Visa,0,1,2,1,36.82,40083.28,1775,0
332,2024-02-22 16:20:52,16,3,0,394.65,Remote Village,Visa,0,1,1,4,41.85,12549.56,1899,0
7140,2024-02-07 17:39:53,17,2,0,138.62,Hospital,RuPay,0,1,2,8,7.41,38037.89,2813,0
8961,2024-06-21 20:35:18,20,4,0,416.54,Airport Terminal,Amex,0,1,2,1,48.91,33680.37,2506,0
9820,2024-03-30 02:19:44,2,5,1,1332.83,Airport Terminal,RuPay,2,0,8,18,2929.61,1846.96,200,1
7177,2024-02-08 06:23:06,6,3,0,51.28,Suburban Branch,Amex,0,1,3,8,12.93,20702.49,1451,0
2460,2024-10-24 07:13:00,7,3,0,417.75,Shopping Mall,Visa,0,1,2,8,22.79,37370.08,3125,0
1775,2024-03-06 07:38:42,7,2,0,324.25,Remote Village,Visa,0,1,1,6,40.88,46615.16,2891,0
6629,2024-10-05 00:16:21,0,5,1,447.68,University Campus,RuPay,1,1,2,6,3.96,49955.79,2947,0
7597,2024-08-14 20:00:34,20,2,0,150.99,Hotel Lobby,Amex,1,1,3,1,19.71,31780.73,1419,0
7987,2024-09-22 13:56:56,13,6,1,272.73,Downtown Branch,Visa,0,1,2,2,40.19,38838.89,1490,0
2687,2024-09-08 21:46:59,21,6,1,401.02,Gas Station,RuPay,0,1,2,8,32.86,5182.24,3551,0
9148,2024-04-07 17:03:32,17,6,1,305.37,Shopping Mall,RuPay,0,1,3,2,3.34,2913.16,2821,0
990,2024-06-01 18:04:40,18,5,1,163.25,Train Station,Visa,2,1,1,6,46.89,5226.91,947,0
9047,2024-05-14 17:47:38,17,1,0,286.77,Remote Village,RuPay,0,1,1,1,31.1,16627.79,1467,0
8349,2024-09-01 21:17:00,21,6,1,63.27,Gas Station,Amex,0,1,3,2,30.91,16323.0,2169,0
8876,2024-06-19 20:13:20,20,2,0,330.87,University Campus,Visa,0,1,2,1,4.07,30640.05,1872,0
8551,2024-05-17 02:34:01,2,4,0,455.2,University Campus,MasterCard,0,1,3,6,14.72,12214.23,2039,0
5807,2024-05-14 03:08:16,3,1,0,346.19,Remote Village,RuPay,0,1,3,1,9.37,144.44,3189,0
8734,2024-08-03 21:50:13,21,5,1,399.98,Hotel Lobby,MasterCard,0,1,2,7,32.05,15568.18,2833,0
8698,2024-08-09 01:28:38,1,4,0,123.13,Airport Terminal,Amex,1,1,3,7,26.79,18157.08,3532,0
6575,2024-05-05 03:20:30,3,6,1,139.94,Hospital,Visa,0,1,1,7,19.21,41374.54,3371,0
3053,2024-10-15 02:48:40,2,1,0,380.76,Hotel Lobby,Visa,0,1,1,8,17.14,25074.44,79,0
8638,2024-08-30 04:05:17,4,4,0,257.16,Downtown Branch,RuPay,0,1,3,4,18.44,22694.07,2438,0
5463,2024-09-01 02:32:24,2,6,1,50.27,Gas Station,Visa,0,1,2,8,42.34,34512.22,971,0
174,2024-05-29 04:32:09,4,2,0,434.8,Shopping Mall,RuPay,0,1,3,6,9.49,8051.19,2138,0
4955,2024-02-22 19:05:59,19,3,0,205.04,Train Station,Amex,2,1,1,5,3.21,33657.16,87,0
4616,2024-11-12 15:37:00,15,1,0,371.73,Shopping Mall,Visa,0,1,2,7,22.56,38486.39,2470,0
3322,2024-02-11 11:29:14,11,6,1,428.38,Suburban Branch,Visa,0,1,3,7,30.56,46909.46,2657,0
7066,2024-07-05 10:59:38,10,4,0,444.22,University Campus,Visa,0,1,3,1,13.96,28973.0,2516,0
6247,2024-01-09 10:35:39,10,1,0,187.11,Shopping Mall,RuPay,0,1,1,4,32.43,8337.39,3193,0
6746,2024-01-01 18:10:46,18,0,0,301.49,Shopping Mall,Visa,0,1,2,4,2.6,7570.99,675,0
3373,2024-02-20 16:07:57,16,1,0,335.33,Airport Terminal,RuPay,0,1,3,8,35.77,45320.53,3401,0
6049,2024-06-29 00:37:10,0,5,1,334.93,University Campus,Visa,0,0,3,7,41.07,29916.91,3412,0
3312,2024-03-10 02:29:02,2,6,1,223.29,Shopping Mall,MasterCard,0,1,2,8,12.68,25258.62,495,0
7417,2024-12-20 06:04:43,6,4,0,193.27,University Campus,MasterCard,0,1,1,1,29.73,29759.66,1444,0
7294,2024-11-30 13:12:03,13,5,1,119.36,Airport Terminal,MasterCard,1,1,2,6,25.03,1987.36,1086,0
7585,2024-12-30 23:13:04,23,0,0,159.91,Remote Village,Visa,0,1,3,6,41.0,38709.7,1341,0
9378,2024-01-15 03:12:47,3,0,0,445.4,Suburban Branch,MasterCard,0,1,2,8,10.38,26775.89,1268,0
8812,2024-02-01 07:07:03,7,3,0,227.56,Downtown Branch,Visa,0,1,3,5,34.47,48494.4,390,0
8161,2024-10-17 07:20:45,7,3,0,258.81,Airport Terminal,Amex,2,1,3,6,30.36,25584.88,617,0
4680,2024-02-15 07:58:53,7,3,0,77.37,Hospital,RuPay,0,1,1,8,35.84,32266.36,1241,0
3404,2024-09-17 01:42:45,1,1,0,373.67,Shopping Mall,Visa,0,1,1,6,1.4,40312.66,1324,0
19,2024-04-04 08:53:54,8,3,0,396.62,University Campus,Visa,0,1,3,7,17.71,20614.0,3568,0
3692,2024-09-11 02:00:01,2,2,0,86.86,Hotel Lobby,Amex,0,1,2,3,42.52,20448.37,2226,0
8655,2024-01-24 14:43:52,14,2,0,37.61,Downtown Branch,MasterCard,0,1,1,7,45.44,5302.52,240,0
4097,2024-07-10 07:29:22,7,2,0,143.98,Gas Station,MasterCard,1,1,2,2,16.56,29065.81,3461,0
3629,2024-04-04 15:36:25,15,3,0,244.01,Downtown Branch,MasterCard,0,1,2,6,11.31,19476.5,1750,0
8863,2024-06-08 09:42:35,9,5,1,453.86,Downtown Branch,Amex,0,1,2,6,12.56,26246.5,2784,0
2175,2024-11-29 10:32:29,10,4,0,72.89,Hospital,Visa,0,1,1,1,26.52,42049.53,1013,0
1357,2024-04-20 14:10:53,14,5,1,98.19,Downtown Branch,RuPay,0,1,2,8,18.44,15831.91,2981,0
5003,2024-07-29 19:14:47,19,0,0,329.86,Gas Station,MasterCard,0,1,3,8,34.85,30150.75,822,0
7392,2024-12-02 18:21:41,18,0,0,48.12,Airport Terminal,RuPay,0,1,2,3,44.54,44392.81,3354,0
6923,2024-05-31 09:09:06,9,4,0,307.76,Train Station,MasterCard,0,1,1,5,26.43,42971.86,2792,0
5824,2024-02-04 14:58:02,14,6,1,166.32,Hospital,MasterCard,0,1,2,1,25.41,25911.13,749,0
9503,2024-04-11 01:43:43,1,3,0,455.36,Airport Terminal,RuPay,1,1,11,10,3845.92,-367.22,343,1
5671,2024-12-09 12:32:20,12,0,0,104.48,Gas Station,MasterCard,1,0,1,2,2.83,24655.1,3100,0
3113,2024-01-18 04:43:01,4,3,0,492.81,Remote Village,Visa,0,1,2,6,48.95,27607.33,1704,0
183,2024-02-27 09:22:09,9,1,0,414.4,Remote Village,RuPay,0,1,1,4,0.95,15753.25,650,0
3643,2024-02-16 21:58:27,21,4,0,152.74,Train Station,Amex,0,1,3,2,12.3,36321.53,1702,0
8858,2024-01-26 02:19:13,2,4,0,308.79,Remote Village,Amex,0,1,3,5,39.28,39876.88,1697,0
1813,2024-01-24 11:23:02,11,2,0,165.53,Gas Station,Amex,0,1,1,8,48.27,19636.66,834,0
7876,2024-05-28 06:06:22,6,1,0,261.06,Hotel Lobby,Amex,0,1,2,7,18.25,6984.47,304,0
8498,2024-04-16 09:05:52,9,1,0,113.59,Remote Village,Amex,0,1,1,3,16.7,21100.03,1306,0
4913,2024-10-25 01:42:57,1,4,0,201.26,Gas Station,Amex,1,1,3,5,6.4,43076.06,3177,0
5669,2024-09-25 01:47:42,1,2,0,90.36,Hospital,RuPay,0,1,2,7,15.88,19552.61,2857,0
8543,2024-02-24 11:25:14,11,5,1,437.34,Airport Terminal,Visa,0,1,3,3,30.24,10408.8,3071,0
1801,2024-12-08 13:28:07,13,6,1,169.28,Airport Terminal,Visa,0,0,1,3,36.12,23890.93,34,0
9252,2024-04-15 13:05:28,13,0,0,313.59,Train Station,RuPay,2,1,2,4,22.83,33314.8,781,0
2430,2024-07-17 13:44:52,13,2,0,160.88,Shopping Mall,Amex,0,1,3,5,35.41,41540.0,118,0
5483,2024-01-06 08:31:55,8,5,1,347.33,Train Station,Amex,0,1,2,8,36.54,27658.19,2593,0
6762,2024-01-08 22:12:50,22,0,0,251.44,University Campus,RuPay,0,1,3,4,26.54,7977.61,2740,0
9840,2024-04-24 16:12:39,16,2,0,127.66,Hospital,MasterCard,3,1,10,22,3596.84,259.8,347,1
9636,2024-08-08 02:58:01,2,3,0,934.69,Airport Terminal,RuPay,2,0,10,7,3723.57,-80.41,123,1
1969,2024-12-17 07:30:09,7,1,0,158.0,Hospital,RuPay,0,1,3,5,30.96,46964.24,3468,0
8340,2024-08-20 02:58:03,2,1,0,186.63,Remote Village,Visa,0,1,2,3,45.89,39208.56,1566,0
8142,2024-08-30 14:44:52,14,4,0,399.13,Remote Village,Visa,0,1,2,8,14.33,29733.81,2759,0
7697,2024-08-24 09:53:33,9,5,1,368.36,Shopping Mall,RuPay,0,1,2,8,38.77,43838.97,2249,0
7542,2024-02-21 03:41:12,3,2,0,36.7,Train Station,RuPay,0,1,3,5,8.92,23167.96,3150,0
4988,2024-07-09 15:38:58,15,1,0,200.84,University Campus,MasterCard,0,1,3,6,20.2,3505.44,1179,0
9757,2024-05-12 04:15:46,4,6,1,945.85,Airport Terminal,MasterCard,2,0,9,15,4977.1,1246.97,92,1
4651,2024-11-11 21:08:43,21,0,0,56.67,Hospital,Visa,0,0,3,5,25.81,45851.73,3492,0
1160,2024-07-29 18:46:57,18,0,0,148.27,Hospital,Visa,0,1,2,5,31.8,29829.37,1493,0
1214,2024-08-22 10:07:01,10,3,0,378.87,Airport Terminal,Visa,0,1,2,7,40.3,39925.04,3436,0
7337,2024-08-20 01:04:43,1,1,0,27.23,Gas Station,Visa,0,1,1,6,34.36,22266.35,3424,0
1326,2024-07-21 02:46:26,2,6,1,454.05,Hotel Lobby,Amex,0,1,1,4,35.03,13229.36,1803,0
7513,2024-06-20 09:23:07,9,3,0,71.82,University Campus,Amex,0,1,3,4,1.41,18466.12,1294,0
7581,2024-09-29 18:57:16,18,6,1,387.26,University Campus,Amex,0,1,2,5,13.32,46203.68,145,0
4797,2024-01-25 19:53:13,19,3,0,298.43,Hotel Lobby,RuPay,0,1,1,5,43.74,3846.75,1252,0
6797,2024-02-24 16:14:14,16,5,1,366.66,Suburban Branch,MasterCard,0,1,3,8,16.15,3338.44,2362,0
5809,2024-03-19 18:36:15,18,1,0,477.67,Train Station,MasterCard,0,1,2,3,28.22,28955.71,1477,0
5944,2024-04-01 11:39:28,11,0,0,156.52,Hotel Lobby,Visa,0,1,3,1,49.09,45450.67,2624,0
9284,2024-08-16 18:36:47,18,4,0,227.86,University Campus,RuPay,0,1,2,2,48.56,7342.83,2603,0
8145,2024-11-23 05:21:28,5,5,1,296.53,Train Station,RuPay,1,1,3,1,6.38,9935.11,604,0
1456,2024-06-06 15:29:32,15,3,0,411.23,Train Station,RuPay,0,0,2,6,5.91,11860.55,3630,0
5411,2024-04-02 08:00:52,8,1,0,201.77,Airport Terminal,Visa,0,1,3,7,12.67,47566.85,1942,0
7130,2024-06-17 20:20:54,20,0,0,174.65,Train Station,RuPay,0,1,1,3,15.04,32803.27,2085,0
8893,2024-02-13 01:47:58,1,1,0,93.95,Shopping Mall,RuPay,0,1,1,4,11.4,39124.29,1365,0
4963,2024-10-03 23:26:23,23,3,0,486.28,Hospital,Amex,0,1,2,6,30.84,47627.35,1762,0
2801,2024-03-14 17:30:23,17,3,0,349.2,Hospital,Visa,0,1,3,1,37.26,29683.75,477,0
1645,2024-08-23 13:44:06,13,4,0,409.2,Train Station,Amex,0,1,3,8,17.47,10608.23,3060,0
2141,2024-07-22 06:03:30,6,0,0,193.77,Downtown Branch,Visa,1,1,3,4,39.5,30259.82,767,0
4537,2024-11-12 00:05:17,0,1,0,367.81,Downtown Branch,MasterCard,0,1,2,1,36.98,21482.84,2458,0
4458,2024-05-02 17:37:38,17,3,0,394.87,Hotel Lobby,MasterCard,0,1,1,7,49.63,38754.19,3105,0
8952,2024-07-27 02:22:15,2,5,1,280.07,Downtown Branch,RuPay,1,1,2,6,10.41,18207.48,2366,0
5587,2024-02-02 02:05:15,2,4,0,241.82,Shopping Mall,Visa,0,1,2,8,1.16,15377.82,830,0
4379,2024-05-18 12:30:27,12,5,1,269.8,Downtown Branch,MasterCard,0,1,3,1,33.23,1824.36,1428,0
730,2024-02-18 02:01:15,2,6,1,42.91,Airport Terminal,MasterCard,0,1,3,1,22.66,49149.23,3328,0
4358,2024-12-09 09:39:14,9,0,0,296.14,Hotel Lobby,Amex,0,1,2,5,3.27,10768.91,2219,0
7749,2024-03-07 06:46:23,6,3,0,175.56,Train Station,MasterCard,0,1,3,8,21.81,4480.58,476,0
6717,2024-05-31 00:09:29,0,4,0,422.17,Train Station,Visa,0,1,1,3,22.57,42501.46,1082,0
1937,2024-11-07 17:57:52,17,3,0,311.97,Gas Station,Amex,0,1,2,4,14.45,22970.94,2610,0
3794,2024-07-01 19:11:19,19,0,0,251.39,Downtown Branch,MasterCard,0,1,1,2,33.09,3169.7,36,0
3737,2024-11-25 21:52:41,21,0,0,255.46,Suburban Branch,Visa,0,1,3,3,12.91,47768.64,2415,0
2262,2024-05-12 10:25:28,10,6,1,210.89,Suburban Branch,RuPay,0,1,1,3,45.45,6525.52,1874,0
4006,2024-03-07 06:27:51,6,3,0,340.44,Hospital,Amex,0,1,3,6,2.99,33784.35,1537,0
1111,2024-04-14 03:17:29,3,6,1,351.39,Train Station,Visa,0,1,2,4,16.09,35472.52,2137,0
9029,2024-02-03 18:25:19,18,5,1,474.4,Hotel Lobby,RuPay,0,1,3,7,15.51,41185.5,1587,0
5481,2024-11-09 15:38:23,15,5,1,487.96,Gas Station,MasterCard,0,1,2,2,17.31,44794.56,2622,0
2999,2024-01-12 06:22:07,6,4,0,25.07,Shopping Mall,Amex,0,1,3,5,47.0,29175.92,2458,0
2395,2024-09-16 06:48:12,6,0,0,90.04,Remote Village,RuPay,0,1,3,8,12.53,45893.84,1011,0
1186,2024-10-20 23:34:13,23,6,1,144.8,Train Station,MasterCard,0,1,2,5,28.41,29761.96,3148,0
2008,2024-01-04 20:59:12,20,3,0,182.7,Hotel Lobby,Visa,0,1,1,8,12.17,16743.56,3298,0
194,2024-06-25 10:50:25,10,1,0,494.77,Train Station,MasterCard,0,1,1,8,13.64,40459.81,1384,0
5612,2024-10-30 13:45:59,13,2,0,138.28,Train Station,MasterCard,0,1,1,2,46.92,12080.65,176,0
2902,2024-06-21 00:38:12,0,4,0,174.16,Remote Village,MasterCard,0,0,1,2,34.03,39284.2,2456,0
579,2024-04-26 01:40:24,1,4,0,354.02,Hotel Lobby,Visa,1,1,3,8,36.77,7083.15,820,0
6220,2024-02-01 17:52:38,17,3,0,312.58,Shopping Mall,Amex,0,1,3,7,13.04,19823.34,1201,0
5526,2024-11-05 13:09:20,13,1,0,230.23,Train Station,RuPay,0,1,1,8,15.59,20461.05,1635,0
772,2024-03-13 04:55:54,4,2,0,136.71,Downtown Branch,Amex,0,1,3,7,25.66,32620.08,1495,0
7840,2024-02-09 09:01:37,9,4,0,377.25,Downtown Branch,RuPay,0,1,1,7,1.45,11413.8,1160,0
2396,2024-08-19 13:33:29,13,0,0,296.34,Hotel Lobby,Visa,0,1,2,8,39.21,29658.59,1283,0
1479,2024-01-31 22:38:32,22,2,0,177.81,Train Station,RuPay,0,1,1,5,8.45,14686.6,1083,0
1847,2024-02-29 19:05:31,19,3,0,186.13,Remote Village,Visa,2,1,3,3,8.93,47921.88,1688,0
9109,2024-09-27 20:39:32,20,4,0,473.57,Downtown Branch,MasterCard,0,1,1,1,36.73,32833.71,2873,0
4275,2024-12-11 11:17:48,11,2,0,27.19,University Campus,RuPay,0,1,1,5,0.93,36907.34,2640,0
3741,2024-10-18 04:01:50,4,4,0,166.6,Gas Station,Visa,0,1,2,6,20.51,7534.96,3201,0
4601,2024-04-14 23:32:06,23,6,1,438.97,Gas Station,Amex,0,1,3,5,41.01,26827.32,60,0
8088,2024-07-25 11:34:42,11,3,0,113.19,Suburban Branch,Visa,2,1,1,6,0.34,9747.03,1242,0
8711,2024-09-18 20:55:20,20,2,0,332.28,Shopping Mall,RuPay,0,1,3,8,34.57,37484.72,2370,0
6677,2024-09-01 16:15:03,16,6,1,24.53,Airport Terminal,RuPay,0,1,2,7,8.18,41253.16,2962,0
6376,2024-06-15 09:33:07,9,5,1,421.58,Hospital,MasterCard,1,1,2,7,3.46,16613.43,2370,0
8125,2024-08-09 02:35:38,2,4,0,322.16,Hotel Lobby,Visa,0,1,1,6,29.07,31385.3,2245,0
9539,2024-12-29 21:08:59,21,6,1,111.66,University Campus,Amex,3,1,10,14,3271.96,173.42,260,1
4916,2024-11-02 14:19:27,14,5,1,479.08,University Campus,RuPay,0,1,2,3,49.29,38732.22,2175,0
2074,2024-08-21 06:48:31,6,2,0,408.5,Downtown Branch,RuPay,0,1,1,1,7.37,18478.22,321,0
4755,2024-12-28 15:10:34,15,5,1,336.84,Hotel Lobby,MasterCard,0,1,2,1,10.9,16571.45,1349,0
1897,2024-02-08 17:32:52,17,3,0,82.4,Downtown Branch,RuPay,0,1,2,1,11.79,17398.12,2849,0
8553,2024-07-28 02:00:18,2,6,1,393.11,Hotel Lobby,Amex,0,1,1,5,30.19,22892.64,2784,0
6703,2024-08-03 17:12:46,17,5,1,418.56,Train Station,Visa,0,1,3,5,34.22,37093.82,3413,0
6318,2024-08-10 17:19:10,17,5,1,130.08,Remote Village,Visa,0,1,2,7,22.57,38156.57,1765,0
3660,2024-12-21 21:08:24,21,5,1,298.36,Downtown Branch,MasterCard,0,1,3,6,12.88,22107.29,3135,0
6582,2024-08-02 02:38:37,2,4,0,330.38,Hospital,Amex,0,1,2,3,22.23,8069.54,1079,0
2380,2024-06-17 00:55:29,0,0,0,236.68,Hospital,RuPay,1,1,2,5,44.33,42601.72,784,0
1448,2024-05-08 05:14:24,5,2,0,337.1,Gas Station,Visa,0,1,1,2,30.84,13860.42,932,0
343,2024-10-08 15:13:45,15,1,0,408.01,Shopping Mall,Amex,0,1,2,2,11.11,11244.06,3599,0
5128,2024-06-24 14:50:57,14,0,0,400.87,Hospital,Visa,1,1,1,1,28.42,27449.4,2278,0
3137,2024-12-18 12:23:13,12,2,0,226.92,University Campus,Visa,0,1,3,5,22.71,37662.19,2507,0
2528,2024-11-01 00:46:08,0,4,0,366.73,Gas Station,Visa,0,1,2,6,22.08,23381.26,2513,0
728,2024-07-21 03:07:45,3,6,1,496.12,Airport Terminal,Amex,0,1,2,6,37.85,8085.36,144,0
4578,2024-03-16 04:50:31,4,5,1,272.96,Gas Station,RuPay,1,1,2,1,26.16,49947.78,1235,0
977,2024-08-23 09:21:42,9,4,0,34.19,Suburban Branch,MasterCard,0,1,1,6,5.74,10926.19,1371,0
8392,2024-06-15 03:56:43,3,5,1,309.57,Suburban Branch,RuPay,0,1,2,2,33.48,38185.12,909,0
5444,2024-05-18 23:47:25,23,5,1,440.48,Suburban Branch,MasterCard,0,1,3,4,1.19,28337.37,652,0
9035,2024-10-22 16:21:09,16,1,0,213.78,Suburban Branch,Visa,1,1,2,7,32.78,43382.17,2832,0
3517,2024-10-21 06:45:16,6,0,0,374.64,Suburban Branch,Visa,0,1,3,3,13.59,12603.95,1073,0
7976,2024-02-23 17:12:10,17,4,0,57.15,Hospital,MasterCard,0,1,3,2,36.91,30323.43,3039,0
9788,2024-06-02 04:20:00,4,6,1,1680.46,Airport Terminal,Amex,2,0,15,30,2677.18,1443.83,93,1
3941,2024-06-04 18:00:10,18,1,0,411.52,University Campus,Amex,0,1,1,6,43.29,5754.96,303,0
1300,2024-07-27 12:38:26,12,5,1,177.14,Gas Station,Amex,1,1,3,7,14.24,14393.3,3534,0
9765,2024-03-22 22:49:17,22,4,0,140.97,Hospital,RuPay,2,0,11,25,1416.36,-450.14,20,1
1349,2024-09-03 04:06:35,4,1,0,459.55,Gas Station,MasterCard,2,1,3,6,34.92,45102.61,1348,0
661,2024-04-14 01:20:38,1,6,1,469.84,Remote Village,MasterCard,0,1,2,1,26.11,18277.31,635,0
5887,2024-08-28 23:58:13,23,2,0,199.28,Remote Village,Visa,0,1,2,2,1.99,9796.48,3318,0
1493,2024-01-20 01:26:48,1,5,1,152.73,Suburban Branch,RuPay,0,1,1,5,45.32,32929.2,441,0
9947,2024-08-17 01:42:08,1,5,1,1896.77,Remote Village,Visa,5,1,13,8,3540.41,834.45,128,1
4590,2024-01-12 10:47:55,10,4,0,58.41,Airport Terminal,MasterCard,0,1,2,1,44.91,3103.77,3410,0
8531,2024-06-05 06:07:13,6,2,0,115.96,Hotel Lobby,MasterCard,0,1,3,3,18.21,43807.54,234,0
5155,2024-04-20 22:00:50,22,5,1,373.24,Airport Terminal,MasterCard,1,1,1,3,23.44,1323.37,3482,0
2316,2024-04-22 02:05:29,2,0,0,338.93,University Campus,Visa,2,1,1,3,21.24,42651.79,1454,0
9615,2024-04-06 22:41:48,22,5,1,179.44,Airport Terminal,RuPay,1,1,7,12,1462.71,1539.91,108,1
9578,2024-09-26 16:30:01,16,3,0,238.7,Shopping Mall,MasterCard,3,1,11,24,2558.6,307.44,264,1
7025,2024-01-12 06:29:07,6,4,0,68.79,Suburban Branch,MasterCard,0,1,3,5,8.09,30653.25,1016,0
1086,2024-03-21 07:55:03,7,3,0,285.04,Shopping Mall,Amex,0,1,1,4,0.33,41641.97,135,0
2525,2024-12-22 09:26:48,9,6,1,414.03,Hospital,Amex,1,1,3,2,47.38,47618.19,911,0
8969,2024-12-29 11:05:10,11,6,1,495.69,Hospital,RuPay,0,1,2,7,11.71,41580.29,173,0
5375,2024-05-04 11:35:32,11,5,1,275.88,Suburban Branch,Amex,0,1,2,7,12.38,46472.84,2727,0
3199,2024-03-18 04:13:12,4,0,0,370.11,Hospital,Visa,0,1,1,2,12.38,30081.7,1270,0
5752,2024-08-20 07:40:27,7,1,0,68.59,Train Station,RuPay,0,1,2,4,28.78,32959.86,234,0
4009,2024-08-31 01:17:01,1,5,1,39.14,University Campus,Visa,1,1,1,4,6.08,22982.47,1962,0
5718,2024-08-15 08:26:00,8,3,0,86.95,Suburban Branch,Amex,0,1,2,4,47.0,35502.59,3615,0
6658,2024-06-08 08:08:40,8,5,1,252.34,Remote Village,Visa,0,1,3,8,36.59,21302.93,1233,0
9358,2024-01-27 13:38:19,13,5,1,258.8,University Campus,Amex,0,1,3,7,43.48,23288.82,1237,0
8791,2024-11-07 04:19:45,4,3,0,148.06,Airport Terminal,MasterCard,0,1,3,7,23.99,6392.61,1779,0
68,2024-09-27 20:24:04,20,4,0,473.16,Train Station,Visa,0,1,1,5,23.47,22079.39,785,0
7924,2024-09-20 18:55:24,18,4,0,84.88,Hospital,Visa,0,1,3,1,22.5,26979.23,2231,0
41,2024-03-15 12:04:45,12,4,0,221.81,Shopping Mall,MasterCard,1,1,2,7,27.4,120.26,1205,0
2270,2024-05-17 01:16:06,1,4,0,142.57,Shopping Mall,RuPay,0,1,2,5,3.44,25663.38,2535,0
2382,2024-07-04 00:28:18,0,3,0,30.83,Gas Station,RuPay,0,1,3,5,5.56,11201.87,3382,0
7342,2024-07-05 15:59:41,15,4,0,96.68,Hotel Lobby,Visa,0,1,2,6,27.67,46046.43,1374,0
9962,2024-02-26 13:19:39,13,0,0,192.62,Gas Station,MasterCard,1,1,4,18,2798.78,608.41,328,1
4917,2024-11-12 21:22:21,21,1,0,195.13,Hotel Lobby,Visa,0,1,3,3,33.23,48662.4,935,0
5323,2024-06-13 01:55:39,1,3,0,199.36,Downtown Branch,RuPay,0,0,2,2,20.88,7149.68,2880,0
5774,2024-03-05 03:43:03,3,1,0,496.32,Hospital,MasterCard,2,1,3,2,7.39,44131.64,124,0
6233,2024-01-16 08:18:23,8,1,0,321.47,Downtown Branch,RuPay,0,1,2,8,2.74,6147.61,801,0
6964,2024-09-17 15:10:55,15,1,0,247.86,Shopping Mall,RuPay,0,1,3,6,19.08,9302.65,1249,0
3448,2024-12-05 23:53:40,23,3,0,438.71,Suburban Branch,Amex,1,1,3,1,34.89,10356.41,858,0
6817,2024-03-15 10:42:53,10,4,0,339.0,University Campus,RuPay,0,1,3,5,7.27,22167.79,1400,0
2368,2024-04-10 03:01:41,3,2,0,260.93,Hotel Lobby,Visa,0,1,2,3,49.82,10555.54,838,0
7982,2024-06-18 02:57:55,2,1,0,170.54,Remote Village,Visa,0,1,1,3,49.39,14799.56,2615,0
8167,2024-08-11 15:47:42,15,6,1,199.59,University Campus,Visa,0,1,3,8,22.49,6581.24,3535,0
2513,2024-05-17 14:45:24,14,4,0,38.46,Downtown Branch,Amex,0,1,2,1,32.9,47975.13,415,0
9620,2024-03-10 00:10:16,0,6,1,254.14,Gas Station,RuPay,2,1,4,24,1586.63,778.84,353,1
2724,2024-06-29 09:53:26,9,5,1,478.15,Shopping Mall,MasterCard,0,1,2,4,3.35,12523.51,1660,0
5949,2024-06-26 22:43:05,22,2,0,386.22,Downtown Branch,Visa,0,1,2,5,39.11,45109.52,2394,0
9186,2024-03-28 23:04:35,23,3,0,20.95,Downtown Branch,MasterCard,0,1,1,7,20.22,5137.82,2986,0
9005,2024-10-10 07:06:03,7,3,0,469.53,Hospital,RuPay,0,1,3,8,28.66,40454.03,2324,0
1144,2024-10-10 20:59:35,20,3,0,211.68,Gas Station,MasterCard,0,1,3,6,24.13,20117.54,194,0
9737,2024-05-01 04:27:50,4,2,0,1921.0,Airport Terminal,MasterCard,2,1,11,19,2727.94,1755.68,169,1
7223,2024-11-10 14:36:57,14,6,1,256.03,Downtown Branch,Visa,0,1,2,3,6.07,15186.11,424,0
8293,2024-04-11 18:32:40,18,3,0,399.79,Hotel Lobby,Amex,1,1,2,3,37.83,23122.67,2649,0
9221,2024-03-24 07:05:26,7,6,1,447.76,Downtown Branch,MasterCard,0,1,3,8,8.03,17873.3,1924,0
4729,2024-11-17 12:58:10,12,6,1,242.86,Remote Village,Visa,0,1,3,5,45.34,23997.24,2816,0
5495,2024-07-06 13:44:51,13,5,1,385.02,Hotel Lobby,Amex,1,1,2,8,47.75,36386.94,3040,0
5756,2024-11-24 02:33:28,2,6,1,349.07,Remote Village,Visa,0,1,2,5,39.04,20654.82,1435,0
7563,2024-09-02 13:48:32,13,0,0,352.68,Hospital,MasterCard,0,1,3,6,14.52,2189.27,3354,0
3790,2024-03-03 12:37:16,12,6,1,454.44,Shopping Mall,Visa,0,1,1,2,43.04,24906.96,2806,0
2221,2024-11-08 04:57:05,4,4,0,205.99,Hospital,MasterCard,0,1,2,7,46.14,18228.77,85,0
5076,2024-12-08 04:21:36,4,6,1,247.54,Hospital,Amex,0,1,3,5,0.36,30992.7,855,0
2332,2024-05-06 01:14:05,1,0,0,64.21,University Campus,Visa,0,1,3,7,8.54,5283.85,3307,0
5395,2024-10-31 03:51:29,3,3,0,355.95,Downtown Branch,RuPay,2,1,3,3,40.22,17326.05,1847,0
7440,2024-09-18 23:15:52,23,2,0,27.84,University Campus,MasterCard,0,1,2,6,29.29,4622.04,2638,0
8068,2024-11-30 09:03:03,9,5,1,469.42,Hotel Lobby,Amex,0,1,1,1,30.93,14697.95,3266,0
7091,2024-10-20 21:14:46,21,6,1,349.89,Shopping Mall,Visa,0,1,3,1,12.91,40153.01,2795,0
9337,2024-03-28 22:54:17,22,3,0,50.05,Suburban Branch,Visa,1,1,1,8,41.36,10013.0,850,0
4089,2024-07-01 15:36:45,15,0,0,199.02,Gas Station,MasterCard,0,1,3,1,31.77,47365.86,3092,0
1968,2024-08-12 06:07:32,6,0,0,28.14,Hotel Lobby,Amex,1,1,3,2,27.02,20538.98,2168,0
9364,2024-01-23 01:11:47,1,1,0,209.09,University Campus,Amex,0,1,2,8,29.84,37806.74,1626,0
9797,2024-03-24 00:07:58,0,6,1,250.5,Shopping Mall,Visa,0,1,3,5,3370.49,1375.26,282,1
6758,2024-03-10 08:53:25,8,6,1,44.8,Shopping Mall,RuPay,1,1,2,5,22.71,686.26,2351,0
9587,2024-04-01 12:35:11,12,0,0,127.39,University Campus,Visa,2,1,12,8,2747.6,1936.38,176,1
4366,2024-09-17 03:42:08,3,1,0,145.01,Hotel Lobby,Visa,0,1,2,6,3.9,3066.88,2556,0
7000,2024-12-30 12:07:27,12,0,0,177.25,Downtown Branch,Amex,0,1,1,8,47.14,28988.1,263,0
424,2024-09-11 04:48:43,4,2,0,118.6,Hospital,RuPay,0,1,1,7,32.58,12756.27,3531,0
281,2024-03-05 20:12:27,20,1,0,198.5,Gas Station,Visa,0,1,1,1,16.75,21523.3,2175,0
1905,2024-08-30 07:18:01,7,4,0,356.96,Hospital,RuPay,0,1,1,3,47.38,29926.86,1326,0
596,2024-04-14 17:44:06,17,6,1,117.06,Remote Village,Amex,0,1,1,2,42.58,22983.09,731,0
8580,2024-06-03 06:21:39,6,0,0,171.46,University Campus,Amex,0,1,3,8,40.49,24532.37,3459,0
3918,2024-03-12 10:24:10,10,1,0,436.28,Hospital,Visa,0,1,2,1,49.03,10799.75,2292,0
6143,2024-02-10 10:17:25,10,5,1,271.9,Airport Terminal,Visa,0,1,3,1,21.96,42777.4,3156,0
5662,2024-01-23 10:31:44,10,1,0,359.56,Hospital,RuPay,0,1,3,5,24.87,18749.11,1268,0
5779,2024-11-28 02:48:58,2,3,0,24.81,University Campus,RuPay,0,1,3,6,47.06,28917.46,1217,0
3619,2024-12-03 13:34:07,13,1,0,80.24,Hospital,Visa,0,1,3,6,46.02,47977.65,2815,0
6846,2024-11-13 16:58:59,16,2,0,54.04,Airport Terminal,RuPay,0,1,3,1,19.24,47461.12,972,0
840,2024-01-31 23:52:52,23,2,0,160.7,Gas Station,Visa,0,1,1,4,23.89,33672.95,442,0
4597,2024-11-28 10:51:08,10,3,0,297.62,Hotel Lobby,MasterCard,0,1,2,8,43.28,17966.74,3619,0
7497,2024-02-11 10:59:29,10,6,1,208.03,Suburban Branch,Visa,0,1,2,6,0.87,15362.69,541,0
142,2024-04-30 04:26:59,4,1,0,483.49,University Campus,RuPay,0,1,3,8,23.08,14160.41,1594,0
2598,2024-09-28 23:05:00,23,5,1,429.61,Hospital,Visa,0,1,1,5,31.06,45418.43,360,0
6702,2024-06-19 13:45:42,13,2,0,238.7,University Campus,MasterCard,0,1,3,4,22.11,40865.19,1977,0
7757,2024-09-06 12:05:24,12,4,0,210.37,Hospital,Visa,0,1,2,7,15.36,10492.17,591,0
1378,2024-12-04 15:33:01,15,2,0,110.27,Downtown Branch,MasterCard,0,0,1,7,27.95,35177.05,3273,0
3675,2024-07-04 02:27:56,2,3,0,475.05,Airport Terminal,Amex,0,1,2,6,11.44,17884.32,757,0
8771,2024-12-19 00:05:50,0,3,0,178.62,Downtown Branch,MasterCard,2,1,2,5,31.61,121.96,1905,0
9896,2024-11-09 03:38:26,3,5,1,2931.79,Airport Terminal,RuPay,2,1,15,7,3790.7,980.23,96,1
6363,2024-09-24 00:50:14,0,1,0,269.94,Hotel Lobby,MasterCard,0,1,1,6,46.31,9415.56,1784,0
4742,2024-05-05 16:36:23,16,6,1,165.29,Hospital,Amex,0,1,1,3,1.63,46159.96,574,0
3809,2024-06-02 10:42:52,10,6,1,107.46,Train Station,Visa,0,1,2,2,12.67,29176.28,3121,0
1139,2024-05-15 11:36:12,11,2,0,390.74,Shopping Mall,RuPay,0,1,3,7,7.79,28478.69,2906,0
2258,2024-01-06 12:24:35,12,5,1,436.05,University Campus,MasterCard,0,1,2,7,14.83,6465.19,3082,0
7866,2024-12-03 03:13:08,3,1,0,111.56,Suburban Branch,RuPay,0,1,3,2,48.67,21312.78,1054,0
1788,2024-11-17 17:38:29,17,6,1,25.31,Hospital,Amex,0,1,1,7,9.18,5377.82,2230,0
3939,2024-09-14 23:39:21,23,5,1,164.49,Train Station,RuPay,0,1,2,4,7.56,35696.39,3567,0
9317,2024-04-21 20:19:36,20,6,1,103.94,Remote Village,RuPay,0,1,1,1,19.23,29698.41,2004,0
4647,2024-01-04 06:13:45,6,3,0,439.85,Hotel Lobby,Amex,0,1,2,4,34.99,19320.84,1353,0
460,2024-08-30 20:25:58,20,4,0,134.99,Remote Village,Amex,0,1,3,5,14.23,37172.05,3342,0
6116,2024-02-07 15:46:33,15,2,0,175.93,Hotel Lobby,MasterCard,0,1,2,1,39.55,47386.16,2324,0
9543,2024-06-25 01:16:21,1,1,0,887.51,Airport Terminal,MasterCard,3,1,4,12,1381.67,-63.9,59,1
949,2024-08-09 10:01:53,10,4,0,211.65,Hospital,RuPay,0,1,3,2,17.45,23477.59,2221,0
3701,2024-05-28 14:33:14,14,1,0,370.93,Downtown Branch,RuPay,0,1,1,3,43.32,44561.41,1243,0
1337,2024-06-02 06:34:19,6,6,1,324.94,Remote Village,MasterCard,0,1,3,5,10.91,12622.39,1442,0
6371,2024-03-30 09:59:26,9,5,1,243.7,Shopping Mall,Amex,0,1,3,6,10.06,7446.83,1309,0
4629,2024-02-16 11:50:30,11,4,0,456.81,Remote Village,Visa,0,1,3,3,28.9,37953.02,1971,0
6287,2024-03-16 01:25:06,1,5,1,415.87,Downtown Branch,RuPay,0,1,2,2,29.97,10042.66,2802,0
5926,2024-06-11 12:05:06,12,1,0,316.22,University Campus,Amex,0,1,2,8,24.1,7977.95,249,0
5935,2024-01-19 00:37:16,0,4,0,162.22,Train Station,Amex,0,1,1,4,40.37,25678.38,2196,0
6041,2024-11-10 18:08:53,18,6,1,68.25,Gas Station,RuPay,0,1,1,2,5.06,20531.12,1899,0
442,2024-07-14 03:24:30,3,6,1,186.7,Shopping Mall,MasterCard,1,1,1,8,15.78,520.09,2791,0
6660,2024-07-11 10:11:31,10,3,0,102.13,Suburban Branch,Amex,0,1,1,6,42.21,22455.79,860,0
1603,2024-11-10 16:09:53,16,6,1,380.56,Train Station,RuPay,0,1,1,4,44.76,20142.5,1629,0
2239,2024-12-08 04:30:38,4,6,1,174.69,Gas Station,RuPay,0,1,3,8,19.8,47746.79,1562,0
640,2024-10-22 16:51:01,16,1,0,492.61,Airport Terminal,Visa,0,1,2,6,35.24,27900.89,196,0
9821,2024-02-06 19:20:48,19,1,0,278.62,Hospital,Visa,2,1,5,26,2083.84,536.44,325,1
3831,2024-07-01 21:42:45,21,0,0,411.38,Shopping Mall,MasterCard,0,1,2,5,3.79,25036.14,372,0
9396,2024-01-26 03:16:55,3,4,0,241.0,Remote Village,RuPay,0,0,1,7,7.58,1691.24,2611,0
6145,2024-03-27 17:24:40,17,2,0,352.3,Hospital,Amex,1,1,2,8,35.76,6635.89,1558,0
7986,2024-09-04 21:53:40,21,2,0,373.33,Hospital,RuPay,0,1,1,4,35.31,7504.6,1324,0
9053,2024-08-01 13:03:14,13,3,0,99.93,Hotel Lobby,Amex,0,1,2,2,26.41,14333.05,1722,0
6345,2024-09-16 10:31:07,10,0,0,263.28,Gas Station,MasterCard,0,1,3,3,28.18,21717.54,3330,0
2502,2024-04-28 11:30:36,11,6,1,207.69,Remote Village,RuPay,0,1,2,8,12.79,36046.02,2253,0
1959,2024-02-13 13:10:25,13,1,0,419.97,Airport Terminal,MasterCard,0,1,2,8,9.97,14540.31,2500,0
1071,2024-08-24 12:38:49,12,5,1,121.51,Suburban Branch,Visa,0,1,3,6,47.0,19004.1,2416,0
156,2024-10-09 08:53:20,8,2,0,223.76,Shopping Mall,RuPay,0,1,2,2,4.0,33079.87,1285,0
2296,2024-09-08 23:46:34,23,6,1,417.21,Hospital,MasterCard,0,1,3,1,43.65,2449.06,2430,0
9802,2024-01-14 06:06:14,6,6,1,401.18,Hotel Lobby,Amex,2,0,9,19,388.77,1339.33,44,1
4579,2024-01-17 21:54:18,21,2,0,85.97,Hotel Lobby,Visa,0,0,1,4,43.29,17293.21,854,0
1090,2024-02-09 00:09:26,0,4,0,467.54,Hotel Lobby,MasterCard,0,1,3,1,47.46,31401.52,1037,0
6050,2024-07-11 02:08:43,2,3,0,47.51,University Campus,Amex,0,1,2,3,23.11,42542.12,931,0
6416,2024-08-09 23:54:58,23,4,0,429.86,Downtown Branch,Visa,0,1,2,8,7.04,16045.54,1253,0
2941,2024-12-10 03:12:16,3,1,0,418.55,Shopping Mall,RuPay,0,1,2,6,8.84,23105.49,1885,0
724,2024-01-12 13:24:38,13,4,0,232.44,Suburban Branch,RuPay,0,1,1,6,15.74,49099.05,703,0
4385,2024-05-14 14:14:44,14,1,0,107.82,Hotel Lobby,MasterCard,0,1,3,1,27.19,5409.2,2834,0
931,2024-07-04 04:20:44,4,3,0,421.97,Downtown Branch,RuPay,1,1,1,2,12.25,722.64,3434,0
2910,2024-07-18 01:07:17,1,3,0,332.94,Gas Station,Visa,0,1,3,8,19.8,12211.37,2945,0
7846,2024-02-11 08:46:33,8,6,1,162.7,University Campus,Amex,1,1,1,2,31.31,21528.41,143,0
6764,2024-03-05 22:37:59,22,1,0,113.58,Suburban Branch,Visa,0,1,1,4,34.41,27283.65,81,0
8389,2024-03-27 21:17:58,21,2,0,197.31,Hospital,RuPay,0,1,2,7,14.23,2877.21,2233,0
6417,2024-11-12 18:28:37,18,1,0,399.85,Downtown Branch,RuPay,0,1,1,6,1.3,49856.13,1143,0
896,2024-09-29 05:22:52,5,6,1,138.73,University Campus,MasterCard,0,1,1,3,9.43,42758.11,2606,0
3248,2024-07-22 07:29:13,7,0,0,296.36,Suburban Branch,Visa,1,0,3,6,32.31,1319.75,390,0
2327,2024-12-25 08:58:35,8,2,0,348.01,Hospital,MasterCard,1,1,1,4,28.63,15104.43,3122,0
7097,2024-11-25 14:44:26,14,0,0,450.5,Gas Station,MasterCard,0,1,1,5,25.49,7512.19,3124,0
9506,2024-10-24 04:13:22,4,3,0,1977.55,Airport Terminal,RuPay,3,0,10,18,1868.76,1629.49,270,1
7582,2024-10-09 20:47:46,20,2,0,173.52,Hospital,RuPay,0,1,1,2,27.69,22234.48,70,0
9743,2024-08-22 16:20:25,16,3,0,284.45,University Campus,MasterCard,2,0,9,12,3726.1,1872.6,103,1
5039,2024-01-25 19:05:34,19,3,0,237.62,Downtown Branch,Amex,0,1,3,4,41.64,7348.75,1158,0
6451,2024-11-29 15:04:42,15,4,0,195.48,Hospital,Amex,0,1,2,3,49.56,34377.63,203,0
4137,2024-11-27 17:49:43,17,2,0,212.07,Train Station,Amex,0,1,3,3,40.22,311.99,2678,0
9249,2024-03-23 17:43:22,17,5,1,207.96,Suburban Branch,Amex,0,1,3,7,32.66,23268.63,974,0
1716,2024-05-31 12:24:04,12,4,0,33.32,Gas Station,Amex,0,1,1,2,18.63,48623.37,2091,0
1699,2024-08-04 01:02:01,1,6,1,265.3,Downtown Branch,Visa,0,1,2,5,37.52,24830.04,1103,0
9691,2024-12-10 22:01:24,22,1,0,247.6,University Campus,Amex,3,0,4,21,1202.61,1483.95,145,1
9550,2024-07-22 06:38:18,6,0,0,438.57,Gas Station,Visa,0,0,14,5,1583.21,473.01,230,1
9972,2024-06-25 17:26:32,17,1,0,140.68,Airport Terminal,MasterCard,3,1,3,9,4998.01,1243.25,72,1
8225,2024-03-04 19:52:10,19,0,0,314.45,University Campus,MasterCard,0,1,3,2,22.31,28612.32,2815,0
3832,2024-10-15 02:32:21,2,1,0,311.61,Gas Station,RuPay,0,1,3,6,3.16,29562.75,3292,0
6300,2024-11-25 14:40:58,14,0,0,225.64,University Campus,MasterCard,0,1,2,3,6.19,12007.02,3367,0
3349,2024-08-18 12:04:48,12,6,1,105.38,Hospital,MasterCard,2,1,3,4,29.05,16021.23,788,0
9519,2024-04-10 19:50:00,19,2,0,181.49,Suburban Branch,Visa,3,1,8,9,4818.17,934.17,288,1
986,2024-05-03 09:57:17,9,4,0,410.43,Downtown Branch,RuPay,0,1,2,1,49.51,21119.74,538,0
1822,2024-05-08 11:30:50,11,2,0,402.11,Gas Station,RuPay,0,1,3,6,47.35,18088.58,1012,0
4572,2024-06-19 05:46:48,5,2,0,182.94,Train Station,MasterCard,0,1,2,7,37.69,5323.92,2959,0
588,2024-09-26 07:55:16,7,3,0,407.56,Shopping Mall,Visa,0,1,3,5,26.15,20660.36,744,0
9758,2024-02-13 01:07:39,1,1,0,1731.71,Airport Terminal,Amex,5,1,15,16,2548.79,1816.73,299,1
5078,2024-12-16 22:17:56,22,0,0,185.51,Hotel Lobby,RuPay,0,1,3,6,16.34,38762.65,2252,0
7783,2024-09-24 07:48:30,7,1,0,163.16,Gas Station,Amex,0,1,2,4,22.0,2104.91,1960,0
8324,2024-04-13 13:51:12,13,5,1,122.64,Suburban Branch,Amex,0,1,1,5,10.9,16278.93,108,0
9523,2024-06-14 05:56:49,5,4,0,303.45,Train Station,Amex,2,0,7,28,3009.18,1007.28,158,1
9968,2024-03-31 03:14:42,3,6,1,4917.0,Remote Village,MasterCard,2,0,7,17,2438.7,1478.12,126,1
5484,2024-06-12 20:42:23,20,2,0,170.75,Downtown Branch,Visa,0,1,1,3,47.63,6135.06,2135,0
7747,2024-09-04 23:01:05,23,2,0,460.88,Shopping Mall,Visa,0,1,2,4,19.98,44808.17,1365,0
9281,2024-04-15 12:40:47,12,0,0,218.23,Hotel Lobby,Visa,0,1,1,5,4.44,44138.21,3124,0
5515,2024-07-07 06:36:55,6,6,1,351.82,Shopping Mall,MasterCard,0,1,2,3,24.36,47988.59,2761,0
9528,2024-02-27 21:36:27,21,1,0,180.46,Gas Station,MasterCard,1,0,13,22,4016.97,1960.36,255,1
8872,2024-10-10 02:30:19,2,3,0,28.86,Airport Terminal,Amex,0,1,2,2,9.98,24443.1,2357,0
5554,2024-07-28 06:40:10,6,6,1,467.9,Hospital,RuPay,0,1,3,1,31.19,16568.51,459,0
3558,2024-12-02 12:33:35,12,0,0,128.36,Gas Station,MasterCard,0,1,2,3,2.83,5307.59,1767,0
1396,2024-12-16 09:41:20,9,0,0,236.83,Downtown Branch,Visa,1,1,2,7,5.48,7824.33,3459,0
265,2024-11-26 03:33:52,3,1,0,50.4,University Campus,MasterCard,0,0,1,8,13.43,41434.35,1413,0
3548,2024-04-05 17:06:17,17,4,0,280.36,Airport Terminal,Amex,0,1,1,2,49.84,47446.66,1153,0
6845,2024-03-29 17:53:13,17,4,0,172.11,University Campus,Amex,1,1,3,8,26.19,42349.04,363,0
7629,2024-04-03 00:34:32,0,2,0,292.91,Hotel Lobby,MasterCard,0,0,1,1,45.1,29065.0,2752,0
6789,2024-05-11 17:44:48,17,5,1,272.25,Suburban Branch,MasterCard,0,1,2,3,14.9,49083.89,80,0
3070,2024-06-22 14:30:34,14,5,1,42.39,Suburban Branch,MasterCard,0,1,3,7,45.95,35281.93,1810,0
5026,2024-12-27 02:08:38,2,4,0,176.83,Remote Village,RuPay,1,1,3,8,37.38,17302.56,2517,0
8397,2024-02-11 11:09:01,11,6,1,20.51,Airport Terminal,Visa,0,1,3,4,13.45,2128.93,2101,0
3865,2024-03-04 22:05:38,22,0,0,153.42,Suburban Branch,Amex,0,1,3,8,33.53,49112.73,2779,0
9073,2024-06-19 02:22:04,2,2,0,436.37,Hospital,RuPay,0,1,3,7,34.3,21607.86,2999,0
2401,2024-03-16 12:25:02,12,5,1,249.88,Remote Village,RuPay,0,1,3,7,14.79,15134.57,3199,0
6275,2024-04-19 19:28:39,19,4,0,378.33,University Campus,Amex,0,1,3,2,21.41,37004.77,2746,0
8485,2024-08-26 08:51:24,8,0,0,105.08,University Campus,MasterCard,0,1,3,7,10.4,18782.37,3128,0
3712,2024-04-02 16:00:15,16,1,0,46.0,Shopping Mall,MasterCard,0,1,3,3,24.32,30057.67,3364,0
247,2024-02-07 21:54:45,21,2,0,230.32,Hotel Lobby,MasterCard,0,1,1,2,1.13,17219.59,477,0
1595,2024-10-13 21:58:46,21,6,1,31.0,Remote Village,RuPay,0,1,3,7,20.14,46362.56,517,0
9683,2024-07-28 05:13:59,5,6,1,226.33,University Campus,MasterCard,2,0,8,25,2243.84,254.53,87,1
1530,2024-11-25 00:43:02,0,0,0,182.09,Downtown Branch,Amex,0,1,3,1,43.14,36182.19,372,0
8224,2024-01-10 00:16:59,0,2,0,215.71,Suburban Branch,MasterCard,0,1,2,8,33.33,39757.68,571,0
924,2024-05-15 07:11:23,7,2,0,440.19,Train Station,MasterCard,0,1,2,2,39.44,43099.53,638,0
7554,2024-10-07 07:06:19,7,0,0,438.9,Train Station,MasterCard,0,1,3,8,8.06,36753.63,1387,0
4365,2024-10-27 19:58:06,19,6,1,40.82,Remote Village,MasterCard,0,1,3,6,0.92,34970.26,2224,0
670,2024-04-17 20:39:58,20,2,0,442.13,Hotel Lobby,Visa,1,1,2,5,1.05,48343.58,2511,0
3605,2024-10-16 23:51:34,23,2,0,397.02,Shopping Mall,RuPay,0,1,1,7,6.93,39802.53,88,0
5109,2024-06-21 14:24:12,14,4,0,59.77,Shopping Mall,RuPay,0,1,3,2,17.7,17102.65,593,0
1911,2024-09-11 06:15:29,6,2,0,278.39,Downtown Branch,Visa,1,1,3,4,35.22,7935.99,3384,0
8345,2024-07-08 08:52:34,8,0,0,128.33,Hotel Lobby,RuPay,0,1,1,2,10.05,33157.27,3012,0
5249,2024-03-09 21:54:39,21,5,1,493.26,Gas Station,MasterCard,0,1,1,2,7.12,26543.14,1177,0
7184,2024-04-22 17:43:53,17,0,0,108.65,Hotel Lobby,MasterCard,0,0,2,7,18.71,47361.23,2410,0
3959,2024-04-13 20:57:06,20,5,1,357.02,Remote Village,Amex,0,1,2,8,1.72,33276.2,2086,0
6958,2024-03-28 20:52:33,20,3,0,227.42,Hospital,Amex,0,1,2,5,31.29,41540.09,2162,0
6027,2024-07-15 17:57:53,17,0,0,388.63,Downtown Branch,RuPay,0,1,3,3,28.18,25864.07,3533,0
5644,2024-05-01 06:27:56,6,2,0,203.31,Hospital,MasterCard,0,1,3,4,25.46,7571.5,2783,0
2697,2024-10-06 18:16:53,18,6,1,408.49,University Campus,MasterCard,0,0,1,6,35.68,28638.09,200,0
2592,2024-05-29 00:31:14,0,2,0,473.01,Suburban Branch,Visa,1,1,1,8,13.45,17067.29,3441,0
5907,2024-02-25 09:46:39,9,6,1,292.56,Shopping Mall,Visa,0,1,2,2,10.52,47126.95,3094,0
1782,2024-01-26 00:20:23,0,4,0,54.56,Remote Village,Amex,0,1,1,6,44.03,30868.31,743,0
6510,2024-09-02 13:20:17,13,0,0,326.17,Airport Terminal,MasterCard,0,1,1,5,8.62,1499.03,1304,0
3014,2024-05-20 11:15:51,11,0,0,364.85,Hotel Lobby,RuPay,0,1,2,1,35.37,14187.42,3377,0
7134,2024-12-16 17:17:21,17,0,0,475.24,Hotel Lobby,MasterCard,0,1,3,2,39.87,39672.79,2583,0
2308,2024-06-24 22:19:19,22,0,0,359.08,Shopping Mall,MasterCard,0,1,1,2,25.45,48090.42,3200,0
7277,2024-04-02 06:33:03,6,1,0,150.65,Remote Village,Visa,0,1,3,2,15.96,48298.9,2965,0
3691,2024-04-29 18:02:45,18,0,0,492.25,Suburban Branch,RuPay,0,1,2,8,5.01,41433.09,2093,0
688,2024-02-15 09:02:48,9,3,0,170.37,Train Station,Amex,2,1,2,6,46.31,14217.98,3621,0
6012,2024-07-20 16:25:44,16,5,1,375.73,Gas Station,Amex,0,1,3,2,21.11,24351.28,1765,0
7072,2024-10-28 06:45:47,6,0,0,337.33,Hospital,RuPay,0,1,1,4,26.77,3046.99,3505,0
613,2024-10-03 10:34:13,10,3,0,276.95,Shopping Mall,MasterCard,0,1,3,3,8.06,5934.18,1326,0
7168,2024-01-26 17:57:42,17,4,0,349.33,Downtown Branch,Amex,0,1,3,6,43.69,48982.77,3387,0
9206,2024-11-08 23:56:20,23,4,0,208.97,University Campus,MasterCard,0,1,2,2,40.58,11450.52,1082,0
3201,2024-05-16 14:31:49,14,3,0,20.63,University Campus,MasterCard,1,1,3,5,41.92,15779.88,217,0
2268,2024-05-05 05:40:21,5,6,1,177.33,Train Station,Visa,0,1,1,5,23.51,13802.4,58,0
9782,2024-12-19 12:53:49,12,3,0,280.8,Hospital,RuPay,3,1,13,22,4413.16,4.83,141,1
6630,2024-01-20 12:53:15,12,5,1,44.21,Shopping Mall,MasterCard,0,1,3,6,45.45,21157.03,3619,0
4136,2024-05-18 02:35:58,2,5,1,420.57,Hotel Lobby,Amex,0,1,2,4,1.94,4894.69,2155,0
1899,2024-08-20 08:13:36,8,1,0,92.5,Remote Village,Visa,0,1,3,6,8.91,15985.14,3160,0
9531,2024-10-22 03:13:22,3,1,0,3810.26,Remote Village,MasterCard,2,0,3,13,1419.54,1429.87,327,1
8154,2024-07-04 02:41:28,2,3,0,60.6,Shopping Mall,Amex,1,1,2,7,12.92,46597.92,2252,0
259,2024-12-02 01:05:30,1,0,0,497.1,University Campus,MasterCard,0,1,3,6,43.05,30552.06,1783,0
2925,2024-11-06 10:12:31,10,2,0,245.65,Shopping Mall,MasterCard,0,1,3,4,46.36,29893.57,2630,0
9425,2024-04-26 16:13:02,16,4,0,190.61,Hotel Lobby,MasterCard,0,1,3,7,7.37,40835.35,1248,0
4944,2024-09-22 15:58:17,15,6,1,467.95,Suburban Branch,Amex,0,1,3,7,25.9,28312.14,1157,0
2823,2024-11-16 19:29:27,19,5,1,145.95,Shopping Mall,Visa,1,1,3,1,16.84,20699.61,1796,0
6530,2024-02-20 06:30:58,6,1,0,326.22,Train Station,Visa,0,1,1,8,11.87,19840.72,3418,0
3340,2024-12-20 15:05:23,15,4,0,219.84,Remote Village,Visa,1,1,2,4,39.79,35994.22,2322,0
3526,2024-01-04 00:43:30,0,3,0,355.59,Remote Village,MasterCard,0,1,3,2,47.56,18873.28,1433,0
4564,2024-05-14 22:53:59,22,1,0,254.75,Hotel Lobby,RuPay,0,1,2,7,4.22,1021.97,3634,0
9657,2024-05-04 04:36:30,4,5,1,2466.79,Airport Terminal,RuPay,5,1,9,19,1118.91,660.38,274,1
7909,2024-02-15 18:12:36,18,3,0,127.95,Downtown Branch,Visa,0,1,2,8,34.67,23618.61,942,0
5330,2024-12-28 13:49:43,13,5,1,492.55,Airport Terminal,Visa,0,1,2,2,17.45,20592.1,822,0
5224,2024-09-17 21:22:26,21,1,0,420.05,Gas Station,RuPay,0,1,3,4,41.54,7124.94,2684,0
2286,2024-05-24 06:54:53,6,4,0,64.29,Airport Terminal,Amex,0,1,3,3,14.75,7419.4,1592,0
6064,2024-10-09 17:57:23,17,2,0,91.65,Suburban Branch,MasterCard,0,1,2,1,47.15,49528.73,438,0
4655,2024-04-12 11:09:29,11,4,0,337.98,Hotel Lobby,Amex,0,0,3,1,17.14,30725.25,60,0
5001,2024-04-28 20:54:38,20,6,1,181.68,Gas Station,Visa,0,1,1,1,10.97,27300.42,2080,0
6711,2024-01-20 16:37:56,16,5,1,337.83,Suburban Branch,Amex,0,1,1,4,6.66,39594.69,3463,0
9325,2024-03-18 20:05:01,20,0,0,250.05,Airport Terminal,RuPay,0,1,1,7,48.81,10781.92,2534,0
485,2024-12-22 22:44:43,22,6,1,285.76,Remote Village,MasterCard,0,1,1,8,17.78,7006.57,1533,0
2212,2024-06-01 03:18:05,3,5,1,174.41,Hotel Lobby,MasterCard,0,1,2,5,34.6,35493.77,876,0
5417,2024-02-09 18:36:18,18,4,0,253.04,Downtown Branch,Amex,0,1,2,8,34.6,6194.85,1850,0
7564,2024-11-13 03:55:58,3,2,0,86.03,Hospital,Visa,0,1,3,7,29.25,5218.47,1984,0
2556,2024-01-02 03:52:04,3,1,0,33.59,Train Station,Visa,0,1,3,4,20.08,11427.96,3482,0
8,2024-09-22 21:04:02,21,6,1,175.66,Downtown Branch,Amex,0,1,1,6,20.06,3402.81,2353,0
3658,2024-06-13 01:15:18,1,3,0,422.78,Hotel Lobby,Visa,0,1,2,1,34.32,28221.18,2142,0
6412,2024-02-07 04:40:46,4,2,0,300.86,Airport Terminal,Amex,0,1,1,4,9.43,45714.81,3607,0
9165,2024-06-18 13:41:08,13,1,0,141.81,Hotel Lobby,MasterCard,0,1,3,8,21.55,4812.72,3533,0
4875,2024-02-02 06:36:33,6,4,0,316.34,Hospital,RuPay,1,1,3,4,14.5,37561.53,2125,0
4403,2024-06-10 09:22:39,9,0,0,452.14,Hotel Lobby,RuPay,2,1,2,3,46.61,24251.31,3421,0
8917,2024-01-20 15:58:27,15,5,1,477.95,University Campus,Amex,0,1,3,8,18.85,33342.89,3209,0
5547,2024-05-28 11:34:23,11,1,0,179.78,Hotel Lobby,MasterCard,0,1,2,5,3.55,31996.35,2367,0
5298,2024-05-23 00:14:14,0,3,0,214.74,University Campus,Amex,2,1,2,2,35.95,43127.5,2106,0
2427,2024-01-17 00:25:23,0,2,0,65.24,Downtown Branch,RuPay,0,1,2,3,35.02,19706.68,783,0
6745,2024-10-29 15:10:36,15,1,0,208.22,Airport Terminal,RuPay,0,1,3,2,16.26,26694.9,2540,0
1815,2024-02-20 06:48:05,6,1,0,426.32,Hospital,RuPay,0,1,1,2,14.78,7428.22,916,0
6823,2024-09-20 05:44:36,5,4,0,366.1,Hospital,RuPay,0,1,3,1,40.27,21647.89,1370,0
9626,2024-02-04 03:20:36,3,6,1,1965.64,Remote Village,Visa,4,1,7,28,1942.61,1176.04,77,1
2275,2024-09-04 18:18:42,18,2,0,51.78,Remote Village,Amex,0,1,3,8,6.75,13709.53,656,0
1012,2024-04-16 09:09:20,9,1,0,441.03,Train Station,RuPay,0,0,3,3,13.27,33985.41,1386,0
1578,2024-08-31 03:07:39,3,5,1,451.52,Shopping Mall,RuPay,1,1,1,1,0.33,42625.17,1808,0
7265,2024-02-15 10:38:33,10,3,0,195.17,University Campus,MasterCard,0,1,1,1,27.43,15125.24,62,0
1068,2024-02-12 09:28:38,9,0,0,57.19,Suburban Branch,RuPay,0,1,1,6,28.52,41473.98,2819,0
1992,2024-08-17 21:37:54,21,5,1,172.15,Downtown Branch,Visa,0,1,3,1,20.92,20166.38,2877,0
3971,2024-01-14 11:17:53,11,6,1,230.86,Train Station,MasterCard,0,1,2,8,3.28,35474.57,1207,0
9074,2024-01-25 16:49:42,16,3,0,232.92,Train Station,Visa,0,0,2,6,37.13,3954.5,386,0
5880,2024-02-01 06:58:09,6,3,0,478.71,Shopping Mall,RuPay,0,1,2,7,34.82,25421.4,3644,0
8431,2024-03-25 05:05:28,5,0,0,74.29,Hospital,RuPay,0,1,1,1,36.04,5276.35,1221,0
4543,2024-08-30 20:41:52,20,4,0,305.7,Hospital,MasterCard,0,1,3,2,43.94,1972.53,317,0
9327,2024-12-05 20:11:04,20,3,0,150.41,Hotel Lobby,MasterCard,1,1,3,1,38.72,8627.13,1420,0
7194,2024-09-23 04:56:13,4,0,0,79.3,Hospital,MasterCard,0,1,3,7,36.73,45971.71,1093,0
3868,2024-11-05 17:16:41,17,1,0,111.14,Remote Village,RuPay,0,1,1,2,38.97,26782.99,1330,0
9416,2024-01-01 10:50:39,10,0,0,71.74,Suburban Branch,Amex,0,1,2,4,15.18,26772.25,740,0
6824,2024-01-30 06:36:51,6,1,0,223.25,Train Station,Visa,0,1,3,4,3.6,1599.04,189,0
3049,2024-01-12 09:48:37,9,4,0,394.83,Airport Terminal,Amex,0,1,2,1,27.18,3574.7,1716,0
782,2024-12-07 03:10:04,3,5,1,361.25,Shopping Mall,MasterCard,0,1,1,7,34.72,15965.79,1789,0
6748,2024-01-20 16:48:14,16,5,1,52.38,Remote Village,RuPay,0,0,1,4,34.72,9219.92,3262,0
2676,2024-01-28 22:59:25,22,6,1,422.48,University Campus,RuPay,0,1,1,6,39.73,26396.48,1669,0
1750,2024-11-25 19:46:16,19,0,0,482.43,Suburban Branch,Visa,0,1,1,7,0.73,48891.12,2296,0
6223,2024-10-19 01:25:30,1,5,1,418.37,Hotel Lobby,MasterCard,0,1,2,3,0.37,6467.65,2365,0
7947,2024-05-05 09:08:30,9,6,1,364.06,Hospital,MasterCard,0,0,1,6,20.2,6210.64,2048,0
2792,2024-04-06 12:32:35,12,5,1,414.32,Downtown Branch,RuPay,0,1,1,6,47.36,16280.88,3549,0
6520,2024-02-22 05:38:25,5,3,0,201.43,Remote Village,Visa,0,1,1,1,7.25,37367.0,817,0
5775,2024-05-20 05:11:20,5,0,0,143.76,Downtown Branch,Amex,0,1,1,2,44.2,28502.55,1679,0
6358,2024-02-25 01:00:55,1,6,1,399.34,Gas Station,MasterCard,0,1,2,4,22.31,32477.83,594,0
4980,2024-08-28 11:32:00,11,2,0,371.58,Remote Village,Amex,0,1,1,5,43.69,4421.54,2494,0
7589,2024-12-27 02:15:10,2,4,0,462.32,Airport Terminal,RuPay,0,1,2,4,5.23,18232.94,771,0
1092,2024-03-18 02:50:03,2,0,0,324.69,Suburban Branch,MasterCard,0,1,3,4,0.16,3456.34,2314,0
6527,2024-11-05 18:31:52,18,1,0,48.54,Remote Village,Amex,0,1,2,6,2.8,31891.3,870,0
9608,2024-10-07 13:15:09,13,0,0,270.34,Train Station,Visa,3,0,4,20,4200.86,47.24,145,1
4628,2024-11-14 11:57:34,11,3,0,437.21,University Campus,Visa,0,1,2,8,13.1,9369.67,3042,0
2325,2024-11-26 10:06:14,10,1,0,442.78,Gas Station,Amex,0,1,1,4,46.36,48440.44,3365,0
6535,2024-10-06 06:13:31,6,6,1,185.5,Downtown Branch,MasterCard,0,1,3,1,21.69,1349.28,1732,0
8972,2024-08-11 11:33:17,11,6,1,284.8,Gas Station,MasterCard,0,1,3,1,24.19,26079.73,498,0
5056,2024-12-23 08:32:37,8,0,0,285.82,Hotel Lobby,Visa,0,1,3,6,46.04,35007.63,911,0
2609,2024-05-07 04:58:03,4,1,0,219.18,University Campus,Amex,0,1,1,5,15.2,14134.82,2605,0
9021,2024-08-04 18:05:24,18,6,1,476.83,Gas Station,RuPay,0,1,2,5,25.42,45586.38,2785,0
2291,2024-11-13 21:22:29,21,2,0,441.69,Remote Village,Visa,0,1,2,4,23.14,3408.81,2418,0
1728,2024-12-08 04:24:55,4,6,1,166.68,Airport Terminal,Visa,0,1,3,7,22.03,25307.31,2136,0
611,2024-06-08 21:14:42,21,5,1,297.78,Hotel Lobby,Amex,0,1,3,8,22.9,28405.86,3263,0
4667,2024-09-27 05:37:04,5,4,0,108.24,Remote Village,RuPay,0,1,2,2,3.18,17448.29,3528,0
8052,2024-02-26 07:18:20,7,0,0,207.74,Suburban Branch,Visa,1,1,2,6,49.11,23149.01,45,0
5414,2024-12-14 15:10:06,15,5,1,84.25,Hotel Lobby,Visa,0,1,1,4,48.13,34650.84,1219,0
344,2024-06-12 07:05:18,7,2,0,398.28,Gas Station,Visa,0,1,2,2,23.53,43333.03,2420,0
4684,2024-07-03 22:22:36,22,2,0,448.85,Gas Station,Visa,0,1,2,6,48.44,1437.35,110,0
8785,2024-10-07 00:33:05,0,0,0,283.25,Remote Village,RuPay,2,1,3,5,13.23,11505.0,644,0
3751,2024-02-09 20:10:11,20,4,0,230.76,Hotel Lobby,Visa,0,1,2,3,49.98,22980.11,2362,0
8454,2024-10-17 22:24:53,22,3,0,232.13,Airport Terminal,Amex,1,1,3,2,12.24,18634.95,1424,0
9308,2024-02-25 18:33:38,18,6,1,285.04,Downtown Branch,Visa,0,1,3,6,0.86,32421.45,2273,0
6000,2024-10-02 20:35:49,20,2,0,99.22,Gas Station,RuPay,0,1,2,6,22.48,10530.76,1953,0
3216,2024-06-17 02:32:34,2,0,0,466.25,Gas Station,MasterCard,0,1,1,5,43.88,31047.53,1992,0
98,2024-05-06 21:14:34,21,0,0,378.79,Shopping Mall,RuPay,0,1,2,5,41.52,12922.81,3407,0
7388,2024-11-20 09:43:11,9,2,0,120.04,Downtown Branch,Visa,0,1,1,3,28.45,41288.84,3255,0
7666,2024-03-20 01:41:20,1,2,0,28.05,Shopping Mall,MasterCard,0,1,2,2,27.64,29292.68,1710,0
5177,2024-07-11 07:24:01,7,3,0,412.14,Shopping Mall,Amex,0,1,2,3,23.16,44816.21,2302,0
7280,2024-03-19 02:51:56,2,1,0,388.52,Remote Village,MasterCard,0,1,3,1,5.17,35550.82,1574,0
6166,2024-05-26 18:50:31,18,6,1,64.33,Downtown Branch,Visa,0,1,3,2,28.63,37190.82,3540,0
1538,2024-06-08 07:11:13,7,5,1,309.01,Train Station,Visa,0,1,1,3,6.29,3129.52,3314,0
3589,2024-03-07 04:50:01,4,3,0,101.86,Suburban Branch,Visa,0,1,2,8,39.66,42300.53,240,0
9443,2024-05-18 06:02:04,6,5,1,349.47,Remote Village,Amex,0,1,1,1,23.07,15793.03,1483,0
6986,2024-07-07 00:08:00,0,6,1,420.76,University Campus,RuPay,0,1,1,2,30.03,16026.61,3582,0
3649,2024-08-07 03:51:04,3,2,0,354.54,Hotel Lobby,Amex,2,1,3,4,19.18,861.72,509,0
2658,2024-01-04 13:01:07,13,3,0,462.61,Remote Village,Visa,0,1,2,2,37.68,30808.39,907,0
9827,2024-01-17 04:46:19,4,2,0,360.71,Airport Terminal,Amex,0,1,7,18,2904.04,185.55,318,1
1518,2024-01-01 00:51:57,0,0,0,225.01,Hotel Lobby,Visa,0,1,3,3,1.34,4965.81,2599,0
5062,2024-10-28 20:44:53,20,0,0,439.41,University Campus,Visa,0,1,2,7,21.68,30264.08,1472,0
9350,2024-11-05 22:42:06,22,1,0,475.84,Downtown Branch,RuPay,0,1,1,4,32.46,2041.41,1460,0
4625,2024-08-16 04:06:47,4,4,0,383.22,Downtown Branch,RuPay,2,1,1,6,31.08,47017.63,2037,0
4273,2024-12-30 14:32:19,14,0,0,464.24,Suburban Branch,Visa,1,1,2,2,26.84,48229.66,3557,0
3670,2024-08-01 23:03:10,23,3,0,176.34,Airport Terminal,RuPay,0,1,2,7,2.82,21941.91,1869,0
6567,2024-06-28 22:54:49,22,4,0,37.43,Downtown Branch,RuPay,0,1,1,1,46.52,39895.69,975,0
5801,2024-01-14 19:54:56,19,6,1,354.37,Hotel Lobby,Amex,0,1,2,2,16.71,40484.41,1963,0
2091,2024-06-23 20:27:53,20,6,1,47.73,Remote Village,Visa,0,1,2,6,17.21,8023.38,3513,0
7098,2024-11-04 19:33:17,19,0,0,491.29,Hotel Lobby,MasterCard,0,1,3,6,44.01,41353.29,1847,0
6172,2024-11-05 07:43:59,7,1,0,132.76,Suburban Branch,RuPay,0,1,3,6,47.36,11436.38,3071,0
573,2024-05-28 15:56:43,15,1,0,206.52,Gas Station,RuPay,2,1,2,3,22.03,24636.92,851,0
9559,2024-03-10 14:00:02,14,6,1,260.62,Train Station,Amex,3,1,12,21,4110.73,101.32,237,1
4689,2024-03-12 18:48:02,18,1,0,81.05,Downtown Branch,MasterCard,0,1,3,7,2.1,8180.43,1424,0
9075,2024-06-24 06:48:57,6,0,0,350.22,Gas Station,RuPay,0,1,1,6,5.32,35635.88,3043,0
3063,2024-02-16 07:35:10,7,4,0,56.51,Gas Station,MasterCard,1,1,3,2,48.39,49967.99,3537,0
9294,2024-08-21 08:47:12,8,2,0,480.13,Downtown Branch,Visa,0,1,1,8,7.64,36456.65,3047,0
6471,2024-11-14 09:48:18,9,3,0,239.06,Suburban Branch,MasterCard,0,1,3,2,36.54,25825.64,371,0
7161,2024-02-22 08:44:31,8,3,0,304.39,Shopping Mall,Amex,0,1,3,5,32.76,37574.55,2282,0
6634,2024-07-04 23:44:42,23,3,0,152.13,Shopping Mall,Amex,0,1,2,7,24.28,33946.92,1123,0
8492,2024-10-04 23:05:20,23,4,0,415.03,Gas Station,RuPay,1,1,2,6,20.28,23791.07,2110,0
7926,2024-07-23 11:05:20,11,1,0,89.82,Downtown Branch,Amex,0,1,2,3,9.8,34327.21,2184,0
7346,2024-12-17 07:07:47,7,1,0,275.9,Shopping Mall,Amex,0,1,3,8,2.38,13064.96,255,0
6305,2024-04-12 11:36:59,11,4,0,129.36,Remote Village,RuPay,1,1,2,6,47.65,46618.22,320,0
7901,2024-09-17 05:01:53,5,1,0,124.51,Hospital,Amex,0,1,2,6,13.95,40992.91,1443,0
9440,2024-10-15 06:47:38,6,1,0,495.46,Downtown Branch,MasterCard,0,1,3,5,49.22,20195.53,2857,0
8186,2024-04-19 07:55:54,7,4,0,337.23,Airport Terminal,Visa,0,1,3,3,29.17,44035.73,787,0
4480,2024-09-09 06:16:11,6,0,0,499.89,Hospital,RuPay,1,0,1,4,36.23,19964.16,332,0
4949,2024-01-31 11:59:32,11,2,0,331.03,Gas Station,RuPay,0,1,2,5,46.19,10021.37,46,0
5977,2024-02-11 23:23:46,23,6,1,425.47,Hotel Lobby,Amex,0,1,3,4,13.97,48156.64,2146,0
371,2024-02-07 20:10:43,20,2,0,384.47,Hotel Lobby,Visa,0,1,3,5,27.38,18757.13,465,0
1939,2024-05-02 17:40:45,17,3,0,24.74,Suburban Branch,MasterCard,0,1,1,6,48.24,6001.55,158,0
2353,2024-04-24 23:14:49,23,2,0,291.44,University Campus,Visa,0,1,3,2,20.76,17788.78,949,0
7128,2024-05-08 08:36:25,8,2,0,85.61,Shopping Mall,Amex,1,1,1,7,28.48,5240.81,3640,0
1754,2024-07-17 22:17:58,22,2,0,302.06,Gas Station,Amex,0,1,2,5,45.81,5351.27,2297,0
3671,2024-11-23 02:01:21,2,5,1,237.11,Shopping Mall,MasterCard,0,0,3,3,38.16,43741.14,271,0
7299,2024-12-19 05:47:04,5,3,0,412.72,Gas Station,Amex,1,1,3,4,49.26,9935.94,2977,0
3653,2024-03-04 15:34:55,15,0,0,473.24,Train Station,RuPay,0,1,2,4,49.35,18829.23,1752,0
5202,2024-06-17 00:36:17,0,0,0,179.76,Hotel Lobby,Visa,0,1,2,1,33.63,40861.48,2478,0
7910,2024-10-16 17:25:37,17,2,0,261.37,Suburban Branch,Amex,1,1,2,3,24.66,6756.6,1123,0
2362,2024-02-14 02:43:20,2,2,0,212.65,Remote Village,MasterCard,0,1,3,1,38.07,4157.06,957,0
4261,2024-08-31 22:35:26,22,5,1,316.26,Hospital,Amex,0,1,2,5,23.52,48696.72,1769,0
5433,2024-04-14 18:53:24,18,6,1,132.47,Train Station,Amex,0,1,2,7,5.76,38328.85,896,0
6286,2024-07-09 17:27:00,17,1,0,497.55,University Campus,Amex,0,1,2,7,38.21,48474.95,68,0
4992,2024-03-25 13:22:58,13,0,0,57.26,Shopping Mall,RuPay,0,1,2,8,6.2,25677.54,2005,0
7601,2024-12-02 16:16:20,16,0,0,487.63,Shopping Mall,MasterCard,0,1,1,7,25.64,47750.52,2128,0
9463,2024-04-09 21:07:56,21,1,0,194.78,Downtown Branch,Visa,0,1,2,7,43.7,40651.54,598,0
3738,2024-08-30 12:57:14,12,4,0,442.01,Suburban Branch,Amex,0,1,3,6,33.87,28056.94,1401,0
7521,2024-11-26 23:24:14,23,1,0,357.94,Hospital,RuPay,0,1,2,1,39.57,7019.64,2796,0
8560,2024-05-25 14:36:46,14,5,1,262.94,Gas Station,Amex,0,1,3,7,9.14,11542.13,1860,0
8927,2024-09-04 12:24:48,12,2,0,169.82,Airport Terminal,Visa,0,1,3,6,37.25,491.93,1935,0
9991,2024-04-20 12:14:15,12,5,1,139.28,Shopping Mall,Visa,3,0,14,28,4853.01,-306.4,241,1
5592,2024-09-26 23:04:37,23,3,0,99.42,Train Station,Amex,0,1,1,2,34.61,1078.67,3125,0
1172,2024-10-18 19:26:51,19,4,0,487.21,Train Station,Visa,0,0,2,3,18.92,47446.07,535,0
7371,2024-05-01 05:05:45,5,2,0,326.88,Remote Village,RuPay,0,1,3,8,15.5,6573.49,410,0
7938,2024-06-28 13:20:04,13,4,0,102.21,Shopping Mall,MasterCard,0,1,3,8,17.41,46318.29,1496,0
8087,2024-08-11 00:03:17,0,6,1,301.49,Hospital,Visa,0,1,3,2,21.19,44235.47,1998,0
1423,2024-03-26 19:37:19,19,1,0,136.17,Shopping Mall,RuPay,0,1,2,2,0.16,33590.96,1812,0
6783,2024-08-31 01:42:17,1,5,1,38.61,University Campus,Amex,1,1,2,1,18.18,14765.73,3477,0
9444,2024-07-17 03:15:49,3,2,0,100.85,Hospital,RuPay,0,1,1,2,11.52,27449.06,420,0
8140,2024-01-28 07:57:36,7,6,1,489.03,Hotel Lobby,Amex,1,1,2,3,43.91,45752.24,1038,0
9351,2024-03-08 23:12:04,23,4,0,35.38,Suburban Branch,MasterCard,1,1,2,7,6.43,31709.91,1251,0
8019,2024-12-18 11:25:48,11,2,0,271.7,Shopping Mall,RuPay,0,1,3,3,44.8,31644.14,1217,0
6340,2024-04-26 07:57:24,7,4,0,313.27,Gas Station,RuPay,0,1,1,8,19.43,23434.8,1418,0
9648,2024-11-06 03:24:45,3,2,0,3985.56,Remote Village,Amex,3,1,6,7,3665.14,-304.89,278,1
875,2024-08-22 10:01:38,10,3,0,138.8,Suburban Branch,Amex,0,1,3,7,3.3,32044.86,1516,0
2298,2024-09-13 20:15:22,20,4,0,165.82,Downtown Branch,RuPay,1,1,2,1,21.04,16462.39,2123,0
2644,2024-05-12 12:37:01,12,6,1,93.3,Airport Terminal,RuPay,0,1,3,2,1.15,48587.78,2875,0
7532,2024-05-23 01:29:14,1,3,0,445.74,Train Station,RuPay,0,1,2,3,12.14,14145.38,2832,0
1720,2024-03-20 04:24:04,4,2,0,273.81,Train Station,Visa,0,1,2,6,34.82,36501.86,3578,0
5348,2024-01-31 02:32:20,2,2,0,277.36,Gas Station,RuPay,0,1,1,2,20.01,18832.19,2478,0
5933,2024-07-27 12:25:45,12,5,1,225.83,Downtown Branch,RuPay,0,1,2,2,29.08,44224.55,1029,0
841,2024-01-24 17:05:15,17,2,0,147.72,Remote Village,Amex,1,1,1,2,10.55,39610.15,1568,0
9938,2024-06-11 04:54:19,4,1,0,1805.6,Remote Village,RuPay,4,1,3,9,3125.75,174.58,222,1
582,2024-10-14 19:06:02,19,0,0,298.09,Downtown Branch,MasterCard,1,1,2,1,23.56,45909.15,217,0
205,2024-05-25 21:16:12,21,5,1,58.52,Suburban Branch,MasterCard,1,1,2,2,8.92,26909.2,2196,0
1642,2024-01-02 01:03:17,1,1,0,109.66,Airport Terminal,RuPay,0,1,2,4,33.34,29835.2,3141,0
2015,2024-08-27 15:04:52,15,1,0,30.85,Hospital,RuPay,0,1,2,6,4.72,46155.17,1956,0
3254,2024-06-17 22:09:57,22,0,0,160.21,Hospital,MasterCard,0,1,1,5,23.16,27984.38,3169,0
7541,2024-04-13 16:24:59,16,5,1,331.93,Hotel Lobby,Amex,0,1,3,3,13.2,48562.75,3350,0
906,2024-03-05 19:56:53,19,1,0,307.59,Shopping Mall,RuPay,0,1,3,1,39.72,34720.79,3063,0
632,2024-06-11 01:56:56,1,1,0,241.04,Shopping Mall,RuPay,0,1,2,6,15.58,18192.17,3376,0
8421,2024-03-17 16:51:10,16,6,1,369.97,Hospital,Visa,1,1,2,4,48.75,10984.14,1330,0
7824,2024-08-14 17:22:14,17,2,0,124.26,Downtown Branch,Visa,0,1,2,4,25.39,7471.38,2571,0
1975,2024-08-12 12:29:23,12,0,0,137.97,Train Station,Visa,2,1,1,5,47.26,16894.31,76,0
163,2024-09-16 08:43:04,8,0,0,186.76,Suburban Branch,MasterCard,0,1,2,3,35.59,46373.49,2642,0
4999,2024-03-10 02:28:43,2,6,1,51.6,University Campus,Visa,0,1,3,2,24.63,36093.51,1989,0
1244,2024-11-14 11:12:07,11,3,0,471.8,University Campus,Amex,2,1,3,4,38.8,10013.99,3079,0
9451,2024-10-31 06:58:11,6,3,0,154.32,Hospital,MasterCard,0,1,2,8,40.81,47453.55,3012,0
7765,2024-02-02 15:04:15,15,4,0,336.24,Airport Terminal,MasterCard,0,1,2,6,21.35,42590.83,1895,0
4714,2024-03-03 02:09:41,2,6,1,341.55,Hotel Lobby,MasterCard,1,1,3,4,21.8,801.63,2427,0
876,2024-10-29 04:08:48,4,1,0,151.16,University Campus,Visa,1,1,1,7,48.97,11189.06,460,0
1432,2024-03-05 17:05:34,17,1,0,269.84,Airport Terminal,MasterCard,0,1,3,3,14.41,23565.39,1763,0
8739,2024-12-12 23:35:41,23,3,0,126.32,Train Station,Amex,0,1,3,5,16.04,31260.55,132,0
6869,2024-06-20 14:44:08,14,3,0,210.29,Hospital,Visa,0,1,2,1,19.9,18371.41,48,0
4644,2024-04-07 20:53:37,20,6,1,269.84,Airport Terminal,Visa,1,1,2,1,36.14,17518.84,2708,0
5081,2024-03-16 21:02:44,21,5,1,333.03,Remote Village,Amex,0,1,2,1,39.38,36200.79,1607,0
5784,2024-03-23 10:28:31,10,5,1,370.49,Shopping Mall,RuPay,0,0,3,8,32.07,2786.21,2358,0
9139,2024-02-02 06:28:12,6,4,0,444.82,Hotel Lobby,Visa,0,1,1,1,26.15,23196.25,2567,0
7617,2024-05-17 23:01:08,23,4,0,193.52,Suburban Branch,Amex,0,1,3,4,5.38,10902.77,1119,0
8040,2024-09-05 00:42:45,0,3,0,222.13,Shopping Mall,Amex,0,1,2,7,21.97,10808.31,43,0
7956,2024-04-09 09:31:17,9,1,0,281.73,University Campus,RuPay,0,1,2,5,41.83,35343.13,2826,0
9438,2024-09-18 23:53:19,23,2,0,298.2,Remote Village,Amex,0,1,1,3,26.08,14804.94,229,0
2857,2024-05-20 01:12:53,1,0,0,253.28,University Campus,Visa,0,1,1,5,33.07,23824.26,3470,0
1862,2024-11-06 12:15:40,12,2,0,462.4,Downtown Branch,RuPay,0,1,2,8,19.78,15528.42,2755,0
2660,2024-04-29 15:08:17,15,0,0,55.24,Airport Terminal,MasterCard,0,1,3,1,47.85,11744.59,1834,0
3385,2024-12-25 10:54:27,10,2,0,153.07,Remote Village,RuPay,0,1,1,2,39.11,14822.75,462,0
9565,2024-03-31 17:16:06,17,6,1,264.33,Suburban Branch,Visa,3,1,8,30,4994.19,-409.66,324,1
9777,2024-08-07 01:21:08,1,2,0,301.64,Gas Station,RuPay,0,1,4,7,1967.94,684.17,315,1
8091,2024-11-23 08:10:48,8,5,1,293.38,Hospital,MasterCard,1,1,3,7,46.75,8338.29,3559,0
8348,2024-03-17 07:53:01,7,6,1,74.4,Airport Terminal,Visa,0,1,3,3,3.58,8031.0,31,0
7463,2024-08-24 19:43:55,19,5,1,136.35,University Campus,Visa,0,1,1,1,20.4,8868.64,2927,0
6887,2024-09-10 09:46:11,9,1,0,440.96,Hospital,RuPay,0,1,1,7,31.4,1474.01,1450,0
4734,2024-09-23 12:36:54,12,0,0,69.99,Train Station,Amex,0,1,3,5,9.86,34025.45,665,0
3332,2024-06-01 06:19:03,6,5,1,192.64,Shopping Mall,Amex,0,1,3,2,16.44,21611.61,3138,0
9007,2024-02-02 08:59:56,8,4,0,242.94,Train Station,RuPay,1,1,2,3,39.42,12167.73,172,0
8636,2024-05-11 18:31:16,18,5,1,404.66,Gas Station,RuPay,0,1,1,6,13.61,13232.61,3350,0
6405,2024-03-15 08:24:39,8,4,0,460.99,Gas Station,Visa,0,1,3,6,26.37,16596.24,2293,0
8347,2024-01-24 18:54:41,18,2,0,445.61,Hospital,RuPay,0,1,2,6,47.95,3119.78,178,0
9465,2024-04-23 14:25:48,14,1,0,167.2,Gas Station,MasterCard,0,1,3,7,40.86,7809.04,149,0
7061,2024-05-13 23:50:24,23,0,0,448.96,Airport Terminal,RuPay,2,1,1,7,27.77,47651.77,1146,0
2097,2024-02-07 03:34:21,3,2,0,498.5,Shopping Mall,Visa,1,1,2,8,41.44,3121.45,2267,0
2004,2024-03-20 11:48:45,11,2,0,108.0,Train Station,MasterCard,0,1,1,3,14.48,13324.23,2872,0
8805,2024-07-09 10:10:04,10,1,0,112.95,Hotel Lobby,Visa,0,1,3,7,3.6,13297.21,653,0
9733,2024-07-31 18:56:41,18,2,0,173.9,Downtown Branch,Amex,1,1,9,7,1051.3,1477.1,195,1
4677,2024-07-20 14:55:07,14,5,1,341.63,Train Station,Visa,0,1,1,8,26.43,31643.4,1173,0
5018,2024-06-21 02:23:12,2,4,0,341.93,Remote Village,RuPay,0,1,3,2,49.16,2365.81,2700,0
7470,2024-03-24 21:54:00,21,6,1,309.31,Shopping Mall,Amex,0,1,1,8,41.55,14078.39,2805,0
547,2024-10-14 03:24:01,3,0,0,466.81,Train Station,MasterCard,0,1,3,8,16.27,4972.93,1853,0
1450,2024-12-21 18:24:10,18,5,1,121.1,Shopping Mall,RuPay,2,1,2,8,39.35,11032.81,708,0
3987,2024-03-26 02:55:21,2,1,0,242.96,Hospital,MasterCard,2,1,1,6,44.21,40362.34,991,0
6901,2024-01-12 11:47:40,11,4,0,400.82,Suburban Branch,Amex,0,1,3,5,33.55,47958.99,2010,0
2611,2024-06-19 18:42:54,18,2,0,346.22,Downtown Branch,Amex,0,1,1,2,44.3,15142.51,3578,0
1901,2024-01-09 08:03:32,8,1,0,193.14,Shopping Mall,RuPay,0,1,1,7,33.96,34286.45,1097,0
3921,2024-12-20 17:36:21,17,4,0,44.98,Hospital,Amex,0,1,1,8,0.36,8945.84,2700,0
2758,2024-02-01 22:48:11,22,3,0,367.12,Gas Station,MasterCard,0,1,2,2,19.92,26538.38,2567,0
6125,2024-06-10 02:17:13,2,0,0,371.37,Hospital,MasterCard,0,1,3,4,16.4,31838.51,1962,0
6398,2024-01-10 00:42:14,0,2,0,338.79,Shopping Mall,RuPay,0,1,3,6,2.98,3882.98,712,0
1886,2024-03-18 06:32:16,6,0,0,116.5,Shopping Mall,Visa,0,1,1,1,6.81,6808.66,1673,0
9824,2024-07-17 02:09:54,2,2,0,2476.95,Airport Terminal,Visa,3,1,10,9,1057.2,840.56,60,1
5739,2024-08-28 09:44:59,9,2,0,423.88,Shopping Mall,MasterCard,0,1,2,2,31.94,5406.16,30,0
8668,2024-11-12 22:47:02,22,1,0,445.12,Hospital,Amex,0,0,1,3,49.35,8294.51,1370,0
5891,2024-10-29 18:22:34,18,1,0,492.87,Suburban Branch,RuPay,0,1,1,6,8.0,11440.64,350,0
2098,2024-12-03 05:37:22,5,1,0,54.3,Downtown Branch,Visa,0,1,1,7,46.19,22337.85,3218,0
9290,2024-03-02 16:38:28,16,5,1,70.3,Airport Terminal,Visa,0,1,2,4,39.11,30235.55,2854,0
5693,2024-03-23 04:14:53,4,5,1,42.72,Airport Terminal,Amex,0,1,3,3,42.25,16318.07,516,0
500,2024-01-16 10:31:09,10,1,0,138.75,Hotel Lobby,Amex,0,1,3,3,0.92,34247.14,1485,0
5625,2024-03-18 15:12:56,15,0,0,420.47,Downtown Branch,Amex,0,1,3,5,8.35,22273.67,3007,0
837,2024-03-06 09:35:22,9,2,0,411.87,Airport Terminal,MasterCard,0,1,2,7,32.73,36678.81,728,0
3472,2024-10-02 23:11:11,23,2,0,444.91,Gas Station,Visa,0,1,3,3,16.35,34157.58,218,0
4698,2024-01-31 13:15:17,13,2,0,399.21,Train Station,Amex,0,1,1,3,28.07,12764.52,2477,0
6281,2024-10-21 06:51:59,6,0,0,98.28,University Campus,RuPay,0,1,3,8,20.61,47133.97,1912,0
8884,2024-04-18 04:29:01,4,3,0,360.25,Hospital,Amex,1,1,3,6,22.46,39697.7,1261,0
2172,2024-06-25 10:01:29,10,1,0,96.48,Shopping Mall,Amex,0,1,2,3,32.56,38542.67,3441,0
9232,2024-09-10 02:51:37,2,1,0,166.47,Gas Station,Visa,1,1,2,3,36.73,35968.88,1228,0
5679,2024-09-30 00:18:39,0,0,0,214.2,Downtown Branch,RuPay,0,1,3,7,3.83,14498.67,1524,0
9185,2024-04-06 03:40:55,3,5,1,137.08,Hotel Lobby,RuPay,0,1,1,4,43.68,22123.87,3476,0
399,2024-02-17 20:38:05,20,5,1,40.05,Hospital,Amex,0,1,1,5,10.5,37097.38,3003,0
2011,2024-05-02 19:19:19,19,3,0,437.67,Gas Station,Visa,0,1,1,8,5.55,8442.48,3338,0
5167,2024-10-01 05:53:24,5,1,0,269.64,Gas Station,RuPay,2,1,1,7,4.32,18950.47,902,0
5872,2024-08-15 03:25:51,3,3,0,61.41,Train Station,MasterCard,0,1,1,2,7.88,41347.78,2254,0
9793,2024-06-22 12:53:11,12,5,1,235.46,Downtown Branch,MasterCard,1,0,14,13,945.83,1088.72,359,1
1284,2024-11-29 17:48:10,17,4,0,53.31,Remote Village,MasterCard,0,1,3,4,48.79,4938.59,2828,0
8391,2024-06-21 21:30:11,21,4,0,388.96,University Campus,MasterCard,0,1,1,3,2.51,20091.76,342,0
2449,2024-04-19 10:52:00,10,4,0,234.74,Train Station,RuPay,0,1,1,2,48.1,30449.1,663,0
4257,2024-05-14 06:52:19,6,1,0,223.99,Suburban Branch,Visa,1,1,3,8,39.23,8316.92,612,0
1837,2024-10-25 17:49:50,17,4,0,460.87,Suburban Branch,MasterCard,0,1,3,2,24.72,8307.47,173,0
9597,2024-06-05 20:31:20,20,2,0,139.25,Hotel Lobby,Amex,2,1,4,8,456.25,1942.65,96,1
1020,2024-09-22 09:00:54,9,6,1,388.48,Hospital,RuPay,0,1,2,5,4.28,28376.59,2603,0
5067,2024-07-03 09:39:19,9,2,0,110.08,Remote Village,Visa,0,1,2,3,37.41,11410.46,2571,0
1327,2024-01-16 17:04:29,17,1,0,150.96,Train Station,Visa,2,1,2,1,6.53,48914.61,2586,0
8753,2024-10-21 12:00:35,12,0,0,276.39,Hospital,Amex,0,1,3,2,0.47,45981.86,1599,0
476,2024-01-18 00:02:01,0,3,0,420.89,Downtown Branch,RuPay,0,1,2,4,4.94,28593.51,3455,0
2811,2024-09-16 17:59:48,17,0,0,311.66,Hospital,RuPay,0,1,2,4,46.31,4561.3,229,0
8633,2024-12-19 13:22:01,13,3,0,240.91,Suburban Branch,Amex,0,1,3,3,37.89,1553.56,2532,0
1652,2024-02-15 00:34:56,0,3,0,74.1,Shopping Mall,Amex,0,1,1,2,30.88,1692.68,587,0
9612,2024-02-17 04:45:51,4,5,1,1663.11,Airport Terminal,Amex,2,0,8,17,4634.72,1219.69,104,1
1170,2024-04-09 07:13:39,7,1,0,213.41,Remote Village,Amex,0,0,3,8,28.07,17330.43,880,0
2529,2024-02-12 19:07:48,19,0,0,364.8,Downtown Branch,MasterCard,0,1,3,5,9.7,4345.54,3515,0
1207,2024-01-08 13:33:47,13,0,0,412.9,Gas Station,MasterCard,0,1,2,1,16.09,39566.91,1364,0
6257,2024-01-31 16:05:33,16,2,0,300.29,Gas Station,Amex,0,1,3,6,47.16,12629.52,3616,0
7927,2024-12-06 06:00:36,6,4,0,78.61,Airport Terminal,RuPay,0,1,1,3,16.56,49833.58,1828,0
5470,2024-09-26 09:04:01,9,3,0,76.27,Airport Terminal,Visa,0,1,1,2,4.49,6549.05,3333,0
9384,2024-05-17 09:15:44,9,4,0,132.35,Hotel Lobby,Amex,0,1,2,1,22.77,4035.79,2783,0
432,2024-12-22 23:21:16,23,6,1,63.28,Suburban Branch,MasterCard,0,1,2,6,48.16,13897.74,2513,0
7701,2024-07-25 01:22:52,1,3,0,214.19,Gas Station,Visa,0,1,1,6,34.24,45125.36,3318,0
868,2024-08-03 10:22:53,10,5,1,234.67,Downtown Branch,Visa,0,1,1,3,4.39,12912.35,3114,0
2975,2024-05-09 06:35:08,6,3,0,338.47,Remote Village,Amex,0,1,2,4,25.8,1458.05,657,0
5237,2024-11-21 11:49:57,11,3,0,216.73,Airport Terminal,Visa,0,1,3,6,28.33,30742.72,1926,0
5094,2024-08-29 19:43:12,19,3,0,233.7,Hotel Lobby,RuPay,0,1,1,6,49.76,10172.21,800,0
5434,2024-05-05 06:34:28,6,6,1,146.69,Shopping Mall,Visa,0,1,3,2,41.8,22130.38,3465,0
542,2024-02-06 02:02:29,2,1,0,410.17,Train Station,Amex,1,1,2,8,23.53,47377.67,618,0
5196,2024-11-08 05:51:11,5,4,0,475.14,Hotel Lobby,Visa,0,1,2,3,17.26,21109.39,1461,0
1133,2024-01-26 05:25:24,5,4,0,112.61,Shopping Mall,RuPay,0,1,1,3,22.17,13848.72,843,0
9838,2024-11-15 02:15:24,2,4,0,4377.22,Remote Village,Amex,4,1,8,16,1938.8,-440.95,92,1
4502,2024-01-22 06:18:23,6,0,0,81.85,Airport Terminal,Visa,1,1,2,7,23.49,36229.28,1756,0
6355,2024-11-29 05:23:18,5,4,0,213.1,Shopping Mall,Visa,0,1,1,1,41.42,12992.1,2025,0
9334,2024-02-14 16:55:42,16,2,0,109.35,Suburban Branch,Visa,0,1,2,8,26.36,5730.37,2612,0
3391,2024-10-20 02:53:53,2,6,1,122.62,Gas Station,MasterCard,0,1,1,2,40.14,22171.29,2466,0
3889,2024-02-09 06:46:00,6,4,0,202.89,Hospital,Amex,0,1,1,6,21.96,5673.96,3577,0
2963,2024-04-13 02:56:59,2,5,1,178.74,Remote Village,MasterCard,0,1,1,3,12.92,38266.15,1329,0
4156,2024-03-22 06:32:56,6,4,0,498.47,Airport Terminal,RuPay,0,1,1,2,31.86,39727.99,777,0
3260,2024-11-22 03:20:14,3,4,0,86.77,Shopping Mall,MasterCard,0,1,3,3,13.31,28053.23,592,0
6303,2024-01-13 21:43:17,21,5,1,88.17,Hospital,Visa,0,1,3,6,44.04,11740.1,518,0
6035,2024-03-14 00:58:30,0,3,0,34.08,Gas Station,Amex,0,1,3,4,44.06,46628.47,3088,0
7919,2024-01-13 22:43:32,22,5,1,485.85,Train Station,Visa,0,1,3,1,12.94,35396.46,1689,0
9937,2024-06-22 04:21:23,4,5,1,875.25,Airport Terminal,Visa,2,1,3,26,4705.54,1629.93,248,1
2584,2024-04-29 23:25:47,23,0,0,257.6,Suburban Branch,MasterCard,0,1,1,4,23.37,16063.96,3433,0
2814,2024-08-17 20:55:57,20,5,1,395.73,Airport Terminal,MasterCard,0,1,3,8,33.66,729.5,453,0
3960,2024-03-01 16:13:53,16,4,0,421.33,University Campus,Visa,0,1,3,8,39.85,16056.52,1070,0
2948,2024-12-07 19:17:15,19,5,1,103.62,Gas Station,Amex,0,1,3,6,11.91,18716.72,2838,0
6644,2024-12-26 12:00:04,12,3,0,319.53,Hospital,Amex,0,1,3,2,48.48,37085.62,1541,0
5175,2024-10-24 10:44:25,10,3,0,377.86,Hotel Lobby,Visa,0,1,3,7,25.47,25561.41,90,0
6842,2024-08-27 09:10:18,9,1,0,432.8,Suburban Branch,Amex,0,1,1,7,7.19,34093.09,74,0
8299,2024-01-03 16:39:43,16,2,0,161.51,Remote Village,RuPay,0,1,1,2,2.23,25676.26,833,0
3587,2024-10-23 14:59:29,14,2,0,370.35,Downtown Branch,Amex,0,1,3,7,46.06,46334.16,3198,0
9229,2024-07-02 22:13:09,22,1,0,390.46,Suburban Branch,MasterCard,2,1,3,6,46.24,36523.65,306,0
7989,2024-03-13 19:18:56,19,2,0,74.56,Train Station,MasterCard,0,1,3,3,10.99,41816.81,590,0
2564,2024-11-17 23:41:01,23,6,1,65.18,Hotel Lobby,RuPay,0,1,2,3,37.24,37689.39,453,0
2631,2024-06-09 15:12:57,15,6,1,168.85,Train Station,Visa,1,1,1,4,4.51,10257.43,1531,0
3191,2024-07-16 06:41:00,6,1,0,183.36,Suburban Branch,Amex,0,1,3,7,37.72,1843.18,3127,0
7779,2024-06-02 02:49:22,2,6,1,290.6,Suburban Branch,Amex,0,1,2,5,41.79,43823.9,2789,0
7646,2024-04-29 21:36:56,21,0,0,143.92,Suburban Branch,Amex,0,1,3,1,39.9,7807.21,2812,0
5037,2024-08-16 01:38:04,1,4,0,457.84,Hotel Lobby,RuPay,0,1,3,7,29.89,35448.11,83,0
1081,2024-09-28 21:31:57,21,5,1,84.61,Remote Village,Amex,0,1,3,2,7.61,488.41,2459,0
4284,2024-08-14 10:04:34,10,2,0,69.57,Shopping Mall,MasterCard,0,1,1,4,21.39,12091.72,1055,0
9712,2024-06-29 02:20:51,2,5,1,1676.26,Remote Village,MasterCard,2,0,6,25,1276.19,931.17,192,1
7086,2024-09-08 16:49:32,16,6,1,46.87,Suburban Branch,Visa,0,1,1,6,42.52,3598.88,55,0
2086,2024-09-10 11:37:46,11,1,0,448.34,Shopping Mall,RuPay,0,1,1,4,47.15,10491.47,2276,0
6346,2024-01-05 21:27:30,21,4,0,399.04,Suburban Branch,RuPay,0,1,1,2,28.74,18895.86,1201,0
2453,2024-12-01 20:52:11,20,6,1,33.48,Suburban Branch,Amex,1,1,1,5,17.83,27002.01,2438,0
4967,2024-11-24 09:09:18,9,6,1,324.66,Hotel Lobby,Amex,0,1,3,5,21.39,15833.64,2933,0
2024,2024-03-06 07:28:54,7,2,0,51.64,Train Station,Visa,0,1,3,3,43.31,18028.05,1376,0
8072,2024-07-21 07:14:19,7,6,1,442.92,Suburban Branch,Amex,0,1,2,3,46.57,7793.63,708,0
8988,2024-01-15 05:33:57,5,0,0,432.37,Shopping Mall,Amex,0,1,3,1,7.52,27953.94,2582,0
8719,2024-01-10 20:24:06,20,2,0,389.86,Airport Terminal,MasterCard,0,1,3,1,0.45,30962.22,247,0
7322,2024-05-05 09:43:05,9,6,1,194.92,Gas Station,MasterCard,0,1,3,8,33.41,45765.95,573,0
227,2024-03-30 05:34:44,5,5,1,121.48,Remote Village,Visa,1,1,1,2,34.22,14090.61,2254,0
1014,2024-08-08 01:40:35,1,3,0,484.71,Gas Station,MasterCard,0,1,1,8,46.36,7441.84,2819,0
6680,2024-10-13 14:48:55,14,6,1,298.2,University Campus,Amex,0,1,3,8,2.1,23556.51,341,0
1930,2024-08-23 14:50:33,14,4,0,233.41,Train Station,MasterCard,0,1,3,2,17.62,29711.7,2403,0
1044,2024-05-31 15:02:16,15,4,0,357.57,Shopping Mall,Amex,0,0,1,4,42.66,46597.27,2078,0
5252,2024-01-31 09:29:33,9,2,0,120.9,Downtown Branch,RuPay,0,1,1,7,33.46,8341.99,971,0
1405,2024-02-26 17:51:58,17,0,0,340.2,Shopping Mall,MasterCard,1,1,1,8,25.67,49369.35,2348,0
2180,2024-04-07 01:28:31,1,6,1,312.82,Train Station,Amex,0,1,2,4,18.77,6734.58,3162,0
698,2024-02-16 20:05:31,20,4,0,163.3,Gas Station,MasterCard,0,1,3,3,17.95,4895.96,1535,0
1125,2024-07-09 08:00:09,8,1,0,353.65,Airport Terminal,RuPay,0,1,2,6,8.9,43320.31,3533,0
7379,2024-10-14 06:33:25,6,0,0,312.68,Train Station,Amex,0,1,3,2,40.85,16583.3,151,0
3896,2024-04-08 18:09:33,18,0,0,305.57,Hospital,MasterCard,0,1,3,4,40.53,40417.92,1849,0
8218,2024-08-17 18:11:49,18,5,1,157.32,Shopping Mall,Amex,0,1,2,2,46.31,33042.3,1900,0
5111,2024-09-19 11:54:02,11,3,0,299.97,Remote Village,Amex,0,1,3,7,25.44,48913.09,2486,0
1779,2024-02-08 19:04:14,19,3,0,387.19,Shopping Mall,Amex,0,1,3,1,46.54,35444.02,2446,0
7787,2024-11-10 23:11:07,23,6,1,198.16,Downtown Branch,Visa,0,1,3,7,46.87,48209.78,209,0
2635,2024-08-03 03:39:34,3,5,1,490.02,Suburban Branch,MasterCard,0,1,1,7,23.04,37919.13,758,0
7188,2024-11-04 08:23:00,8,0,0,200.91,Suburban Branch,Amex,0,1,3,2,47.73,11873.61,480,0
7545,2024-12-08 20:12:34,20,6,1,260.26,Train Station,MasterCard,0,1,1,1,43.26,18497.09,2192,0
7605,2024-09-14 06:26:55,6,5,1,293.92,Airport Terminal,MasterCard,0,1,1,6,30.42,35042.07,2106,0
3490,2024-07-14 19:55:05,19,6,1,106.85,Train Station,Visa,0,1,1,2,41.57,30190.76,2502,0
8260,2024-09-24 00:52:35,0,1,0,337.2,Airport Terminal,MasterCard,0,1,2,3,7.91,31098.13,2162,0
1038,2024-08-25 15:21:18,15,6,1,140.23,Airport Terminal,RuPay,0,1,2,1,46.18,16125.84,2891,0
6094,2024-01-17 20:14:18,20,2,0,372.26,Gas Station,RuPay,0,1,3,1,27.83,48399.5,390,0
2257,2024-11-23 01:04:01,1,5,1,498.68,Gas Station,Amex,0,1,3,7,1.72,37030.63,1320,0
8189,2024-03-11 05:36:46,5,0,0,377.65,Shopping Mall,MasterCard,0,1,3,2,39.17,16829.47,574,0
2614,2024-08-26 04:08:38,4,0,0,150.86,University Campus,RuPay,0,1,3,6,6.92,17771.67,809,0
314,2024-11-17 21:02:27,21,6,1,250.15,University Campus,Visa,1,1,1,1,14.75,16003.97,458,0
2650,2024-12-20 12:33:20,12,4,0,425.74,Remote Village,MasterCard,0,1,1,5,40.25,27869.4,530,0
2282,2024-07-18 10:01:47,10,3,0,451.69,Suburban Branch,Amex,0,1,1,1,25.04,37755.27,558,0
6742,2024-06-19 11:04:08,11,2,0,265.4,Remote Village,Amex,0,1,1,7,39.95,36117.51,911,0
2980,2024-01-27 04:16:02,4,5,1,277.71,Shopping Mall,Visa,0,1,2,6,20.92,43092.71,3305,0
2548,2024-06-25 03:06:30,3,1,0,225.34,Train Station,RuPay,0,1,3,2,34.4,33818.91,2079,0
5513,2024-06-20 00:22:22,0,3,0,393.54,Hotel Lobby,Visa,0,1,1,1,36.83,49595.33,3089,0
5133,2024-03-10 22:23:00,22,6,1,388.95,Airport Terminal,Visa,0,1,1,2,16.17,12082.3,131,0
2160,2024-01-23 18:57:44,18,1,0,145.93,Hospital,RuPay,1,1,1,7,34.14,22194.82,1697,0
7081,2024-01-11 22:14:14,22,3,0,332.33,Suburban Branch,RuPay,1,1,1,7,30.84,18061.46,3186,0
3138,2024-12-07 00:49:55,0,5,1,308.27,Downtown Branch,Visa,0,1,2,8,6.95,49022.46,1671,0
9080,2024-06-03 01:24:30,1,0,0,93.48,Hospital,Amex,0,1,1,6,3.61,49910.65,2610,0
5851,2024-12-20 04:09:33,4,4,0,187.93,Remote Village,Amex,0,1,1,8,27.6,47738.33,1528,0
9866,2024-06-16 00:19:36,0,6,1,456.83,Downtown Branch,MasterCard,1,0,12,10,3601.6,1963.23,232,1
6446,2024-02-17 01:44:05,1,5,1,345.66,Airport Terminal,MasterCard,1,1,3,2,12.38,49107.14,2182,0
3968,2024-01-01 21:31:22,21,0,0,415.79,University Campus,Visa,0,1,2,7,6.16,8825.67,1916,0
1429,2024-12-19 02:14:48,2,3,0,223.59,Hotel Lobby,MasterCard,0,1,2,5,23.93,8510.23,3526,0
8423,2024-02-18 10:32:58,10,6,1,309.16,Gas Station,MasterCard,0,1,3,3,11.93,26686.21,652,0
2521,2024-05-29 14:59:17,14,2,0,65.82,Airport Terminal,MasterCard,0,1,2,6,48.17,35985.18,3153,0
7838,2024-10-31 01:39:16,1,3,0,292.14,Shopping Mall,RuPay,0,1,1,1,36.65,28996.46,2315,0
4970,2024-03-21 18:40:41,18,3,0,168.96,Hotel Lobby,RuPay,0,1,3,7,16.16,20964.33,2334,0
1856,2024-02-22 19:11:41,19,3,0,369.9,Gas Station,RuPay,0,1,1,4,37.59,21556.82,2570,0
8885,2024-03-04 13:21:35,13,0,0,268.8,Shopping Mall,RuPay,1,1,1,4,43.14,48098.89,2594,0
5603,2024-05-14 02:25:44,2,1,0,344.41,Remote Village,Amex,1,1,3,1,32.01,35651.41,3115,0
9345,2024-11-15 04:17:50,4,4,0,348.27,Gas Station,RuPay,0,1,1,7,48.3,33540.74,386,0
9869,2024-06-19 14:56:06,14,2,0,210.04,Hotel Lobby,MasterCard,3,1,6,20,4091.41,1787.27,36,1
449,2024-10-30 01:00:28,1,2,0,156.61,Suburban Branch,RuPay,0,1,3,8,44.48,19115.44,1203,0
7704,2024-10-19 09:10:27,9,5,1,315.91,Airport Terminal,Visa,0,1,1,7,22.15,30808.32,2639,0
1285,2024-08-20 21:46:47,21,1,0,199.6,Train Station,Visa,0,1,1,3,40.72,22310.81,2578,0
5996,2024-12-07 08:36:49,8,5,1,120.58,Hospital,Visa,0,1,2,7,42.57,28426.1,1051,0
7900,2024-08-16 00:58:44,0,4,0,143.17,Shopping Mall,Amex,0,1,2,1,1.52,2041.54,3182,0
3728,2024-02-06 02:44:58,2,1,0,60.36,Remote Village,RuPay,0,1,3,5,22.76,16519.25,3009,0
7354,2024-02-08 08:26:12,8,3,0,410.51,Suburban Branch,RuPay,0,1,2,8,4.3,48086.2,3049,0
362,2024-02-13 21:45:48,21,1,0,83.61,Shopping Mall,RuPay,0,1,3,8,40.11,33951.82,772,0
6280,2024-06-18 00:46:32,0,1,0,221.01,Remote Village,RuPay,0,1,3,1,46.57,45169.93,2069,0
5231,2024-06-20 09:23:38,9,3,0,164.28,University Campus,Visa,1,1,3,2,47.7,49883.24,821,0
8943,2024-05-02 14:04:56,14,3,0,317.4,Train Station,Visa,1,1,3,3,14.6,41480.5,2863,0
7296,2024-05-05 10:10:37,10,6,1,264.08,Downtown Branch,MasterCard,0,1,2,1,39.28,14880.01,1568,0
8892,2024-07-10 10:42:32,10,2,0,114.77,Downtown Branch,RuPay,0,1,2,8,30.35,36958.74,391,0
7535,2024-06-23 01:19:48,1,6,1,401.75,Downtown Branch,Amex,0,1,2,1,12.32,22781.68,3448,0
6252,2024-10-01 08:50:46,8,1,0,230.66,Train Station,Visa,0,0,2,7,15.06,38814.13,2803,0
5927,2024-03-30 07:37:43,7,5,1,463.51,Airport Terminal,RuPay,2,1,3,5,7.09,42303.88,3050,0
5150,2024-11-28 17:15:52,17,3,0,309.4,Suburban Branch,Visa,0,1,2,8,17.73,47548.96,1733,0
2461,2024-02-16 22:35:43,22,4,0,441.83,Shopping Mall,Visa,0,1,3,8,32.62,46084.93,842,0
23,2024-01-01 20:05:22,20,0,0,492.95,Train Station,Visa,0,1,3,8,7.74,14905.72,269,0
2067,2024-12-15 09:32:05,9,6,1,453.41,Gas Station,Visa,0,1,3,6,39.22,23329.55,2080,0
1654,2024-05-10 23:59:12,23,4,0,120.03,Shopping Mall,Amex,0,1,3,5,38.83,5271.12,3160,0
703,2024-05-18 01:06:19,1,5,1,142.33,Suburban Branch,Visa,0,1,3,8,8.98,9192.19,1639,0
8491,2024-11-11 13:17:06,13,0,0,371.05,Downtown Branch,MasterCard,0,1,1,3,3.42,21459.03,662,0
2744,2024-02-26 01:06:50,1,0,0,200.6,Remote Village,RuPay,0,1,3,8,3.49,39287.7,255,0
1377,2024-09-12 00:02:56,0,3,0,50.24,Gas Station,Amex,0,1,3,8,10.13,13437.49,2779,0
1725,2024-07-09 00:28:07,0,1,0,101.47,Suburban Branch,Visa,0,1,3,3,40.98,44897.19,1478,0
2469,2024-02-02 02:02:13,2,4,0,455.78,Airport Terminal,MasterCard,0,1,2,3,20.95,1633.43,163,0
3755,2024-12-12 03:47:52,3,3,0,265.94,Downtown Branch,Amex,2,1,2,1,19.54,45411.56,1341,0
2326,2024-01-01 23:06:59,23,0,0,486.95,Hotel Lobby,Amex,0,1,3,4,41.59,39111.59,1140,0
461,2024-06-09 08:32:35,8,6,1,110.24,Shopping Mall,RuPay,0,1,3,8,30.89,13679.49,2580,0
5164,2024-08-15 04:42:24,4,3,0,77.43,Airport Terminal,RuPay,0,1,3,2,37.74,3865.57,2622,0
4184,2024-10-28 09:07:05,9,0,0,440.09,Suburban Branch,MasterCard,0,1,2,2,31.75,41623.69,640,0
5527,2024-06-23 12:17:58,12,6,1,292.86,Gas Station,MasterCard,0,1,1,7,6.03,23671.98,2525,0
4083,2024-07-29 08:53:38,8,0,0,432.63,University Campus,RuPay,1,1,1,3,39.03,12249.12,3559,0
1487,2024-01-15 03:04:52,3,0,0,237.4,Hotel Lobby,Visa,0,1,3,6,32.44,20835.13,3460,0
3679,2024-07-11 00:33:55,0,3,0,496.73,Downtown Branch,MasterCard,0,1,3,1,48.53,27275.35,2094,0
283,2024-03-02 02:14:07,2,5,1,142.46,Remote Village,Visa,0,1,1,4,37.04,228.17,3547,0
6580,2024-06-21 14:49:19,14,4,0,468.74,Remote Village,RuPay,0,0,1,6,17.48,31026.65,2812,0
4559,2024-12-12 20:36:16,20,3,0,105.13,Suburban Branch,Visa,0,1,3,7,1.79,9971.76,2418,0
4309,2024-11-05 19:41:02,19,1,0,237.01,Downtown Branch,Visa,1,1,1,6,32.03,35324.3,1699,0
6685,2024-10-21 16:06:22,16,0,0,232.21,Suburban Branch,RuPay,0,1,2,2,14.33,45549.31,3003,0
4866,2024-03-29 02:35:46,2,4,0,433.27,Airport Terminal,RuPay,1,1,1,3,9.6,9765.36,3525,0
3538,2024-05-20 04:53:39,4,0,0,400.13,Suburban Branch,Amex,0,1,1,1,33.24,1470.69,1350,0
3869,2024-07-31 15:09:27,15,2,0,136.32,Downtown Branch,MasterCard,0,1,1,8,43.25,26082.6,1396,0
7004,2024-07-09 19:29:14,19,1,0,448.97,Downtown Branch,MasterCard,0,1,3,8,47.39,13255.88,2063,0
2582,2024-09-26 04:24:51,4,3,0,154.17,Hotel Lobby,Visa,0,1,3,5,21.96,17616.76,402,0
1369,2024-01-22 02:44:32,2,0,0,330.96,Gas Station,Amex,0,1,1,5,0.62,41496.4,3554,0
9470,2024-01-02 18:06:14,18,1,0,262.47,Remote Village,Visa,0,1,3,8,16.48,13368.35,926,0
8198,2024-05-14 11:40:21,11,1,0,281.66,Train Station,Visa,0,1,3,3,29.33,6578.95,1987,0
598,2024-08-17 17:56:00,17,5,1,247.27,Downtown Branch,MasterCard,0,1,3,4,12.39,21769.01,940,0
4352,2024-11-25 06:28:36,6,0,0,56.6,Suburban Branch,MasterCard,0,1,2,3,26.63,45864.44,3265,0
6347,2024-10-19 08:57:45,8,5,1,198.86,Airport Terminal,MasterCard,1,1,1,3,17.64,7763.59,1219,0
8977,2024-03-01 01:55:54,1,4,0,392.73,Hospital,Visa,0,1,2,2,23.63,24987.29,3148,0
6380,2024-11-09 01:40:02,1,5,1,70.35,Hotel Lobby,Visa,1,1,1,2,23.06,49777.72,1103,0
4759,2024-06-06 09:10:01,9,3,0,104.78,Airport Terminal,Amex,0,1,1,7,18.55,10687.86,2638,0
647,2024-10-13 12:46:44,12,6,1,45.37,Downtown Branch,Visa,0,0,2,6,7.64,31136.14,424,0
6382,2024-10-13 10:21:14,10,6,1,432.08,Airport Terminal,MasterCard,0,1,1,4,34.48,29511.28,564,0
7528,2024-10-15 00:31:11,0,1,0,467.45,Shopping Mall,Visa,0,1,3,6,26.88,613.14,135,0
9698,2024-04-20 01:27:47,1,5,1,1282.43,Remote Village,Visa,4,1,3,18,1265.33,1614.17,203,1
6024,2024-03-19 20:29:24,20,1,0,232.25,Downtown Branch,RuPay,0,1,3,6,9.96,35814.75,560,0
7955,2024-11-16 05:10:09,5,5,1,493.32,Gas Station,MasterCard,0,0,3,8,30.93,20482.15,2162,0
7166,2024-08-07 11:07:44,11,2,0,427.87,Downtown Branch,Amex,0,1,2,4,48.3,21204.79,2401,0
3469,2024-09-27 12:07:33,12,4,0,158.98,Hospital,Amex,0,1,1,5,9.64,30469.78,1066,0
7798,2024-10-18 15:47:32,15,4,0,153.68,Airport Terminal,RuPay,0,1,3,4,37.53,25208.2,2546,0
7698,2024-05-27 01:39:29,1,0,0,58.07,Suburban Branch,Amex,0,1,1,5,2.07,6475.29,2361,0
2991,2024-07-05 13:04:50,13,4,0,136.5,Shopping Mall,RuPay,1,1,3,3,42.94,42583.34,1885,0
9408,2024-08-05 14:40:18,14,0,0,150.48,Train Station,Amex,0,1,3,8,47.89,14364.7,1937,0
4876,2024-12-20 09:24:43,9,4,0,473.84,Hospital,Amex,0,1,2,7,42.29,11804.13,2348,0
2545,2024-07-03 00:58:02,0,2,0,458.4,Hospital,Amex,0,1,3,6,43.57,1476.47,2709,0
8596,2024-02-01 23:54:00,23,3,0,228.08,University Campus,MasterCard,1,1,3,4,5.08,23247.5,3078,0
5342,2024-01-02 00:13:54,0,1,0,444.22,University Campus,MasterCard,0,1,1,4,45.57,49641.17,2580,0
1568,2024-10-24 17:29:43,17,3,0,319.75,Gas Station,Amex,0,1,3,8,4.48,26158.4,624,0
9995,2024-07-09 12:01:05,12,1,0,250.74,Downtown Branch,RuPay,1,0,12,6,3381.4,1481.19,237,1
4067,2024-08-30 09:19:27,9,4,0,487.0,Shopping Mall,Visa,0,1,2,1,26.5,3123.2,1449,0
3989,2024-03-23 18:50:10,18,5,1,387.46,Airport Terminal,Amex,0,1,1,7,34.85,49945.09,2447,0
7032,2024-08-31 19:45:33,19,5,1,206.99,Hospital,RuPay,0,1,1,5,34.25,21693.31,782,0
2161,2024-03-20 23:25:56,23,2,0,109.67,Airport Terminal,MasterCard,0,1,1,1,23.73,47180.92,2406,0
686,2024-01-03 01:58:04,1,2,0,141.76,Gas Station,MasterCard,0,0,3,6,6.61,44622.07,198,0
7603,2024-04-16 12:57:35,12,1,0,51.64,Shopping Mall,MasterCard,0,1,3,2,24.15,2655.14,635,0
7785,2024-10-10 17:41:21,17,3,0,306.25,Suburban Branch,RuPay,0,1,3,8,46.89,25793.25,336,0
3244,2024-03-20 01:06:19,1,2,0,199.05,Train Station,Amex,2,1,2,7,25.45,28068.49,3234,0
5845,2024-04-24 10:05:48,10,2,0,434.08,Airport Terminal,RuPay,0,1,1,5,17.97,40008.99,3357,0
9220,2024-03-14 05:54:05,5,3,0,93.31,Hospital,Visa,0,1,2,3,19.24,1597.31,1309,0
2462,2024-10-30 00:17:47,0,2,0,309.22,Airport Terminal,Amex,0,1,1,3,35.82,14005.04,822,0
4084,2024-07-18 09:32:09,9,3,0,254.32,Downtown Branch,Visa,1,1,1,6,43.65,18043.38,3327,0
2838,2024-10-01 23:12:53,23,1,0,129.8,Remote Village,RuPay,0,1,1,7,48.17,3633.34,3443,0
3698,2024-01-24 17:08:57,17,2,0,362.4,Hospital,Amex,0,1,2,7,8.95,37611.71,618,0
7129,2024-10-21 16:09:48,16,0,0,252.79,Gas Station,Visa,0,1,3,1,12.54,13284.08,2382,0
6268,2024-03-22 19:26:48,19,4,0,183.3,Shopping Mall,RuPay,1,1,1,7,40.6,18490.51,1973,0
4942,2024-09-13 16:22:53,16,4,0,276.1,Train Station,RuPay,0,1,1,8,24.07,5234.67,940,0
5947,2024-07-10 16:36:35,16,2,0,37.87,University Campus,Visa,0,1,2,4,38.27,22851.37,1534,0
4584,2024-01-18 19:06:29,19,3,0,413.97,Downtown Branch,Amex,0,1,1,8,25.42,22417.16,3581,0
5785,2024-10-11 06:21:16,6,4,0,385.58,University Campus,MasterCard,0,1,1,1,12.64,4610.98,2764,0
4041,2024-08-04 13:26:10,13,6,1,344.32,Hotel Lobby,RuPay,0,1,3,5,44.33,26542.07,1258,0
2231,2024-10-22 23:11:05,23,1,0,178.48,Shopping Mall,Visa,2,1,3,6,7.47,24716.84,2057,0
7570,2024-05-03 05:39:44,5,4,0,338.19,Shopping Mall,MasterCard,0,1,3,1,17.98,33131.83,596,0
936,2024-11-17 06:33:47,6,6,1,202.63,Hotel Lobby,Amex,0,1,1,5,5.42,3982.65,2500,0
2321,2024-08-26 13:23:40,13,0,0,54.64,Gas Station,MasterCard,0,1,2,2,13.72,1442.4,702,0
4879,2024-12-12 13:53:36,13,3,0,189.1,University Campus,RuPay,0,1,2,5,31.68,22471.82,3165,0
522,2024-02-06 03:59:59,3,1,0,388.89,Hospital,Amex,0,1,2,2,14.64,6813.83,2875,0
523,2024-05-07 20:26:45,20,1,0,272.99,University Campus,Amex,0,1,1,2,24.18,34463.85,3258,0
5346,2024-10-06 10:31:07,10,6,1,85.9,Hotel Lobby,Visa,0,1,3,1,38.57,35965.33,2864,0
9877,2024-09-22 00:07:19,0,6,1,373.37,Downtown Branch,Amex,1,1,4,14,1504.34,-265.59,13,1
3360,2024-11-27 11:12:57,11,2,0,180.88,Airport Terminal,RuPay,0,1,2,3,7.03,13114.66,1749,0
1312,2024-12-09 03:57:07,3,0,0,220.51,Train Station,MasterCard,0,1,2,6,16.89,33302.13,575,0
3984,2024-12-08 15:55:46,15,6,1,492.18,University Campus,Visa,0,1,2,3,42.7,45869.25,2290,0
6495,2024-07-14 07:10:23,7,6,1,441.06,University Campus,RuPay,0,1,1,7,1.66,4363.88,2748,0
9561,2024-06-28 03:46:09,3,4,0,4205.75,Airport Terminal,RuPay,2,0,14,20,835.59,754.43,313,1
1717,2024-07-26 03:43:52,3,4,0,402.5,Downtown Branch,RuPay,0,1,3,1,5.42,29481.62,1652,0
781,2024-12-29 13:12:57,13,6,1,120.91,Hotel Lobby,RuPay,0,1,3,3,47.06,48857.38,2582,0
8799,2024-06-14 19:16:35,19,4,0,46.12,Suburban Branch,Amex,0,1,3,2,17.49,35554.49,2955,0
8232,2024-03-14 17:32:09,17,3,0,364.16,Airport Terminal,MasterCard,0,1,2,1,46.9,30046.73,1962,0
5608,2024-10-10 04:56:06,4,3,0,109.33,University Campus,Visa,0,1,2,7,8.43,43672.09,792,0
5979,2024-02-05 02:14:46,2,0,0,413.2,University Campus,Visa,0,1,2,5,28.55,7724.28,102,0
652,2024-01-24 20:30:46,20,2,0,33.51,Hotel Lobby,Visa,0,1,3,1,38.26,31295.13,1588,0
3748,2024-01-01 18:51:03,18,0,0,388.57,Gas Station,Amex,0,1,3,1,12.86,48154.34,676,0
2197,2024-12-07 12:06:20,12,5,1,22.07,Hotel Lobby,RuPay,0,1,1,8,30.78,20511.1,2185,0
8419,2024-01-01 17:04:49,17,0,0,343.87,University Campus,Visa,0,1,1,6,6.67,25134.92,244,0
370,2024-11-16 12:27:21,12,5,1,46.05,Train Station,Visa,0,1,3,8,35.83,18228.4,1883,0
9885,2024-03-13 03:33:28,3,2,0,244.55,Shopping Mall,MasterCard,2,1,13,22,593.16,-55.61,242,1
8006,2024-10-21 18:14:05,18,0,0,279.94,Downtown Branch,Visa,0,0,1,6,42.39,49724.95,3293,0
4215,2024-08-26 02:30:34,2,0,0,448.31,Suburban Branch,MasterCard,0,1,2,3,18.27,17430.22,1835,0
378,2024-03-19 00:25:19,0,1,0,120.66,Hotel Lobby,Visa,0,1,1,3,25.19,34746.17,1350,0
9447,2024-07-02 20:10:51,20,1,0,156.15,Remote Village,MasterCard,0,0,3,5,37.5,43001.0,1515,0
2217,2024-04-03 13:59:32,13,2,0,109.51,Remote Village,MasterCard,0,1,1,5,49.71,39956.15,2783,0
8683,2024-11-01 03:41:02,3,4,0,477.53,Shopping Mall,RuPay,0,1,1,8,21.02,12096.78,3098,0
1614,2024-08-05 10:57:31,10,0,0,361.1,Downtown Branch,Amex,0,1,2,5,47.81,47483.9,2318,0
6980,2024-08-01 18:20:33,18,3,0,463.6,Hospital,RuPay,0,1,1,2,14.65,49148.79,3445,0
7550,2024-03-04 07:25:18,7,0,0,77.57,Downtown Branch,RuPay,0,1,1,3,13.53,24212.56,1272,0
1828,2024-06-10 08:19:53,8,0,0,411.96,Hotel Lobby,RuPay,0,1,1,1,22.64,20691.2,2724,0
3633,2024-03-21 09:33:15,9,3,0,379.11,University Campus,MasterCard,0,1,2,2,5.8,25791.12,3113,0
963,2024-09-09 06:56:24,6,0,0,27.88,Airport Terminal,Visa,1,1,3,2,31.68,25217.74,3330,0
2994,2024-11-02 06:50:16,6,5,1,142.2,Shopping Mall,MasterCard,0,1,2,5,45.41,26108.26,3005,0
6607,2024-08-03 05:03:38,5,5,1,422.64,Train Station,Visa,0,1,3,2,41.23,25060.85,1175,0
9673,2024-01-08 02:38:24,2,0,0,2807.8,Airport Terminal,RuPay,5,0,7,21,4856.61,1120.2,200,1
2377,2024-07-31 18:29:43,18,2,0,141.57,Shopping Mall,MasterCard,0,0,1,8,36.98,44681.72,38,0
8881,2024-04-26 08:51:10,8,4,0,114.11,Suburban Branch,Amex,1,1,1,1,30.64,48414.61,3012,0
360,2024-01-04 18:09:09,18,3,0,428.96,Shopping Mall,Amex,0,1,2,5,43.92,4738.27,3368,0
3840,2024-02-12 06:45:48,6,0,0,20.72,Suburban Branch,Amex,1,1,2,8,29.73,40205.41,1094,0
8185,2024-04-11 17:14:03,17,3,0,367.15,Train Station,RuPay,0,1,2,5,6.03,30089.47,2218,0
1247,2024-04-18 03:04:31,3,3,0,43.48,Hospital,Amex,1,1,3,7,44.69,23453.41,587,0
7505,2024-11-08 07:29:01,7,4,0,251.54,Shopping Mall,Amex,0,1,1,7,25.38,29379.36,2525,0
8350,2024-07-18 01:51:05,1,3,0,382.3,Hospital,Visa,0,1,3,4,34.61,48426.21,3024,0
6512,2024-04-11 11:21:28,11,3,0,207.1,Downtown Branch,Amex,1,1,1,7,33.24,36590.97,1977,0
5088,2024-04-24 22:43:00,22,2,0,89.63,Hospital,MasterCard,0,1,3,1,30.5,31145.42,1907,0
3695,2024-01-07 09:17:24,9,6,1,428.93,Downtown Branch,Visa,0,1,1,7,48.37,7697.22,3181,0
1574,2024-02-25 07:47:19,7,6,1,453.08,Hospital,MasterCard,0,1,3,3,20.31,38178.95,2260,0
6282,2024-06-08 17:03:00,17,5,1,189.26,Train Station,Visa,0,1,2,5,1.4,7905.44,1647,0
5440,2024-12-25 14:39:32,14,2,0,97.79,Shopping Mall,Amex,0,1,3,2,47.92,15320.52,3600,0
2568,2024-01-30 20:35:23,20,1,0,245.7,Hotel Lobby,MasterCard,1,1,1,1,15.52,30142.36,260,0
3424,2024-09-27 15:39:18,15,4,0,270.52,Remote Village,Amex,1,1,2,6,10.83,24886.25,1509,0
2038,2024-02-03 20:40:08,20,5,1,96.55,Suburban Branch,Visa,0,1,3,6,5.36,5898.15,1744,0
9244,2024-03-22 18:16:03,18,4,0,391.98,University Campus,Amex,0,1,3,8,27.63,10260.97,2666,0
773,2024-08-14 16:09:38,16,2,0,444.91,Shopping Mall,MasterCard,0,1,3,6,14.55,48516.53,2150,0
5381,2024-04-01 08:14:55,8,0,0,96.28,Gas Station,Visa,0,0,3,6,4.01,25740.67,2591,0
9569,2024-04-19 03:44:30,3,4,0,4655.81,Remote Village,MasterCard,2,0,7,22,4918.58,752.12,197,1
3563,2024-09-02 08:35:00,8,0,0,286.02,Shopping Mall,Visa,0,1,2,7,11.88,5572.07,1533,0
563,2024-05-23 14:28:35,14,3,0,407.76,University Campus,MasterCard,0,1,3,1,17.14,4311.63,624,0
6684,2024-03-12 04:29:05,4,1,0,360.85,Hotel Lobby,RuPay,0,1,2,8,32.28,38802.91,675,0
2547,2024-04-10 19:06:14,19,2,0,468.68,Train Station,MasterCard,0,1,2,6,16.92,41152.86,2487,0
5511,2024-08-12 18:48:30,18,0,0,52.35,Gas Station,RuPay,0,1,2,1,23.38,19053.13,2538,0
5331,2024-09-25 01:38:12,1,2,0,114.27,Suburban Branch,Amex,0,1,2,7,16.64,2819.78,1236,0
9668,2024-04-30 01:44:13,1,1,0,1928.11,Airport Terminal,Amex,2,0,6,23,4175.84,208.85,29,1
4532,2024-05-14 04:52:54,4,1,0,469.87,Downtown Branch,Visa,0,1,1,5,35.97,46573.47,1972,0
1675,2024-08-15 09:51:27,9,3,0,133.26,Suburban Branch,Visa,0,1,3,5,28.71,15820.84,2764,0
7396,2024-09-20 17:47:00,17,4,0,287.85,Airport Terminal,Amex,0,1,3,6,2.62,40508.74,1032,0
366,2024-01-05 12:32:16,12,4,0,328.83,Train Station,Amex,0,1,1,2,37.57,16099.63,1385,0
8017,2024-01-14 02:08:11,2,6,1,201.03,Train Station,MasterCard,0,1,1,5,7.62,38531.07,2133,0
9377,2024-01-19 23:54:21,23,4,0,451.86,Shopping Mall,MasterCard,0,1,3,5,37.56,35259.19,610,0
4328,2024-05-26 11:26:52,11,6,1,368.45,Airport Terminal,MasterCard,0,1,2,1,14.42,14527.39,110,0
9984,2024-08-23 01:53:24,1,4,0,1741.24,Airport Terminal,RuPay,3,0,13,12,2482.61,1684.17,94,1
148,2024-02-13 04:20:11,4,1,0,392.56,Airport Terminal,Visa,0,1,2,8,3.14,41850.72,2077,0
1669,2024-05-08 23:45:45,23,2,0,58.26,Gas Station,MasterCard,0,1,3,5,24.6,10054.78,1670,0
3089,2024-08-26 07:15:06,7,0,0,456.89,Suburban Branch,MasterCard,0,1,3,4,4.02,18677.49,1004,0
8845,2024-09-05 18:28:28,18,3,0,72.92,Suburban Branch,Visa,0,1,3,2,3.54,26652.57,531,0
7651,2024-10-09 05:28:45,5,2,0,285.09,Remote Village,RuPay,0,1,1,5,18.81,45999.27,1195,0
408,2024-02-21 23:51:49,23,2,0,243.06,Hospital,MasterCard,0,1,1,4,42.4,40346.35,2545,0
9585,2024-03-18 01:43:25,1,0,0,3884.3,Remote Village,Amex,2,0,3,8,3078.24,800.23,156,1
7789,2024-04-30 11:16:15,11,1,0,83.04,Gas Station,Visa,0,1,2,5,22.86,8615.77,2095,0
3457,2024-02-17 15:23:41,15,5,1,170.74,Downtown Branch,Visa,0,1,1,4,43.06,7016.75,2880,0
6187,2024-09-23 13:37:44,13,0,0,390.8,Shopping Mall,MasterCard,0,1,2,6,12.78,7330.6,3422,0
4183,2024-11-21 09:23:43,9,3,0,66.89,Hotel Lobby,MasterCard,0,1,2,4,41.82,39546.96,1348,0
3577,2024-01-06 09:00:09,9,5,1,327.99,Train Station,Amex,0,1,3,7,3.39,48989.8,2400,0
3272,2024-10-13 02:20:30,2,6,1,415.27,Hotel Lobby,Amex,0,1,3,2,26.44,17543.63,3464,0
4941,2024-09-18 11:45:25,11,2,0,393.8,Hospital,RuPay,1,1,1,1,32.21,30857.67,2280,0
1032,2024-01-17 13:21:25,13,2,0,455.89,Shopping Mall,MasterCard,0,1,3,8,13.85,49089.51,1495,0
8873,2024-06-29 22:28:21,22,5,1,464.26,Hospital,RuPay,0,1,2,4,3.38,23478.91,3212,0
6231,2024-08-05 14:58:59,14,0,0,478.36,Hotel Lobby,Visa,0,1,3,4,8.76,49926.73,3144,0
6593,2024-05-22 01:33:55,1,2,0,158.4,Hotel Lobby,Amex,0,1,2,5,15.99,39687.76,1221,0
8907,2024-06-11 21:36:25,21,1,0,413.08,Gas Station,Visa,0,1,2,3,13.45,44363.74,2906,0
9812,2024-02-03 01:55:16,1,5,1,3827.35,Remote Village,Amex,3,0,14,20,2140.81,1023.99,143,1
6725,2024-10-29 15:54:53,15,1,0,370.52,Hotel Lobby,Visa,0,1,2,2,42.23,8379.34,807,0
8030,2024-10-23 05:14:07,5,2,0,188.0,Suburban Branch,RuPay,1,1,1,8,46.82,12598.18,469,0
8053,2024-11-15 14:45:59,14,4,0,335.44,Remote Village,Visa,0,1,1,5,48.45,30033.83,1254,0
856,2024-04-16 04:45:44,4,1,0,498.49,Train Station,Amex,0,1,1,8,14.57,48328.14,270,0
3927,2024-07-04 15:39:50,15,3,0,424.29,Hotel Lobby,Visa,0,1,2,6,27.21,27029.16,1508,0
8548,2024-04-11 06:12:43,6,3,0,164.86,Train Station,Amex,1,1,3,3,21.63,17970.8,1325,0
79,2024-06-25 15:17:05,15,1,0,62.27,Airport Terminal,Visa,0,0,2,1,32.88,27175.42,1722,0
7089,2024-05-31 10:55:59,10,4,0,33.53,University Campus,RuPay,0,1,2,8,33.96,25623.6,511,0
2248,2024-06-18 11:42:21,11,1,0,292.83,Airport Terminal,Amex,0,1,1,2,1.47,35859.39,1641,0
8264,2024-07-31 07:46:59,7,2,0,77.01,Hospital,Visa,0,1,1,8,5.61,47045.92,1365,0
4027,2024-03-12 08:37:09,8,1,0,21.55,Hotel Lobby,RuPay,1,1,3,6,47.6,39039.31,2839,0
9950,2024-10-25 16:19:30,16,4,0,205.5,Hotel Lobby,MasterCard,1,1,14,30,1793.76,1124.86,71,1
9572,2024-11-03 04:15:20,4,6,1,1826.93,Airport Terminal,Amex,4,0,15,19,4136.6,1732.7,198,1
9296,2024-05-08 20:26:09,20,2,0,113.22,Airport Terminal,Visa,0,1,2,2,33.77,47042.39,873,0
715,2024-06-10 21:25:36,21,0,0,419.88,Hotel Lobby,RuPay,0,1,1,4,14.12,37487.79,2762,0
7452,2024-01-18 14:56:03,14,3,0,422.0,University Campus,RuPay,0,1,2,3,29.06,31286.95,862,0
789,2024-11-08 10:31:30,10,4,0,258.82,Downtown Branch,Amex,0,1,1,5,32.27,18018.74,367,0
2280,2024-05-08 23:36:56,23,2,0,269.88,Downtown Branch,RuPay,0,1,2,3,2.04,4908.82,3077,0
4096,2024-12-06 16:28:29,16,4,0,274.69,Suburban Branch,Visa,0,1,3,2,41.09,5181.24,120,0
3898,2024-04-19 06:04:23,6,4,0,336.75,Hospital,MasterCard,0,1,2,1,39.84,21822.99,537,0
7945,2024-10-12 22:08:10,22,5,1,292.82,Shopping Mall,Amex,0,1,3,4,39.44,5304.46,627,0
7178,2024-06-30 14:56:44,14,6,1,76.07,Hospital,MasterCard,0,1,2,6,22.74,9659.33,2934,0
9077,2024-09-16 09:52:12,9,0,0,319.65,Gas Station,Amex,0,1,3,4,46.24,41407.59,2673,0
9453,2024-04-26 09:36:45,9,4,0,470.3,Gas Station,MasterCard,0,1,3,5,39.67,30992.18,3642,0
3632,2024-07-01 01:17:15,1,0,0,117.55,Shopping Mall,RuPay,0,1,3,3,35.47,15299.84,2875,0
8625,2024-07-23 22:04:20,22,1,0,209.19,Remote Village,Visa,0,1,3,6,1.2,39556.87,568,0
7298,2024-05-20 12:03:27,12,0,0,135.18,Gas Station,MasterCard,0,1,3,6,49.79,32752.25,2708,0
6273,2024-07-11 20:59:01,20,3,0,307.28,Train Station,RuPay,0,1,1,8,36.84,11246.98,1042,0
425,2024-08-07 07:06:29,7,2,0,195.51,Hospital,Amex,0,1,2,8,8.94,27998.78,2011,0
393,2024-12-01 21:55:34,21,6,1,348.99,University Campus,MasterCard,0,1,3,7,32.33,46993.58,3089,0
3192,2024-09-18 13:56:36,13,2,0,310.38,Hotel Lobby,RuPay,0,1,2,5,41.46,47449.74,826,0
17,2024-03-28 06:19:51,6,3,0,50.73,Suburban Branch,Visa,0,1,1,1,3.55,31592.04,967,0
6336,2024-09-24 03:31:57,3,1,0,171.63,Suburban Branch,RuPay,2,1,2,3,32.53,45142.15,2124,0
4201,2024-04-29 17:34:14,17,0,0,432.86,Hospital,MasterCard,0,1,2,2,5.14,37986.08,2835,0
2673,2024-10-21 14:40:23,14,0,0,373.48,Shopping Mall,MasterCard,0,1,2,3,6.31,14110.14,2247,0
2445,2024-07-03 13:07:26,13,2,0,185.59,Downtown Branch,Visa,1,1,1,4,47.58,36714.04,2393,0
6698,2024-12-24 02:39:56,2,1,0,82.09,Hospital,Visa,0,1,2,3,17.0,1772.42,76,0
6165,2024-01-03 23:15:54,23,2,0,184.93,Airport Terminal,RuPay,0,1,2,7,8.26,14178.16,1179,0
2602,2024-05-05 21:48:39,21,6,1,384.55,Hotel Lobby,Amex,0,1,2,4,24.22,15612.25,585,0
3494,2024-04-07 13:13:09,13,6,1,440.75,Gas Station,Visa,0,1,1,7,29.41,12718.84,670,0
6045,2024-04-20 20:01:04,20,5,1,91.07,Hospital,RuPay,0,1,3,8,8.64,13926.21,3140,0
1460,2024-05-08 05:08:38,5,2,0,67.99,Airport Terminal,RuPay,2,0,3,1,41.07,9693.18,726,0
3805,2024-10-17 14:52:16,14,3,0,230.35,Hotel Lobby,RuPay,0,0,1,2,30.94,23085.25,2054,0
9846,2024-09-17 01:59:27,1,1,0,2549.22,Remote Village,RuPay,3,1,12,17,2150.98,96.2,178,1
7395,2024-06-03 22:59:18,22,0,0,447.36,Hospital,Amex,0,1,2,7,28.44,4212.81,1742,0
4840,2024-07-16 13:44:51,13,1,0,471.44,Gas Station,Amex,1,1,3,5,36.76,22014.98,1470,0
8112,2024-08-13 17:41:49,17,1,0,38.59,Hotel Lobby,Visa,0,0,3,3,7.59,11546.91,3260,0
3836,2024-02-10 08:08:23,8,5,1,199.79,Hotel Lobby,Amex,1,1,3,7,15.02,47166.72,1711,0
9314,2024-08-27 10:26:27,10,1,0,334.43,Shopping Mall,MasterCard,0,1,2,6,44.82,7353.27,593,0
5684,2024-11-07 01:04:37,1,3,0,36.62,Gas Station,MasterCard,0,1,1,4,15.35,47019.22,1055,0
8749,2024-03-30 15:55:22,15,5,1,67.36,Hotel Lobby,Amex,0,1,2,2,40.99,41929.05,180,0
5828,2024-06-05 23:24:08,23,2,0,29.64,Shopping Mall,RuPay,0,1,2,6,1.35,18383.81,2906,0
9749,2024-01-12 01:06:14,1,4,0,373.81,University Campus,MasterCard,1,0,5,23,2209.29,273.82,49,1
4725,2024-08-21 21:47:03,21,2,0,144.32,University Campus,Amex,0,1,3,8,8.97,44792.98,447,0
8760,2024-01-12 15:09:18,15,4,0,458.43,Suburban Branch,MasterCard,1,1,2,8,9.8,37086.52,1927,0
5888,2024-06-01 06:21:49,6,5,1,183.04,Downtown Branch,Amex,0,0,2,3,18.92,23851.53,168,0
2356,2024-08-03 02:37:59,2,5,1,453.84,Shopping Mall,RuPay,0,1,2,4,5.89,48962.69,1199,0
6037,2024-07-20 08:14:58,8,5,1,197.01,Remote Village,MasterCard,0,1,2,5,20.81,22023.18,2269,0
4799,2024-07-30 00:49:56,0,1,0,225.64,Train Station,RuPay,0,1,3,6,44.93,16230.59,2064,0
2443,2024-12-22 05:10:27,5,6,1,221.27,Downtown Branch,Visa,0,1,1,3,13.08,18542.6,3581,0
8646,2024-01-14 13:03:23,13,6,1,76.31,Gas Station,Amex,0,1,3,7,18.51,28170.6,486,0
4593,2024-12-30 15:10:25,15,0,0,498.77,Gas Station,MasterCard,0,1,1,8,13.63,43915.85,3223,0
8773,2024-11-30 03:14:48,3,5,1,295.53,Hospital,MasterCard,0,1,1,4,35.74,12072.93,318,0
465,2024-11-13 09:19:43,9,2,0,203.16,University Campus,Visa,0,1,2,4,36.88,1772.16,1917,0
164,2024-11-04 05:47:11,5,0,0,193.52,University Campus,RuPay,0,1,1,8,1.31,27745.67,1541,0
9262,2024-03-25 23:55:21,23,0,0,303.42,Hospital,Amex,2,1,3,6,44.72,8972.7,829,0
9434,2024-10-28 12:46:47,12,0,0,406.1,Shopping Mall,RuPay,0,1,1,4,45.23,26312.01,794,0
8406,2024-11-07 00:11:05,0,3,0,152.05,Remote Village,Amex,0,1,1,5,48.5,33328.6,1835,0
9778,2024-08-03 14:05:09,14,5,1,227.57,Remote Village,Visa,1,1,5,30,2123.05,219.28,173,1
9479,2024-04-19 00:28:07,0,4,0,26.46,Suburban Branch,Visa,1,1,3,1,17.41,40487.9,2084,0
7381,2024-08-15 03:14:11,3,3,0,137.38,Downtown Branch,Amex,0,1,3,6,3.15,40502.43,924,0
6637,2024-02-09 05:21:30,5,4,0,155.21,Remote Village,MasterCard,0,1,1,2,36.35,46490.99,291,0
242,2024-10-04 18:29:10,18,4,0,223.1,Train Station,RuPay,0,0,2,7,26.72,46182.44,3592,0
2010,2024-08-07 22:57:58,22,2,0,39.8,Airport Terminal,Amex,0,1,2,3,9.28,1345.09,3403,0
6357,2024-12-15 23:47:41,23,6,1,233.22,Suburban Branch,Visa,0,1,1,5,21.15,10342.24,367,0
3085,2024-10-19 08:03:18,8,5,1,468.92,Train Station,RuPay,0,1,3,7,27.02,44692.91,2702,0
6209,2024-07-02 12:09:23,12,1,0,483.3,Gas Station,MasterCard,0,1,1,5,41.7,48945.18,1861,0
901,2024-05-09 19:44:07,19,3,0,166.09,Downtown Branch,Amex,0,1,1,6,18.03,40520.76,3073,0
5543,2024-02-27 16:13:10,16,1,0,134.11,Train Station,RuPay,0,1,3,1,47.99,16035.12,359,0
6008,2024-10-01 06:04:30,6,1,0,406.81,Gas Station,Visa,0,1,1,1,39.09,13477.39,72,0
7639,2024-09-15 23:39:45,23,6,1,138.73,Shopping Mall,Amex,0,1,2,5,31.57,31636.49,150,0
6794,2024-09-11 01:36:38,1,2,0,474.09,Hospital,Amex,0,1,2,6,32.58,9516.28,236,0
8870,2024-07-23 12:03:37,12,1,0,183.22,Shopping Mall,Visa,0,1,1,8,43.14,18773.34,3115,0
7759,2024-10-24 04:13:32,4,3,0,390.7,Hospital,Amex,0,1,3,3,43.27,8166.72,79,0
4838,2024-02-15 03:43:40,3,3,0,383.05,Hotel Lobby,RuPay,0,1,1,2,11.99,12888.71,2511,0
2294,2024-08-18 13:28:42,13,6,1,211.59,Airport Terminal,Visa,0,1,3,1,31.6,16753.61,391,0
6549,2024-10-16 09:18:10,9,2,0,326.18,Train Station,MasterCard,0,1,1,2,22.33,13404.27,462,0
7899,2024-09-07 15:57:08,15,5,1,215.4,University Campus,RuPay,0,1,1,8,34.81,18201.48,2212,0
7978,2024-12-10 14:26:00,14,1,0,172.69,Airport Terminal,MasterCard,0,1,1,2,18.45,3465.5,2686,0
4482,2024-04-14 11:06:41,11,6,1,345.44,University Campus,Amex,1,1,1,8,6.54,9979.76,1591,0
5303,2024-07-13 22:42:08,22,5,1,150.56,Downtown Branch,Visa,0,1,1,1,43.82,4602.32,1008,0
4606,2024-08-09 01:00:16,1,4,0,351.6,Hospital,RuPay,0,1,3,2,21.21,15604.67,2792,0
3717,2024-09-13 15:01:03,15,4,0,70.79,Hotel Lobby,Visa,0,1,1,4,23.33,8602.73,273,0
9072,2024-12-27 16:17:40,16,4,0,318.61,Downtown Branch,RuPay,0,1,3,6,0.2,13154.37,2181,0
6141,2024-03-21 22:38:11,22,3,0,178.5,Airport Terminal,Visa,0,1,2,2,31.29,28772.66,191,0
1765,2024-05-13 20:01:59,20,0,0,83.12,Train Station,MasterCard,0,1,2,2,47.97,39672.27,2138,0
6599,2024-07-10 14:50:11,14,2,0,174.34,University Campus,Visa,0,0,2,2,42.56,41360.3,797,0
1550,2024-10-07 02:33:11,2,0,0,441.73,Downtown Branch,RuPay,0,1,1,4,29.67,31580.59,840,0
3030,2024-10-24 10:24:23,10,3,0,138.95,Downtown Branch,RuPay,0,1,1,6,26.15,544.24,138,0
8654,2024-08-05 16:38:15,16,0,0,498.0,Hospital,MasterCard,0,1,2,4,22.25,36951.47,2286,0
6299,2024-01-16 09:33:36,9,1,0,371.19,Downtown Branch,Visa,0,1,2,1,42.07,12196.7,866,0
6663,2024-04-20 10:33:34,10,5,1,255.53,University Campus,MasterCard,0,1,3,6,10.43,31214.15,2851,0
6627,2024-09-29 13:36:31,13,6,1,151.14,Hotel Lobby,Amex,0,0,1,8,16.6,48594.06,1089,0
2045,2024-10-11 05:41:59,5,4,0,168.38,Gas Station,MasterCard,0,1,3,7,4.15,49958.74,2220,0
768,2024-10-30 22:47:30,22,2,0,81.22,Train Station,Visa,1,1,3,7,3.29,33910.47,2320,0
5694,2024-12-10 15:47:40,15,1,0,92.95,Suburban Branch,Amex,0,1,1,5,30.44,20885.82,130,0
7871,2024-03-04 17:29:14,17,0,0,177.35,Remote Village,Amex,1,0,1,4,43.44,29928.04,2054,0
7796,2024-10-08 22:56:04,22,1,0,191.81,Airport Terminal,MasterCard,0,1,3,4,18.04,2680.68,2267,0
1509,2024-10-16 20:58:46,20,2,0,213.78,Airport Terminal,MasterCard,0,1,2,5,40.49,37911.07,2767,0
7231,2024-11-15 03:47:06,3,4,0,487.5,Hotel Lobby,MasterCard,0,1,3,6,19.29,41334.7,333,0
7858,2024-02-24 03:02:44,3,5,1,217.24,University Campus,MasterCard,0,0,1,3,17.84,41263.35,378,0
3303,2024-08-18 22:19:01,22,6,1,193.77,Remote Village,Visa,0,1,3,3,7.46,17769.65,3372,0
4518,2024-12-14 02:32:51,2,5,1,329.53,Remote Village,MasterCard,0,1,1,6,28.42,15180.64,175,0
4220,2024-11-26 13:36:33,13,1,0,355.02,Hospital,RuPay,0,1,2,2,11.82,22035.08,2447,0
9079,2024-08-21 02:07:53,2,2,0,383.31,Downtown Branch,Amex,1,1,2,8,35.69,2076.18,666,0
9941,2024-12-16 23:31:38,23,0,0,296.52,Downtown Branch,Visa,3,0,4,28,4975.77,874.36,46,1
3293,2024-10-07 01:13:18,1,0,0,194.28,Airport Terminal,MasterCard,0,1,3,4,12.37,32557.96,2029,0
820,2024-05-25 10:48:47,10,5,1,259.39,Hospital,Amex,0,1,1,4,46.17,29943.95,1847,0
1404,2024-11-07 03:57:39,3,3,0,122.51,Train Station,Visa,0,1,1,3,19.39,31706.49,2247,0
1383,2024-08-20 13:09:03,13,1,0,183.99,Shopping Mall,RuPay,0,1,3,3,48.86,39634.66,3407,0
2149,2024-01-20 09:12:13,9,5,1,166.27,Hospital,Amex,0,1,2,4,22.78,47813.63,2170,0
6929,2024-05-06 10:34:53,10,0,0,397.04,Suburban Branch,RuPay,0,1,2,4,6.47,21831.95,3417,0
5672,2024-12-16 23:19:56,23,0,0,34.72,Train Station,Visa,0,1,3,4,24.92,2392.98,3129,0
1639,2024-09-29 19:29:50,19,6,1,482.79,Suburban Branch,RuPay,0,1,3,5,13.34,6195.61,2998,0
5892,2024-12-06 16:38:55,16,4,0,208.91,Train Station,Visa,1,1,1,5,5.37,25580.24,1403,0
7428,2024-06-16 13:11:44,13,6,1,352.74,Suburban Branch,Amex,0,1,3,2,23.69,22108.28,1748,0
609,2024-02-13 12:08:41,12,1,0,354.6,University Campus,MasterCard,0,1,3,1,14.66,48481.77,2247,0
6908,2024-12-06 15:20:29,15,4,0,462.03,Suburban Branch,RuPay,0,1,2,5,48.64,20047.62,403,0
400,2024-03-23 05:31:52,5,5,1,218.07,Suburban Branch,MasterCard,0,1,1,4,30.84,12711.81,499,0
7248,2024-12-17 01:16:08,1,1,0,457.09,Gas Station,RuPay,0,1,3,3,41.75,5838.47,1679,0
6407,2024-12-19 04:09:37,4,3,0,83.26,Airport Terminal,Visa,1,1,3,7,5.17,1782.78,736,0
883,2024-08-03 05:08:36,5,5,1,466.2,Downtown Branch,Visa,0,0,2,3,23.98,25799.07,2802,0
3566,2024-05-25 12:03:29,12,5,1,387.04,Airport Terminal,Amex,0,1,1,1,23.24,40495.1,1099,0
4286,2024-10-04 23:14:44,23,4,0,77.27,Suburban Branch,RuPay,0,1,1,2,5.43,49940.48,1919,0
1180,2024-08-12 07:38:35,7,0,0,241.37,Remote Village,Amex,0,1,1,3,48.64,25060.73,485,0
5449,2024-01-21 02:46:51,2,6,1,76.72,Gas Station,MasterCard,0,1,1,7,36.44,19503.07,2411,0
4245,2024-03-29 19:32:54,19,4,0,135.67,Downtown Branch,Visa,0,1,2,3,21.06,16340.38,309,0
5219,2024-02-21 15:36:03,15,2,0,53.1,Remote Village,Amex,2,1,3,1,17.32,37929.46,3555,0
3977,2024-10-03 07:20:36,7,3,0,371.22,University Campus,RuPay,0,1,3,3,9.07,42819.49,166,0
2131,2024-04-05 09:56:22,9,4,0,462.59,Remote Village,RuPay,0,1,3,1,39.4,30313.68,2713,0
5079,2024-11-29 00:15:39,0,4,0,122.09,Train Station,Visa,0,1,2,7,36.32,42260.7,2149,0
457,2024-06-20 14:26:11,14,3,0,167.78,Shopping Mall,RuPay,0,1,1,3,17.19,23512.98,64,0
5583,2024-10-01 19:23:25,19,1,0,228.06,Hospital,Amex,0,1,1,3,30.87,47641.35,2665,0
5176,2024-10-31 16:55:09,16,3,0,149.93,Airport Terminal,RuPay,0,1,3,4,16.83,11467.51,364,0
1951,2024-11-04 00:29:26,0,0,0,34.11,Train Station,MasterCard,0,1,2,5,34.24,16351.45,2476,0
5373,2024-01-18 06:27:48,6,3,0,244.51,Airport Terminal,MasterCard,0,1,3,1,11.61,9513.97,1675,0
690,2024-01-21 16:04:00,16,6,1,110.68,Shopping Mall,Visa,0,1,2,3,35.3,21877.85,2057,0
8853,2024-02-21 04:40:58,4,2,0,40.45,Hospital,Visa,0,1,2,4,42.47,36741.14,2952,0
6526,2024-04-15 20:33:39,20,0,0,98.86,Gas Station,RuPay,0,1,1,4,27.75,21981.46,3312,0
9822,2024-12-16 02:37:17,2,0,0,1590.94,Airport Terminal,MasterCard,2,1,3,5,3072.36,1933.62,275,1
6489,2024-04-02 02:24:26,2,1,0,308.25,Remote Village,Visa,1,1,1,7,19.01,44213.62,3161,0
6922,2024-11-14 20:52:48,20,3,0,359.53,Gas Station,RuPay,0,1,1,8,6.76,17792.46,2761,0
1954,2024-02-05 11:57:08,11,0,0,466.65,Train Station,RuPay,0,1,3,3,31.67,23219.39,673,0
7635,2024-12-28 15:12:13,15,5,1,354.91,Downtown Branch,Amex,1,1,1,2,40.53,31537.89,2323,0
5637,2024-02-07 19:51:43,19,2,0,182.8,Hospital,Amex,0,1,2,8,22.82,37833.1,2804,0
7155,2024-10-26 08:32:04,8,5,1,127.57,Downtown Branch,Visa,0,1,1,2,10.91,34172.42,3569,0
8425,2024-04-20 07:34:50,7,5,1,287.96,Hotel Lobby,Visa,0,1,2,2,4.44,48579.28,1707,0
6611,2024-03-24 10:57:55,10,6,1,364.68,Remote Village,Amex,0,1,2,4,20.99,21086.52,3385,0
2711,2024-06-24 08:19:51,8,0,0,482.61,Gas Station,Amex,0,1,2,4,9.04,34353.4,1328,0
8731,2024-09-28 12:23:58,12,5,1,154.32,Airport Terminal,Visa,1,1,3,2,24.19,41237.01,2691,0
3202,2024-06-07 07:12:45,7,4,0,193.26,Suburban Branch,RuPay,0,1,3,7,10.3,44553.55,1646,0
4350,2024-05-22 05:51:34,5,2,0,408.4,Train Station,MasterCard,0,1,2,4,19.71,13524.31,3318,0
4139,2024-02-12 08:01:11,8,0,0,217.6,Hospital,RuPay,0,1,1,1,37.47,3049.99,2209,0
1885,2024-01-19 05:26:05,5,4,0,98.42,Remote Village,MasterCard,0,1,2,7,16.92,22477.94,1409,0
8640,2024-07-04 05:57:36,5,3,0,427.75,Airport Terminal,RuPay,0,1,1,6,36.7,44504.73,2785,0
4486,2024-07-02 19:12:13,19,1,0,194.62,University Campus,MasterCard,0,1,3,8,1.79,18764.97,2333,0
2495,2024-01-22 18:43:35,18,0,0,439.06,Downtown Branch,MasterCard,0,1,3,3,13.09,29758.86,2645,0
5948,2024-04-09 02:56:18,2,1,0,133.28,Hotel Lobby,Amex,1,1,2,7,37.02,6388.46,2819,0
3037,2024-02-26 10:56:52,10,0,0,477.37,Downtown Branch,RuPay,0,1,1,7,12.77,18268.2,1304,0
5778,2024-05-23 23:31:56,23,3,0,344.69,Downtown Branch,MasterCard,0,0,3,4,35.58,5056.52,2866,0
3604,2024-03-15 14:52:51,14,4,0,351.75,Airport Terminal,Amex,0,1,3,2,15.57,32775.78,1319,0
846,2024-03-31 16:55:27,16,6,1,311.25,Remote Village,Visa,0,1,2,7,46.95,47079.73,1980,0
543,2024-12-20 12:29:12,12,4,0,194.46,Hotel Lobby,Amex,0,1,2,8,24.38,3361.72,492,0
3725,2024-06-27 14:53:19,14,3,0,171.25,Suburban Branch,MasterCard,0,1,2,4,24.37,44331.66,671,0
4188,2024-06-21 02:35:29,2,4,0,35.49,Hospital,MasterCard,1,1,3,8,13.56,21067.54,313,0
3680,2024-01-27 07:06:40,7,5,1,432.55,Hospital,Visa,0,1,1,3,37.97,16069.91,1784,0
8900,2024-01-03 20:30:15,20,2,0,283.13,Hospital,MasterCard,0,1,2,8,7.57,32739.01,1368,0
7968,2024-04-14 03:23:42,3,6,1,385.3,Hotel Lobby,Visa,0,1,1,4,31.32,21629.7,999,0
8486,2024-03-07 06:33:02,6,3,0,395.5,Suburban Branch,Visa,0,1,3,8,0.74,37192.05,576,0
6076,2024-07-05 05:34:12,5,4,0,162.19,University Campus,RuPay,0,1,1,6,11.78,48039.02,1031,0
7341,2024-02-12 04:06:13,4,0,0,359.3,Airport Terminal,Visa,0,1,2,4,6.92,21104.83,2980,0
8226,2024-10-05 05:47:30,5,5,1,313.99,University Campus,Amex,1,1,3,1,37.28,25653.05,3260,0
7247,2024-07-25 00:10:10,0,3,0,496.05,Train Station,Amex,0,1,1,4,46.93,36190.17,3433,0
9711,2024-11-04 01:51:59,1,0,0,4258.23,Remote Village,Amex,3,0,9,26,3368.53,-290.49,339,1
8291,2024-01-27 02:14:52,2,5,1,170.55,Remote Village,Amex,0,1,1,8,35.96,20670.11,2489,0
7138,2024-10-19 05:48:27,5,5,1,68.28,Remote Village,Amex,0,1,3,5,9.61,43880.77,319,0
2965,2024-06-08 08:49:05,8,5,1,345.17,Remote Village,MasterCard,1,1,3,6,29.82,40943.47,342,0
7560,2024-01-13 11:22:26,11,5,1,471.7,Suburban Branch,Amex,0,1,3,8,10.87,37413.52,2915,0
2530,2024-09-08 05:30:53,5,6,1,163.59,Remote Village,RuPay,0,1,1,1,34.28,42802.11,2751,0
7285,2024-04-16 19:42:13,19,1,0,417.76,Downtown Branch,RuPay,0,1,1,5,49.05,4931.2,1996,0
5773,2024-04-29 14:21:17,14,0,0,391.03,Shopping Mall,Visa,0,1,2,6,9.03,1577.27,1303,0
1049,2024-07-26 10:58:23,10,4,0,311.91,Downtown Branch,RuPay,0,1,1,7,38.28,34802.48,1790,0
7046,2024-04-11 15:21:58,15,3,0,476.34,Hospital,Visa,0,1,2,4,8.2,19331.62,2155,0
1961,2024-09-24 08:10:28,8,1,0,116.5,Suburban Branch,MasterCard,0,1,1,7,46.82,25697.69,2102,0
2531,2024-07-06 19:53:24,19,5,1,76.98,Hotel Lobby,MasterCard,0,1,1,2,47.44,46812.77,2507,0
9049,2024-07-15 18:23:54,18,0,0,472.46,Remote Village,Amex,2,1,1,6,17.28,5142.43,1636,0
7604,2024-08-30 23:05:05,23,4,0,73.28,Remote Village,MasterCard,0,1,2,1,9.83,822.4,3121,0
6525,2024-05-05 06:37:59,6,6,1,50.15,Shopping Mall,Visa,0,0,2,5,45.71,42078.21,2006,0
238,2024-06-19 23:10:30,23,2,0,180.67,Remote Village,Amex,0,1,2,4,23.95,8964.1,1661,0
4918,2024-02-13 21:37:34,21,1,0,116.88,Train Station,Visa,0,1,1,2,45.01,33632.33,2003,0
6480,2024-05-20 11:14:02,11,0,0,318.6,Suburban Branch,Amex,0,1,1,4,11.62,19833.75,3193,0
1134,2024-03-08 04:10:50,4,4,0,324.94,Downtown Branch,Visa,0,1,3,6,5.89,23365.99,3454,0
6977,2024-12-30 14:05:33,14,0,0,291.1,University Campus,Amex,0,1,2,7,24.14,3468.93,1795,0
5902,2024-02-25 16:32:32,16,6,1,458.8,University Campus,RuPay,0,1,1,7,36.2,19207.41,408,0
9058,2024-07-15 21:58:56,21,0,0,343.33,Gas Station,MasterCard,0,1,2,8,7.05,29355.58,1618,0
4260,2024-05-10 22:08:48,22,4,0,124.58,Hotel Lobby,MasterCard,1,1,2,1,47.86,48051.01,233,0
8841,2024-08-01 03:31:54,3,3,0,484.41,University Campus,MasterCard,0,1,2,3,27.43,28049.1,3515,0
6966,2024-12-16 10:53:30,10,0,0,157.56,Suburban Branch,RuPay,1,1,1,7,37.22,43776.78,137,0
9980,2024-11-27 04:53:44,4,2,0,1688.78,Airport Terminal,Amex,3,1,8,26,796.39,1229.03,106,1
793,2024-09-11 00:34:13,0,2,0,266.07,Shopping Mall,RuPay,0,1,1,4,36.17,10572.76,987,0
1986,2024-04-22 16:38:55,16,0,0,138.13,Remote Village,MasterCard,1,1,1,4,23.58,9167.37,145,0
5657,2024-10-13 08:18:58,8,6,1,297.51,Train Station,RuPay,0,1,1,6,13.93,2398.88,3448,0
8740,2024-01-04 04:57:18,4,3,0,229.67,Suburban Branch,Amex,0,1,3,6,7.52,17490.24,715,0
7936,2024-07-04 06:33:09,6,3,0,31.66,Gas Station,Visa,0,1,3,5,48.7,41289.01,895,0
6098,2024-06-01 01:22:59,1,5,1,184.11,University Campus,MasterCard,1,1,2,1,15.15,2206.99,701,0
5908,2024-04-27 12:53:39,12,5,1,87.54,Train Station,RuPay,0,1,3,1,37.08,443.31,3066,0
7374,2024-07-29 02:26:09,2,0,0,48.56,Remote Village,MasterCard,1,1,3,3,13.05,3814.36,3352,0
8129,2024-03-27 17:36:59,17,2,0,35.37,Suburban Branch,Visa,0,1,3,8,10.33,12735.68,247,0
2979,2024-01-14 15:22:19,15,6,1,83.03,Gas Station,RuPay,0,1,1,4,41.85,48015.08,751,0
8862,2024-09-28 01:21:09,1,5,1,280.54,Downtown Branch,Visa,2,1,1,4,25.73,47058.91,431,0
9302,2024-10-19 21:04:00,21,5,1,468.57,Hotel Lobby,Visa,0,1,3,7,46.41,19563.69,59,0
6722,2024-05-07 01:43:38,1,1,0,196.22,Downtown Branch,Amex,1,1,1,6,30.7,8535.31,112,0
7843,2024-01-31 19:13:18,19,2,0,297.24,Remote Village,Visa,0,1,3,1,13.53,42872.96,38,0
5525,2024-10-09 03:12:09,3,2,0,484.68,Train Station,Amex,0,1,2,8,35.45,41836.9,1218,0
8722,2024-03-27 14:16:47,14,2,0,322.2,University Campus,Visa,0,1,3,6,15.71,15222.88,1961,0
8432,2024-01-29 23:03:53,23,0,0,433.44,Airport Terminal,RuPay,0,1,3,6,10.59,2040.02,2578,0
9009,2024-03-16 23:17:09,23,5,1,70.59,University Campus,Visa,1,1,3,7,5.72,1043.33,1516,0
8604,2024-09-09 09:09:11,9,0,0,104.95,Hotel Lobby,Amex,1,1,2,4,10.54,39307.65,1729,0
7175,2024-11-13 05:05:42,5,2,0,165.87,Remote Village,Amex,0,1,3,8,0.58,920.72,585,0
3920,2024-07-23 01:35:22,1,1,0,349.23,Gas Station,Visa,0,1,3,1,9.75,599.59,665,0
3139,2024-07-01 07:14:53,7,0,0,494.83,Hospital,RuPay,0,1,2,1,6.74,39137.67,2841,0
9417,2024-05-19 01:20:26,1,6,1,110.13,Downtown Branch,Visa,0,1,2,3,7.9,10164.94,2384,0
9934,2024-11-22 02:58:12,2,4,0,214.59,Shopping Mall,Amex,0,1,12,10,4523.82,-317.71,83,1
5790,2024-02-12 07:58:55,7,0,0,180.02,Train Station,RuPay,0,1,1,3,13.99,7566.82,3017,0
4074,2024-03-10 12:34:53,12,6,1,263.31,Hotel Lobby,RuPay,2,1,1,7,46.05,24162.71,217,0
3288,2024-03-16 03:37:23,3,5,1,243.42,Downtown Branch,MasterCard,1,1,3,5,5.98,38576.34,1109,0
3230,2024-09-23 05:53:34,5,0,0,221.03,Suburban Branch,Visa,0,1,1,6,45.26,29628.26,1028,0
1827,2024-04-13 04:27:27,4,5,1,107.16,Gas Station,MasterCard,0,1,3,5,32.53,29217.71,1045,0
5549,2024-02-01 20:22:08,20,3,0,338.32,Suburban Branch,Visa,0,1,1,7,31.08,46288.1,3041,0
594,2024-10-29 12:34:33,12,1,0,72.86,University Campus,RuPay,0,1,1,7,44.57,3769.13,2426,0
2726,2024-08-01 18:07:38,18,3,0,359.76,Gas Station,MasterCard,0,1,1,4,9.95,49683.37,2263,0
4138,2024-03-11 06:05:27,6,0,0,414.25,Suburban Branch,MasterCard,0,1,2,4,2.82,38709.09,842,0
561,2024-09-11 21:20:40,21,2,0,495.38,Remote Village,Amex,0,1,2,2,6.34,3935.43,3240,0
7407,2024-01-08 07:36:45,7,0,0,265.94,Hotel Lobby,Visa,0,1,1,8,24.92,41782.5,1624,0
8807,2024-02-11 01:51:07,1,6,1,459.47,Airport Terminal,Amex,0,1,2,3,7.57,6245.61,2233,0
8387,2024-12-08 14:00:09,14,6,1,177.42,Shopping Mall,Amex,1,1,2,2,44.02,28166.48,1398,0
244,2024-09-08 06:28:32,6,6,1,314.09,Hospital,MasterCard,0,0,2,7,5.3,5020.47,939,0
7269,2024-01-17 13:57:58,13,2,0,206.79,Airport Terminal,MasterCard,0,1,1,4,31.56,316.11,586,0
5436,2024-04-09 03:49:11,3,1,0,212.16,Downtown Branch,MasterCard,0,1,2,4,28.16,40855.0,387,0
4438,2024-12-30 21:07:40,21,0,0,99.83,Remote Village,Amex,1,1,3,7,8.37,18377.27,313,0
9685,2024-04-07 02:23:18,2,6,1,2109.08,Remote Village,Visa,5,1,13,26,4141.37,127.61,14,1
8107,2024-08-15 21:08:11,21,3,0,283.57,Gas Station,Visa,0,1,2,2,23.92,10859.54,2045,0
406,2024-04-12 05:31:29,5,4,0,372.1,Airport Terminal,MasterCard,0,1,3,1,40.63,28987.15,3180,0
1443,2024-12-14 09:00:29,9,5,1,327.21,Hotel Lobby,Amex,0,1,2,7,44.35,43618.43,349,0
262,2024-04-17 16:50:33,16,2,0,436.18,Shopping Mall,RuPay,0,1,3,6,41.42,38097.53,2799,0
4407,2024-02-04 08:17:42,8,6,1,206.25,Downtown Branch,Visa,1,1,1,4,32.83,37005.99,153,0
7634,2024-05-22 03:04:07,3,2,0,391.49,Hotel Lobby,RuPay,0,1,2,7,27.43,14809.8,2037,0
9534,2024-08-30 00:23:21,0,4,0,338.44,Train Station,Visa,0,1,9,28,2974.81,-290.32,143,1
1690,2024-04-10 10:48:22,10,2,0,454.27,Remote Village,MasterCard,0,1,2,7,2.2,44989.39,2660,0
9867,2024-07-26 03:15:09,3,4,0,2629.57,Airport Terminal,Amex,4,0,3,13,2566.51,49.74,63,1
1726,2024-09-11 09:33:11,9,2,0,280.59,Airport Terminal,MasterCard,0,1,2,4,41.34,12821.0,2957,0
8995,2024-03-28 07:58:25,7,3,0,77.57,University Campus,Amex,0,1,1,1,48.4,26482.78,114,0
4931,2024-09-25 17:17:46,17,2,0,161.65,Gas Station,RuPay,0,1,1,1,5.64,31845.29,2533,0
5963,2024-09-28 16:07:15,16,5,1,253.17,Airport Terminal,MasterCard,0,1,2,1,26.46,149.86,1783,0
2497,2024-08-16 23:56:30,23,4,0,114.16,Shopping Mall,Visa,0,1,1,2,32.19,19632.11,2592,0
9015,2024-09-05 07:16:37,7,3,0,175.11,Airport Terminal,RuPay,0,1,1,8,4.57,12174.19,3522,0
6905,2024-07-29 14:15:38,14,0,0,249.6,Hotel Lobby,Amex,0,1,2,8,32.84,29368.78,1846,0
6107,2024-05-18 06:44:47,6,5,1,440.14,Hospital,RuPay,0,1,3,6,32.46,6058.06,3526,0
8201,2024-10-22 16:31:43,16,1,0,482.72,Hotel Lobby,MasterCard,0,1,2,5,22.73,37963.44,533,0
341,2024-12-18 05:01:42,5,2,0,220.91,Downtown Branch,RuPay,0,1,3,4,17.16,35697.13,2841,0
2409,2024-11-18 00:53:36,0,0,0,82.89,Hospital,RuPay,0,1,1,2,17.96,12112.82,751,0
1602,2024-07-16 00:56:57,0,1,0,485.15,Gas Station,RuPay,0,1,2,2,32.36,14249.94,1880,0
9865,2024-05-28 18:23:33,18,1,0,222.37,Remote Village,Visa,3,0,3,23,1681.55,998.48,179,1
8360,2024-11-22 10:50:19,10,4,0,334.94,University Campus,Visa,0,1,2,1,31.13,45804.15,3089,0
5783,2024-11-05 03:21:31,3,1,0,426.7,Downtown Branch,Amex,0,1,3,8,16.64,35974.29,2106,0
4577,2024-04-07 07:13:47,7,6,1,357.17,Gas Station,RuPay,1,1,3,6,0.89,11704.85,2382,0
7972,2024-02-05 16:16:47,16,0,0,419.5,Hotel Lobby,RuPay,0,1,1,2,26.15,2157.35,3201,0
3726,2024-10-20 13:10:48,13,6,1,314.37,Remote Village,RuPay,0,1,2,4,29.97,6868.9,2889,0
2557,2024-10-24 07:03:00,7,3,0,185.37,Shopping Mall,RuPay,2,1,3,2,33.07,8466.59,266,0
2786,2024-02-18 12:32:02,12,6,1,212.27,Shopping Mall,Amex,0,1,3,1,36.74,22199.44,1519,0
1524,2024-06-23 09:31:45,9,6,1,223.95,Train Station,Visa,0,1,2,4,46.31,39935.28,3452,0
7718,2024-07-28 07:24:18,7,6,1,334.06,Train Station,Amex,0,1,1,1,39.29,36797.32,2088,0
2508,2024-09-12 02:37:57,2,3,0,417.98,University Campus,Visa,0,1,3,7,49.84,34556.39,3579,0
2832,2024-04-19 02:12:43,2,4,0,64.75,Suburban Branch,Visa,0,1,3,2,15.6,47443.99,1430,0
1013,2024-08-16 19:15:21,19,4,0,220.3,Gas Station,RuPay,2,1,3,6,41.71,6235.77,3287,0
5281,2024-05-12 22:34:38,22,6,1,152.45,Hospital,Visa,0,1,3,7,49.93,21910.79,203,0
4896,2024-01-03 09:31:08,9,2,0,461.22,Shopping Mall,Visa,0,1,1,7,27.98,10987.05,2545,0
1767,2024-10-27 20:34:14,20,6,1,289.51,University Campus,Amex,0,1,1,8,44.62,10745.45,3641,0
4552,2024-06-15 07:11:33,7,5,1,24.12,Hotel Lobby,Visa,0,1,3,1,32.43,17053.97,229,0
7122,2024-01-24 02:07:23,2,2,0,235.62,Remote Village,RuPay,0,1,3,4,39.42,1173.81,235,0
6550,2024-02-12 10:11:11,10,0,0,485.84,Hotel Lobby,MasterCard,0,1,3,5,3.37,49907.13,1630,0
4038,2024-06-12 07:37:23,7,2,0,452.53,Airport Terminal,Amex,0,0,3,3,27.66,49675.48,416,0
8271,2024-01-02 20:18:42,20,1,0,385.27,Shopping Mall,Visa,0,1,2,8,29.1,29136.45,1476,0
149,2024-09-02 10:14:49,10,0,0,267.38,Shopping Mall,Visa,0,1,1,6,12.03,20886.72,2751,0
286,2024-01-27 18:26:27,18,5,1,440.96,Gas Station,Amex,1,1,3,8,0.4,10113.49,2339,0
7801,2024-05-24 06:25:23,6,4,0,259.93,Downtown Branch,Visa,0,1,3,7,6.46,25533.51,2670,0
9652,2024-05-10 01:14:47,1,4,0,225.66,Hotel Lobby,Amex,0,1,11,18,1361.95,699.91,85,1
364,2024-09-11 08:47:46,8,2,0,170.83,Suburban Branch,Visa,0,1,3,4,48.89,33525.23,1415,0
5368,2024-09-24 19:44:23,19,1,0,159.08,Airport Terminal,MasterCard,0,1,2,2,18.66,29177.1,285,0
9946,2024-10-14 01:16:55,1,0,0,2576.03,Remote Village,RuPay,3,0,13,15,2898.87,1387.02,175,1
8411,2024-11-24 03:41:58,3,6,1,468.5,Downtown Branch,MasterCard,0,1,2,5,2.25,18876.59,1599,0
9454,2024-12-02 07:25:14,7,0,0,147.06,Train Station,RuPay,0,1,3,8,28.31,25831.39,1752,0
4726,2024-05-15 06:27:16,6,2,0,134.29,Airport Terminal,Amex,0,1,3,4,38.87,9376.67,1842,0
7272,2024-02-01 09:01:43,9,3,0,427.34,Suburban Branch,RuPay,0,1,2,7,45.98,8467.54,959,0
6771,2024-03-20 09:53:31,9,2,0,340.91,Suburban Branch,Amex,0,1,3,3,30.63,41579.9,2429,0
4444,2024-05-15 23:35:08,23,2,0,174.17,Train Station,Visa,1,1,1,3,29.35,4406.01,2977,0
7447,2024-03-16 02:48:20,2,5,1,289.12,Hotel Lobby,MasterCard,0,1,3,2,49.49,9000.05,1621,0
237,2024-08-18 14:40:36,14,6,1,316.0,Shopping Mall,Amex,0,1,2,6,42.08,19056.51,3561,0
7710,2024-12-24 20:51:57,20,1,0,191.46,Hospital,Visa,0,1,3,3,5.13,9560.94,2710,0
9586,2024-03-24 04:02:44,4,6,1,265.01,Hotel Lobby,Amex,2,1,10,7,3463.24,1130.71,357,1
2563,2024-12-12 04:19:05,4,3,0,484.59,Train Station,MasterCard,0,1,3,6,20.32,12238.37,1700,0
7124,2024-04-07 04:38:46,4,6,1,295.01,Train Station,MasterCard,0,1,1,4,7.24,18889.53,162,0
8537,2024-09-28 04:04:23,4,5,1,420.23,Train Station,Visa,0,1,3,8,48.99,43235.47,2366,0
9603,2024-12-01 04:14:40,4,6,1,1564.94,Remote Village,RuPay,3,0,3,19,4357.42,-133.15,20,1
5520,2024-06-14 20:51:21,20,4,0,353.62,Hospital,MasterCard,0,1,3,3,28.25,38187.79,1997,0
9614,2024-06-16 14:47:25,14,6,1,209.24,Airport Terminal,MasterCard,2,0,13,24,1422.39,593.81,201,1
3084,2024-02-19 15:57:09,15,0,0,192.82,Suburban Branch,Amex,0,1,1,5,23.24,22050.42,2456,0
2960,2024-05-27 07:31:23,7,0,0,276.12,Hospital,RuPay,0,1,1,6,17.18,38364.41,3340,0
2103,2024-03-03 03:55:00,3,6,1,449.51,Hospital,RuPay,0,1,3,1,14.92,38642.96,3376,0
633,2024-12-11 12:51:03,12,2,0,494.04,Hotel Lobby,MasterCard,0,1,2,1,37.22,6017.98,557,0
6814,2024-07-23 00:08:06,0,1,0,260.73,Train Station,Visa,0,1,3,3,49.77,36886.33,154,0
2494,2024-12-02 20:46:40,20,0,0,210.31,Suburban Branch,Visa,0,1,1,2,42.08,15487.66,1785,0
2666,2024-09-05 05:12:12,5,3,0,257.7,Hospital,Amex,0,1,3,4,23.98,13513.16,1179,0
8495,2024-11-27 19:27:40,19,2,0,220.83,Hospital,Visa,0,1,2,4,40.69,28823.94,2230,0
8426,2024-02-18 23:29:32,23,6,1,76.28,Hospital,MasterCard,0,1,1,2,48.46,36260.99,2878,0
9267,2024-08-18 03:33:38,3,6,1,149.39,Downtown Branch,Visa,1,1,1,5,4.79,8563.58,3073,0
4212,2024-12-14 10:46:22,10,5,1,100.08,University Campus,Amex,0,1,1,5,34.93,4890.57,867,0
3875,2024-05-07 11:08:04,11,1,0,350.45,Suburban Branch,Amex,0,1,3,2,1.29,27074.92,1341,0
2818,2024-04-06 14:20:15,14,5,1,272.55,Downtown Branch,Amex,0,1,3,2,14.55,15712.28,2549,0
8269,2024-09-10 15:38:47,15,1,0,183.98,Airport Terminal,Visa,0,1,2,3,10.06,38362.68,3446,0
9816,2024-09-08 02:25:13,2,6,1,4821.74,Airport Terminal,MasterCard,5,1,12,22,755.89,726.67,128,1
7427,2024-07-21 14:23:23,14,6,1,245.9,University Campus,Visa,0,1,1,5,3.31,25366.88,1617,0
8603,2024-02-17 18:05:31,18,5,1,70.7,Train Station,RuPay,0,1,2,5,18.06,24562.06,1436,0
8476,2024-10-11 06:07:17,6,4,0,410.94,Airport Terminal,RuPay,1,1,3,6,5.43,30336.17,1181,0
1736,2024-01-12 16:23:56,16,4,0,208.11,Remote Village,MasterCard,0,1,1,1,35.58,27896.59,898,0
7398,2024-06-29 17:09:15,17,5,1,393.24,Hotel Lobby,MasterCard,1,1,3,2,27.74,31441.86,1683,0
4256,2024-06-04 19:50:36,19,1,0,65.19,Shopping Mall,RuPay,0,1,3,5,49.58,36695.09,2790,0
8289,2024-06-07 21:11:53,21,4,0,254.28,Remote Village,Amex,0,1,1,2,9.08,25064.64,1287,0
2476,2024-05-04 03:09:47,3,5,1,61.29,Hotel Lobby,MasterCard,0,1,1,8,43.87,20092.16,2699,0
9985,2024-08-07 02:10:23,2,2,0,1674.61,Airport Terminal,Visa,3,1,6,25,3996.18,-386.54,311,1
3714,2024-07-06 02:59:35,2,5,1,328.33,University Campus,Amex,0,1,3,5,7.72,36593.98,3132,0
8979,2024-05-11 19:20:28,19,5,1,458.07,Shopping Mall,Amex,0,1,3,4,22.66,39503.44,3555,0
1805,2024-03-26 01:23:28,1,1,0,429.14,Train Station,MasterCard,0,1,1,2,12.18,35920.83,199,0
708,2024-09-27 07:29:33,7,4,0,485.85,University Campus,MasterCard,1,1,1,4,21.79,31340.35,3265,0
9192,2024-01-06 15:25:32,15,5,1,60.48,University Campus,RuPay,1,0,3,1,28.02,20471.7,2497,0
5190,2024-10-12 16:21:19,16,5,1,356.4,Airport Terminal,RuPay,1,1,1,2,21.94,34967.91,1628,0
5473,2024-04-12 00:04:18,0,4,0,430.8,Downtown Branch,Amex,0,1,1,8,2.16,9104.03,2149,0
73,2024-03-30 21:30:53,21,5,1,158.29,Train Station,MasterCard,0,1,1,5,39.39,31290.39,2738,0
7844,2024-07-10 19:13:34,19,2,0,492.61,Remote Village,MasterCard,1,1,3,3,10.78,30998.81,2971,0
5102,2024-01-16 02:32:14,2,1,0,404.39,Shopping Mall,Visa,0,1,1,3,10.48,16978.73,1518,0
6765,2024-10-15 21:36:59,21,1,0,246.31,University Campus,MasterCard,0,1,1,2,27.28,26155.73,2437,0
1126,2024-10-26 07:51:43,7,5,1,341.62,University Campus,MasterCard,0,1,1,7,18.71,46666.3,73,0
1242,2024-01-25 12:18:00,12,3,0,395.34,Downtown Branch,Visa,0,0,1,2,11.36,22925.93,485,0
8254,2024-08-08 08:40:50,8,3,0,181.84,Hospital,Visa,0,1,1,4,2.29,13580.38,1496,0
2350,2024-10-17 11:17:03,11,3,0,139.92,Hospital,MasterCard,0,1,3,3,14.89,17003.86,365,0
6603,2024-11-01 15:05:43,15,4,0,486.32,Airport Terminal,RuPay,0,1,2,7,24.48,37908.86,292,0
6781,2024-01-06 15:08:51,15,5,1,315.56,Remote Village,Amex,0,1,2,3,38.42,4527.23,1713,0
4359,2024-01-25 11:09:54,11,3,0,325.43,Train Station,MasterCard,1,1,3,3,31.92,18493.23,605,0
1344,2024-01-07 08:45:35,8,6,1,207.82,Hotel Lobby,Amex,0,1,2,7,7.92,41505.93,3527,0
9989,2024-12-16 12:32:06,12,0,0,222.48,Hospital,Visa,2,0,4,28,3313.46,521.45,167,1
8680,2024-11-08 17:26:21,17,4,0,32.05,Airport Terminal,MasterCard,0,1,3,1,17.53,18945.68,1801,0
9576,2024-10-12 17:41:35,17,5,1,124.68,Gas Station,Amex,2,1,6,25,1027.8,-447.93,59,1
6653,2024-05-20 12:22:38,12,0,0,193.81,Hospital,Amex,1,1,3,4,28.76,14269.64,1734,0
1101,2024-03-01 23:16:47,23,4,0,422.31,University Campus,MasterCard,0,1,1,6,16.58,10859.19,3033,0
7328,2024-11-02 22:14:39,22,5,1,463.66,Hospital,Visa,0,1,3,5,37.93,18379.82,109,0
7623,2024-01-29 19:05:37,19,0,0,114.24,Downtown Branch,MasterCard,0,1,2,5,24.77,35803.55,3556,0
988,2024-04-20 10:28:53,10,5,1,82.91,Downtown Branch,Visa,1,1,3,1,16.87,911.99,1954,0
2853,2024-04-11 06:35:40,6,3,0,356.62,University Campus,RuPay,2,1,1,2,44.73,24132.09,2524,0
631,2024-06-09 00:04:01,0,6,1,183.35,Airport Terminal,Visa,1,1,3,4,41.58,39775.83,2318,0
1250,2024-01-28 09:24:09,9,6,1,128.63,Shopping Mall,Amex,1,1,1,3,10.29,7206.18,1158,0
3180,2024-01-28 22:10:51,22,6,1,120.14,Airport Terminal,Visa,0,1,3,2,29.24,11080.94,3364,0
483,2024-05-25 15:50:28,15,5,1,387.54,Gas Station,Amex,1,1,2,8,47.99,109.76,171,0
3041,2024-10-01 11:14:05,11,1,0,169.57,Hospital,RuPay,0,1,1,7,26.95,6001.31,1287,0
5011,2024-04-15 23:00:43,23,0,0,74.34,Remote Village,MasterCard,0,1,3,7,30.63,30191.97,2725,0
8728,2024-02-24 11:32:02,11,5,1,431.12,Gas Station,Amex,0,1,2,8,31.55,34997.18,3206,0
7001,2024-12-27 08:02:36,8,4,0,109.88,Gas Station,MasterCard,0,1,1,6,17.31,13312.97,3317,0
3274,2024-02-07 03:49:32,3,2,0,479.59,University Campus,RuPay,0,1,3,4,2.24,47114.6,55,0
7228,2024-10-19 16:02:09,16,5,1,486.69,Airport Terminal,Visa,0,1,3,1,21.84,1945.7,1031,0
3684,2024-09-20 00:16:12,0,4,0,374.71,Train Station,RuPay,1,1,1,7,38.64,35791.3,2848,0
6675,2024-04-12 20:07:00,20,4,0,83.53,Airport Terminal,Visa,0,1,2,1,12.24,23894.52,1143,0
6808,2024-03-06 05:24:50,5,2,0,67.86,University Campus,RuPay,0,1,2,4,49.11,44076.31,2021,0
9739,2024-09-25 15:23:52,15,2,0,249.92,Airport Terminal,Visa,3,1,4,26,4364.83,-389.15,308,1
1317,2024-05-02 21:54:25,21,3,0,244.92,Shopping Mall,Visa,1,1,2,6,30.52,38193.29,2203,0
3226,2024-08-08 01:14:19,1,3,0,134.01,Hotel Lobby,RuPay,1,1,2,8,10.88,25858.64,1846,0
1073,2024-08-23 18:36:03,18,4,0,246.72,Train Station,Amex,0,1,1,5,45.55,16501.36,3302,0
4816,2024-05-07 18:02:12,18,1,0,36.72,Airport Terminal,RuPay,0,1,1,1,28.69,22954.58,3449,0
8460,2024-08-24 23:18:05,23,5,1,186.94,Hotel Lobby,RuPay,0,1,3,8,27.07,30388.65,202,0
5753,2024-03-26 17:51:37,17,1,0,38.52,Remote Village,Visa,2,1,1,4,35.43,32013.39,3404,0
9146,2024-01-18 11:58:57,11,3,0,135.24,Downtown Branch,MasterCard,0,1,2,6,17.26,3939.16,929,0
4617,2024-04-23 11:49:03,11,1,0,298.08,Hotel Lobby,RuPay,0,1,2,8,2.11,4855.11,3326,0
3098,2024-09-12 01:55:44,1,3,0,401.47,Shopping Mall,MasterCard,0,1,3,4,14.25,25299.11,1127,0
6870,2024-12-05 19:02:08,19,3,0,341.67,Remote Village,Visa,0,1,2,2,4.71,47620.25,2236,0
1301,2024-02-12 03:13:09,3,0,0,385.27,University Campus,RuPay,0,1,3,8,10.04,25959.46,176,0
7286,2024-01-02 13:38:25,13,1,0,339.12,Airport Terminal,RuPay,0,1,2,8,24.02,31209.38,2158,0
6285,2024-01-11 00:25:06,0,3,0,297.58,Hotel Lobby,Visa,1,1,2,2,48.19,12288.42,2157,0
5496,2024-06-30 16:16:46,16,6,1,423.43,Hotel Lobby,MasterCard,0,0,3,4,24.94,48515.47,182,0
5292,2024-08-27 07:45:34,7,1,0,413.96,Hotel Lobby,MasterCard,0,1,1,2,40.99,43001.56,795,0
1799,2024-09-30 09:32:52,9,0,0,351.55,Suburban Branch,MasterCard,0,1,1,6,45.86,23989.64,3165,0
5204,2024-10-29 01:04:15,1,1,0,305.54,Airport Terminal,MasterCard,0,1,1,7,44.04,26578.48,2245,0
8228,2024-12-23 01:24:27,1,0,0,243.19,Airport Terminal,RuPay,1,1,3,7,7.14,44827.94,1966,0
5048,2024-08-27 20:12:36,20,1,0,29.99,Hotel Lobby,MasterCard,0,1,3,8,21.41,24286.54,2383,0
6442,2024-02-22 05:11:51,5,3,0,106.57,Downtown Branch,Amex,0,1,2,7,21.16,43321.22,1816,0
8106,2024-09-29 11:18:35,11,6,1,476.25,Airport Terminal,Amex,0,1,2,7,34.48,30122.86,3427,0
2360,2024-09-29 19:55:21,19,6,1,457.3,Remote Village,MasterCard,0,1,3,7,22.57,33644.52,1716,0
9381,2024-04-01 01:55:39,1,0,0,161.99,Shopping Mall,RuPay,0,1,2,8,42.49,10963.02,1762,0
3655,2024-08-16 17:26:31,17,4,0,215.86,Hotel Lobby,Visa,0,1,2,4,30.05,3887.14,1059,0
7053,2024-05-19 17:47:01,17,6,1,304.26,Remote Village,Amex,0,1,3,3,35.9,27215.54,1187,0
1287,2024-12-15 14:45:26,14,6,1,67.87,Shopping Mall,RuPay,0,0,2,8,46.43,27444.22,1622,0
9127,2024-02-22 13:37:40,13,3,0,392.79,Airport Terminal,RuPay,1,1,1,3,49.06,30582.05,2336,0
4446,2024-03-13 15:55:10,15,2,0,242.82,Suburban Branch,Visa,0,1,3,2,13.74,42555.4,2247,0
2138,2024-02-05 00:05:18,0,0,0,233.45,Shopping Mall,RuPay,0,1,3,2,10.28,43380.6,841,0
6788,2024-10-10 16:41:27,16,3,0,86.9,Suburban Branch,MasterCard,0,1,1,8,5.51,28146.88,819,0
9753,2024-08-21 17:46:45,17,2,0,180.9,Remote Village,Amex,3,1,10,14,881.15,1275.4,126,1
8511,2024-04-10 20:33:51,20,2,0,195.47,Hotel Lobby,RuPay,1,1,1,5,19.74,28311.01,3429,0
9540,2024-09-27 20:11:27,20,4,0,219.11,University Campus,Visa,2,1,9,10,497.72,625.79,355,1
6895,2024-06-03 06:43:12,6,0,0,76.86,Gas Station,Visa,0,1,3,1,41.29,16681.46,38,0
8570,2024-03-31 13:49:37,13,6,1,269.96,Airport Terminal,Visa,0,1,1,8,5.29,48770.82,398,0
7152,2024-11-26 08:27:44,8,1,0,321.06,University Campus,Amex,0,1,2,7,46.13,18644.21,2071,0
964,2024-09-16 07:30:34,7,0,0,159.15,University Campus,Amex,0,1,3,7,5.73,42831.5,539,0
6013,2024-06-17 09:11:33,9,0,0,246.62,Suburban Branch,Visa,0,1,2,8,40.6,27386.75,1381,0
4883,2024-03-31 07:42:01,7,6,1,47.23,Hotel Lobby,Amex,0,1,3,7,48.17,26169.68,3215,0
141,2024-10-07 01:54:45,1,0,0,230.08,University Campus,MasterCard,0,0,3,5,37.62,39211.64,988,0
9033,2024-06-04 20:38:15,20,1,0,419.72,Shopping Mall,Visa,0,1,1,8,24.37,9045.18,3302,0
6937,2024-06-28 07:24:36,7,4,0,252.96,Train Station,Amex,0,1,2,3,33.89,26850.05,2656,0
6543,2024-10-28 02:00:13,2,0,0,343.52,Airport Terminal,RuPay,0,1,3,8,31.03,45920.65,3121,0
5244,2024-05-31 13:10:45,13,4,0,298.47,Gas Station,Amex,0,1,1,6,29.38,32092.62,2177,0
4432,2024-03-05 16:35:07,16,1,0,291.76,Hospital,MasterCard,0,1,1,7,16.29,37467.61,164,0
407,2024-12-17 23:21:41,23,1,0,37.6,Suburban Branch,Amex,0,1,1,6,19.62,44582.73,2445,0
8213,2024-07-02 18:58:22,18,1,0,328.48,Hotel Lobby,RuPay,0,1,3,6,27.76,32521.47,222,0
8377,2024-09-24 21:18:10,21,1,0,442.89,University Campus,RuPay,1,1,1,7,41.12,32466.45,2726,0
8628,2024-04-28 17:46:39,17,6,1,142.5,Airport Terminal,MasterCard,1,1,3,8,38.68,1917.15,280,0
8235,2024-03-24 20:45:47,20,6,1,44.2,Airport Terminal,Amex,0,1,3,7,45.45,14185.04,1599,0
4400,2024-08-02 21:57:58,21,4,0,467.95,Downtown Branch,Amex,0,1,3,7,44.03,4045.81,711,0
5253,2024-01-04 01:10:27,1,3,0,20.59,Train Station,MasterCard,0,1,2,2,30.72,37570.07,872,0
12,2024-10-25 11:51:33,11,4,0,327.66,Hospital,Visa,0,1,1,5,48.59,38121.91,2109,0
4761,2024-07-14 04:07:53,4,6,1,393.65,Gas Station,MasterCard,0,1,1,1,30.34,36577.64,2913,0
1178,2024-08-09 02:19:04,2,4,0,320.24,Hotel Lobby,MasterCard,0,1,3,7,27.6,43185.57,3512,0
2864,2024-08-31 22:35:33,22,5,1,496.09,Hotel Lobby,MasterCard,1,0,3,7,3.51,7011.29,324,0
6472,2024-04-22 05:29:25,5,0,0,371.15,Shopping Mall,RuPay,1,1,1,7,49.06,17874.49,2497,0
6229,2024-04-14 11:57:33,11,6,1,258.09,Shopping Mall,MasterCard,0,1,3,2,11.84,42277.89,3541,0
2990,2024-10-15 16:48:01,16,1,0,23.48,Suburban Branch,Amex,0,1,1,5,31.89,17413.24,3593,0
7118,2024-04-14 07:45:21,7,6,1,185.04,Hospital,Amex,0,1,2,1,12.18,1576.61,2246,0
7011,2024-01-05 23:32:56,23,4,0,137.61,Shopping Mall,RuPay,0,1,1,3,22.02,11890.34,555,0
8558,2024-06-27 20:40:50,20,3,0,389.15,Shopping Mall,MasterCard,0,1,3,4,42.5,8612.28,2029,0
1441,2024-12-02 00:13:19,0,0,0,303.41,Shopping Mall,RuPay,0,1,2,7,12.22,917.26,960,0
9748,2024-08-20 02:37:11,2,1,0,4540.63,Remote Village,RuPay,5,1,4,29,2699.35,703.03,180,1
2876,2024-07-26 20:18:29,20,4,0,402.23,Hotel Lobby,MasterCard,0,1,3,8,23.42,11446.19,1895,0
9099,2024-09-03 01:10:16,1,1,0,491.87,Downtown Branch,MasterCard,1,1,2,8,42.32,15587.14,1672,0
8789,2024-07-03 15:37:34,15,2,0,289.93,Suburban Branch,Amex,1,1,2,4,47.72,34571.51,2552,0
7233,2024-10-29 12:26:33,12,1,0,95.02,Remote Village,RuPay,0,1,1,5,44.56,23966.87,714,0
3727,2024-01-17 05:17:37,5,2,0,270.52,Hotel Lobby,Visa,0,1,3,8,43.98,14584.96,3573,0
2773,2024-05-20 13:10:55,13,0,0,248.75,Hospital,Visa,0,1,2,4,44.72,43340.79,2682,0
455,2024-01-12 02:18:13,2,4,0,36.87,Hotel Lobby,MasterCard,0,1,2,5,27.43,6842.23,2887,0
8190,2024-04-05 12:28:21,12,4,0,269.05,Hotel Lobby,RuPay,0,1,3,8,28.08,21070.45,2556,0
1368,2024-10-15 11:31:21,11,1,0,467.88,Remote Village,RuPay,0,1,2,4,44.33,40911.23,1508,0
3713,2024-11-02 03:44:29,3,5,1,487.12,Suburban Branch,MasterCard,0,0,2,1,37.93,46587.73,2811,0
9853,2024-12-05 11:35:17,11,3,0,145.78,Airport Terminal,RuPay,2,0,12,24,4326.33,-325.68,23,1
1389,2024-11-17 10:19:07,10,6,1,392.51,Gas Station,Amex,0,1,1,7,47.24,33113.09,73,0
1001,2024-10-11 06:44:58,6,4,0,465.45,University Campus,Visa,0,1,3,5,26.48,24731.45,1805,0
7762,2024-04-29 12:11:40,12,0,0,181.78,Remote Village,MasterCard,0,1,2,4,38.4,39941.88,2770,0
3554,2024-03-24 11:34:31,11,6,1,321.74,Train Station,MasterCard,0,1,3,1,8.17,45066.97,152,0
4115,2024-07-14 13:42:36,13,6,1,465.87,Airport Terminal,RuPay,0,1,3,3,7.84,14345.7,2757,0
1668,2024-05-13 02:22:21,2,0,0,358.07,University Campus,MasterCard,0,1,2,8,5.08,2788.77,2948,0
3174,2024-03-11 13:36:07,13,0,0,117.14,Gas Station,Visa,0,1,2,5,28.91,49983.34,405,0
9398,2024-07-22 09:47:49,9,0,0,384.59,Downtown Branch,Amex,0,1,2,2,34.31,6544.19,2954,0
489,2024-01-22 00:30:32,0,0,0,166.3,Suburban Branch,RuPay,0,1,2,4,7.66,33714.4,1639,0
3231,2024-12-29 20:10:13,20,6,1,266.38,Remote Village,Amex,0,1,2,5,37.09,22728.78,453,0
3829,2024-07-03 03:53:43,3,2,0,62.8,Remote Village,RuPay,0,1,2,2,16.28,35219.78,779,0
8652,2024-07-27 08:43:36,8,5,1,69.23,Downtown Branch,Visa,0,1,3,6,46.41,46542.09,967,0
5209,2024-05-11 04:56:35,4,5,1,467.37,Hospital,RuPay,0,1,2,2,27.17,47628.21,3589,0
7849,2024-09-03 19:11:37,19,1,0,283.86,Gas Station,RuPay,0,1,3,2,13.45,25852.6,3536,0
5705,2024-10-11 22:44:17,22,4,0,379.59,Gas Station,MasterCard,0,1,3,5,38.68,22216.94,832,0
9640,2024-01-21 23:28:42,23,6,1,178.47,University Campus,RuPay,3,1,3,12,3168.58,1472.95,198,1
8134,2024-10-31 13:12:05,13,3,0,407.24,University Campus,RuPay,0,0,1,6,46.39,17617.45,1294,0
704,2024-02-02 08:19:27,8,4,0,219.8,Hotel Lobby,MasterCard,0,1,2,8,31.19,13327.21,3599,0
5106,2024-07-08 17:08:44,17,0,0,280.91,Suburban Branch,Visa,0,1,1,2,33.95,31979.47,3149,0
8894,2024-05-03 21:07:51,21,4,0,377.0,Gas Station,Amex,1,1,3,3,17.61,32319.34,3650,0
3292,2024-05-17 17:10:01,17,4,0,310.07,University Campus,Amex,0,0,3,4,1.53,35102.1,264,0
8126,2024-04-27 08:13:17,8,5,1,447.78,Gas Station,RuPay,0,1,2,4,6.72,5532.24,1303,0
9632,2024-09-22 02:54:45,2,6,1,357.19,Suburban Branch,MasterCard,0,1,6,11,1459.97,-115.6,173,1
9022,2024-02-21 22:14:27,22,2,0,123.89,Suburban Branch,RuPay,0,1,3,2,27.89,25216.3,303,0
4910,2024-02-17 18:31:31,18,5,1,492.31,Remote Village,Amex,0,1,2,6,31.9,42450.32,3031,0
4441,2024-04-28 23:24:07,23,6,1,300.2,Hospital,Amex,0,1,3,8,32.24,13539.59,1356,0
987,2024-03-07 11:08:16,11,3,0,308.69,University Campus,RuPay,0,1,2,1,32.18,42819.54,49,0
9237,2024-03-16 08:49:46,8,5,1,322.85,Shopping Mall,MasterCard,1,1,1,7,11.44,32246.61,1992,0
9884,2024-01-16 16:28:36,16,1,0,208.68,Airport Terminal,RuPay,3,1,14,26,1965.24,1030.23,136,1
7706,2024-02-09 19:52:17,19,4,0,35.85,Gas Station,RuPay,0,1,2,5,38.0,48933.72,3320,0
6258,2024-10-19 04:24:00,4,5,1,359.71,Gas Station,Amex,0,1,3,3,37.75,972.95,1553,0
6090,2024-11-29 23:17:58,23,4,0,112.21,Suburban Branch,Amex,0,1,2,6,29.12,23793.36,3414,0
5239,2024-05-29 20:19:06,20,2,0,479.27,Shopping Mall,MasterCard,0,1,3,6,35.91,28105.65,3281,0
1199,2024-01-01 04:36:53,4,0,0,140.84,Gas Station,Amex,0,1,1,6,25.36,25758.59,2673,0
9071,2024-11-04 01:31:06,1,0,0,90.44,Gas Station,RuPay,0,1,1,5,26.38,4344.78,1233,0
7520,2024-07-30 03:12:42,3,1,0,379.58,Hospital,MasterCard,0,1,3,7,17.42,32242.83,2705,0
6813,2024-02-17 22:32:53,22,5,1,390.72,Train Station,MasterCard,0,1,1,4,7.81,40757.08,2870,0
8321,2024-04-24 17:34:47,17,2,0,414.09,University Campus,Visa,0,1,2,2,25.63,9130.54,1391,0
7176,2024-02-01 21:07:35,21,3,0,402.27,Train Station,MasterCard,0,1,1,6,26.71,43607.42,510,0
4471,2024-03-04 03:12:21,3,0,0,368.3,Train Station,MasterCard,1,1,3,1,32.01,1482.13,1345,0
892,2024-02-12 23:28:42,23,0,0,110.99,Hospital,Amex,0,1,2,1,8.02,10029.7,1993,0
1970,2024-08-14 08:27:09,8,2,0,197.94,Hotel Lobby,MasterCard,0,1,2,6,31.76,28593.63,3119,0
5758,2024-05-30 16:05:29,16,3,0,430.44,Remote Village,RuPay,1,1,3,8,28.67,43968.56,2362,0
6528,2024-08-30 22:02:13,22,4,0,247.91,University Campus,Amex,0,1,3,2,9.31,44383.93,3435,0
6295,2024-05-12 18:57:32,18,6,1,432.58,University Campus,Amex,0,1,1,6,6.61,3839.61,1165,0
7596,2024-06-16 09:51:52,9,6,1,460.38,University Campus,Amex,0,1,3,8,30.97,27920.96,3147,0
3250,2024-06-06 15:14:11,15,3,0,156.82,University Campus,MasterCard,0,1,3,4,35.38,47027.51,1805,0
6571,2024-06-03 16:33:51,16,0,0,472.35,University Campus,Visa,0,1,1,6,3.71,46471.09,154,0
6639,2024-03-04 21:47:13,21,0,0,434.33,Shopping Mall,Visa,0,1,1,7,28.08,16393.32,1719,0
7352,2024-08-04 14:01:17,14,6,1,280.7,Hotel Lobby,Amex,0,1,1,2,46.28,46736.81,2654,0
9173,2024-11-06 13:41:16,13,2,0,370.42,Train Station,MasterCard,0,1,3,7,16.53,4272.84,1958,0
7474,2024-07-31 12:03:08,12,2,0,317.87,Airport Terminal,Amex,0,1,3,7,36.75,48570.98,41,0
9602,2024-07-29 22:55:32,22,0,0,212.72,Hotel Lobby,Amex,2,1,4,29,2590.71,-75.55,48,1
8674,2024-08-01 16:56:48,16,3,0,59.11,Hospital,RuPay,0,1,1,4,10.76,36105.86,1482,0
1240,2024-06-24 13:54:56,13,0,0,496.5,Gas Station,Amex,0,1,1,5,32.77,25773.1,1411,0
2290,2024-06-22 10:52:34,10,5,1,298.84,Airport Terminal,Visa,0,1,2,7,24.82,15762.34,2460,0
2741,2024-08-13 05:42:44,5,1,0,25.0,Hospital,MasterCard,0,1,2,7,0.57,21750.28,2993,0
4586,2024-10-03 21:27:06,21,3,0,48.63,Train Station,Amex,0,1,2,2,13.46,48607.67,1962,0
1230,2024-05-21 18:40:49,18,1,0,441.96,Shopping Mall,Amex,0,1,1,5,20.18,18721.89,3476,0
6981,2024-12-22 16:07:16,16,6,1,73.69,Suburban Branch,MasterCard,0,1,3,3,43.87,2716.84,682,0
5179,2024-04-29 07:02:50,7,0,0,259.35,Downtown Branch,Amex,1,1,1,1,32.42,38166.62,2965,0
4294,2024-03-25 11:31:36,11,0,0,386.77,University Campus,RuPay,0,1,3,4,34.48,25862.34,808,0
1059,2024-01-13 03:47:38,3,5,1,279.94,Downtown Branch,Visa,0,1,2,5,40.51,29588.84,3131,0
6263,2024-07-31 04:10:44,4,2,0,285.46,Airport Terminal,Amex,0,1,3,6,35.99,28228.29,688,0
282,2024-04-12 02:52:06,2,4,0,361.92,Airport Terminal,Amex,0,1,3,6,2.77,42982.05,713,0
969,2024-06-18 20:52:41,20,1,0,130.87,Shopping Mall,MasterCard,0,1,3,7,42.15,31403.19,1095,0
3954,2024-02-08 06:32:53,6,3,0,474.35,Gas Station,Amex,0,1,2,1,21.51,38978.49,2674,0
1940,2024-06-03 18:01:27,18,0,0,86.98,Hospital,Amex,0,1,3,1,0.9,27263.77,1138,0
8465,2024-04-21 04:57:13,4,6,1,249.97,Suburban Branch,RuPay,0,1,3,6,24.93,24015.72,349,0
1275,2024-01-26 02:39:14,2,4,0,477.52,Suburban Branch,MasterCard,0,1,3,1,44.79,23883.66,2923,0
620,2024-12-18 19:20:21,19,2,0,340.05,Hospital,Visa,0,1,2,1,14.23,17632.62,1855,0
8506,2024-08-08 23:18:45,23,3,0,214.76,Suburban Branch,Visa,0,1,3,3,27.21,259.21,1871,0
1743,2024-05-08 16:56:28,16,2,0,29.38,Hospital,RuPay,0,1,3,7,21.1,4692.17,83,0
1391,2024-05-16 12:11:20,12,3,0,34.9,Hospital,RuPay,0,1,1,7,34.43,31049.56,1467,0
2204,2024-12-24 11:01:47,11,1,0,484.97,Train Station,Amex,0,1,1,2,39.32,31530.76,2848,0
3569,2024-06-06 02:13:53,2,3,0,490.25,University Campus,Visa,1,1,3,7,46.99,15496.07,3080,0
6117,2024-01-21 21:45:04,21,6,1,74.5,Airport Terminal,RuPay,0,1,1,4,29.73,9609.51,335,0
9971,2024-10-10 06:35:06,6,3,0,300.27,University Campus,Visa,0,0,15,24,2087.81,-216.13,118,1
6053,2024-11-15 09:38:20,9,4,0,98.26,University Campus,MasterCard,0,1,3,6,21.45,20471.26,1646,0
3179,2024-03-09 20:14:23,20,5,1,254.65,Suburban Branch,RuPay,0,1,2,6,28.4,18107.91,2319,0
3193,2024-04-16 08:03:46,8,1,0,150.34,Shopping Mall,Amex,0,1,1,8,19.78,24690.45,1767,0
6100,2024-11-28 20:34:27,20,3,0,492.3,University Campus,Visa,0,0,3,8,49.33,30995.44,1385,0
7030,2024-08-26 06:44:22,6,0,0,196.21,Suburban Branch,Amex,0,1,3,5,8.23,11663.31,3518,0
576,2024-04-13 11:22:04,11,5,1,92.77,Hospital,Visa,0,1,3,8,23.91,20255.25,3010,0
6657,2024-03-31 10:11:02,10,6,1,66.56,Downtown Branch,Amex,1,1,1,4,11.35,42428.4,694,0
7116,2024-07-02 12:42:56,12,1,0,118.73,Suburban Branch,MasterCard,0,1,1,2,7.98,42312.66,2457,0
8803,2024-12-11 06:23:03,6,2,0,154.88,Suburban Branch,MasterCard,0,1,1,2,2.38,20349.68,871,0
6277,2024-05-28 09:13:05,9,1,0,164.73,Train Station,RuPay,0,1,3,6,42.79,45093.77,1282,0
8985,2024-04-15 21:45:51,21,0,0,257.17,Gas Station,Amex,0,1,3,1,25.4,12892.65,2419,0
5898,2024-08-02 12:47:42,12,4,0,218.68,Train Station,Amex,0,1,1,8,45.92,10066.3,947,0
5725,2024-07-15 11:49:59,11,0,0,166.72,Gas Station,RuPay,0,1,1,6,10.66,46335.77,3113,0
270,2024-11-30 02:57:09,2,5,1,222.71,Airport Terminal,MasterCard,0,1,1,2,5.16,18441.33,1255,0
630,2024-04-15 10:10:51,10,0,0,349.01,Airport Terminal,RuPay,0,1,2,3,0.64,25956.72,1557,0
3082,2024-01-03 16:21:54,16,2,0,280.74,Shopping Mall,MasterCard,0,1,2,1,10.22,22343.97,1124,0
3467,2024-03-16 08:01:50,8,5,1,62.7,Remote Village,Visa,0,1,1,4,41.04,44852.2,474,0
6431,2024-01-28 13:09:11,13,6,1,455.08,University Campus,Amex,0,1,2,7,35.96,24249.01,1707,0
9312,2024-06-12 11:38:17,11,2,0,33.5,Shopping Mall,Visa,1,1,2,7,7.36,16361.25,2151,0
7063,2024-03-29 11:08:16,11,4,0,205.36,Train Station,RuPay,0,1,3,3,27.93,40190.55,2195,0
9728,2024-02-26 10:21:57,10,0,0,171.12,Airport Terminal,RuPay,1,1,15,23,4349.8,-154.56,220,1
5544,2024-03-19 06:41:15,6,1,0,280.87,Shopping Mall,Visa,0,1,2,5,0.65,34757.17,3454,0
4357,2024-12-17 06:36:37,6,1,0,94.25,Gas Station,MasterCard,0,1,2,8,19.69,18972.47,1726,0
2114,2024-10-29 22:49:58,22,1,0,180.0,Hotel Lobby,RuPay,0,1,3,3,47.57,5983.43,1024,0
8220,2024-04-17 23:28:01,23,2,0,145.33,Hospital,Amex,0,1,2,2,21.29,35712.21,2071,0
3217,2024-07-18 15:30:18,15,3,0,47.72,Airport Terminal,Amex,0,1,3,4,39.59,39315.17,3321,0
3815,2024-05-30 16:26:49,16,3,0,403.6,Suburban Branch,RuPay,0,1,2,1,10.34,3572.99,1256,0
8322,2024-06-01 17:40:54,17,5,1,336.73,Airport Terminal,RuPay,1,1,1,5,40.92,43229.27,750,0
8590,2024-10-17 11:02:44,11,3,0,49.18,Airport Terminal,MasterCard,0,0,1,8,30.46,39607.5,727,0
2279,2024-02-27 03:26:01,3,1,0,332.32,Downtown Branch,MasterCard,0,1,1,6,45.57,30063.18,3154,0
4600,2024-10-25 18:29:23,18,4,0,351.01,Gas Station,Amex,0,1,1,8,44.93,12079.08,1332,0
14,2024-08-20 14:34:05,14,1,0,175.59,Hotel Lobby,Visa,0,1,2,4,2.9,43912.68,352,0
9226,2024-03-15 18:34:39,18,4,0,109.45,Shopping Mall,Amex,1,1,1,3,39.96,10348.33,503,0
1526,2024-10-13 05:22:16,5,6,1,356.13,Airport Terminal,MasterCard,1,1,2,3,2.64,9071.65,3617,0
2366,2024-10-26 16:23:01,16,5,1,31.96,Shopping Mall,RuPay,0,1,1,3,26.48,41556.61,1738,0
4649,2024-09-13 20:07:59,20,4,0,82.02,Remote Village,Amex,0,1,2,7,5.48,4902.27,3515,0
375,2024-11-21 18:19:58,18,3,0,300.86,Shopping Mall,Amex,1,1,1,3,5.18,32910.34,2512,0
8522,2024-12-28 19:06:02,19,5,1,54.81,Downtown Branch,RuPay,0,1,3,5,23.09,38486.03,1445,0
6478,2024-12-15 23:12:12,23,6,1,56.65,Hospital,RuPay,1,1,1,3,43.0,21063.6,1448,0
526,2024-10-13 09:42:12,9,6,1,427.07,Hospital,MasterCard,0,1,2,6,28.02,31911.43,76,0
6896,2024-02-07 18:00:10,18,2,0,451.45,Hotel Lobby,MasterCard,0,1,3,8,8.48,13645.81,1744,0
3592,2024-04-14 13:10:19,13,6,1,38.26,Suburban Branch,Amex,0,1,1,6,28.52,4199.19,557,0
7905,2024-07-30 00:54:18,0,1,0,373.01,Suburban Branch,MasterCard,0,1,2,1,46.18,29523.31,375,0
2959,2024-06-27 02:19:51,2,3,0,469.97,University Campus,RuPay,2,1,2,7,37.08,38595.17,2842,0
530,2024-11-20 07:44:58,7,2,0,270.12,Hotel Lobby,Amex,0,1,1,4,28.87,16652.79,3289,0
3715,2024-10-13 08:51:17,8,6,1,271.78,Downtown Branch,MasterCard,0,1,3,5,41.06,14445.36,1715,0
4733,2024-08-19 19:56:08,19,0,0,201.96,Remote Village,Amex,0,1,1,3,6.9,18974.11,1284,0
1395,2024-06-28 21:09:01,21,4,0,151.88,Suburban Branch,MasterCard,0,1,1,5,29.28,34941.01,2041,0
5632,2024-02-07 15:53:11,15,2,0,170.66,University Campus,MasterCard,0,1,2,7,20.78,14063.15,3124,0
6564,2024-02-06 12:00:56,12,1,0,421.41,Remote Village,MasterCard,0,1,2,3,32.6,5864.7,1545,0
4704,2024-06-11 09:10:05,9,1,0,70.32,Hotel Lobby,RuPay,0,1,2,3,23.35,12456.82,2727,0
1713,2024-04-10 05:33:34,5,2,0,403.49,Shopping Mall,RuPay,1,1,1,7,16.83,14530.6,474,0
9756,2024-10-20 21:38:47,21,6,1,187.01,Remote Village,RuPay,3,1,12,15,2016.44,932.79,103,1
956,2024-11-15 15:03:44,15,4,0,24.77,Remote Village,Amex,0,1,3,3,16.19,49319.76,3037,0
6676,2024-05-13 01:22:41,1,0,0,142.34,Shopping Mall,MasterCard,0,1,3,3,43.58,25018.6,2584,0
3454,2024-11-19 06:59:17,6,1,0,22.98,Hotel Lobby,RuPay,0,1,2,7,6.1,7547.11,3144,0
2072,2024-03-17 17:59:52,17,6,1,194.71,Suburban Branch,Visa,2,1,1,5,42.43,35170.53,2876,0
9741,2024-12-18 12:10:47,12,2,0,142.77,Remote Village,MasterCard,3,0,11,12,3840.66,239.31,40,1
159,2024-01-14 12:20:59,12,6,1,80.59,Hotel Lobby,Amex,0,1,3,1,30.25,33985.2,1549,0
7006,2024-06-11 19:17:24,19,1,0,415.96,Gas Station,Amex,0,1,1,5,31.9,9640.1,1022,0
353,2024-05-25 17:02:48,17,5,1,440.74,Suburban Branch,Visa,0,1,3,1,33.1,32713.02,110,0
6079,2024-02-04 06:15:58,6,6,1,87.63,Hotel Lobby,MasterCard,1,1,2,1,46.13,326.14,3355,0
6237,2024-04-19 22:53:15,22,4,0,490.9,Hotel Lobby,Visa,0,1,1,2,35.66,39099.81,3340,0
2921,2024-05-02 08:34:53,8,3,0,113.87,Hotel Lobby,MasterCard,0,1,3,6,40.44,14308.7,1875,0
4645,2024-12-24 22:10:19,22,1,0,151.42,Airport Terminal,Visa,0,1,1,7,3.75,43944.18,39,0
662,2024-02-28 10:30:24,10,2,0,378.29,Hospital,MasterCard,0,1,1,4,42.3,13420.04,1205,0
7058,2024-01-06 04:17:26,4,5,1,318.2,Train Station,Amex,0,1,2,3,42.02,28195.25,2233,0
3666,2024-06-30 20:30:04,20,6,1,206.81,Hospital,Amex,0,1,3,6,44.81,41892.77,857,0
7980,2024-11-02 16:35:50,16,5,1,125.75,Shopping Mall,Visa,0,1,3,5,3.39,16930.45,1615,0
307,2024-01-24 03:06:06,3,2,0,30.52,Shopping Mall,RuPay,0,1,3,6,48.03,18742.18,2742,0
4791,2024-08-10 23:39:36,23,5,1,55.73,University Campus,RuPay,1,1,3,5,5.29,2706.64,2651,0
2357,2024-10-31 09:07:11,9,3,0,114.3,Train Station,MasterCard,0,1,2,5,41.92,37458.4,3435,0
1928,2024-07-24 04:37:31,4,2,0,248.9,Downtown Branch,Amex,0,1,2,8,19.28,32567.07,1760,0
9940,2024-01-15 15:38:04,15,0,0,245.71,Downtown Branch,Visa,1,0,13,24,4797.4,779.81,55,1
3428,2024-07-23 01:52:44,1,1,0,91.7,Downtown Branch,RuPay,0,1,1,8,7.54,1473.21,2713,0
3639,2024-09-15 18:18:59,18,6,1,376.29,Shopping Mall,Amex,0,1,3,6,6.31,34494.76,2850,0
1267,2024-11-26 23:09:42,23,1,0,146.42,Suburban Branch,Amex,0,1,1,7,5.18,47808.14,3366,0
1561,2024-12-30 14:40:18,14,0,0,40.24,Downtown Branch,Visa,0,1,1,6,19.53,44238.53,392,0
7180,2024-10-29 03:14:04,3,1,0,156.16,Suburban Branch,MasterCard,0,1,3,4,11.55,42012.72,685,0
4110,2024-07-24 19:10:23,19,2,0,47.78,Suburban Branch,RuPay,0,0,1,4,9.5,42736.78,2341,0
7868,2024-02-10 14:46:30,14,5,1,199.23,Airport Terminal,MasterCard,0,1,1,3,11.55,6962.43,2271,0
4905,2024-07-14 10:02:10,10,6,1,232.46,University Campus,MasterCard,1,1,1,1,20.03,34541.24,2551,0
7295,2024-12-17 20:17:50,20,1,0,320.31,Hotel Lobby,Visa,0,1,1,7,20.18,11877.96,490,0
515,2024-10-05 23:44:15,23,5,1,371.97,Train Station,MasterCard,0,1,1,7,36.34,48762.05,2537,0
895,2024-04-22 10:01:28,10,0,0,155.47,Hospital,Amex,0,1,1,3,12.47,38359.71,3569,0
22,2024-02-06 05:16:19,5,1,0,464.66,Shopping Mall,RuPay,0,1,2,4,43.23,45131.9,704,0
900,2024-09-13 11:39:38,11,4,0,377.48,Train Station,Amex,0,1,3,2,21.55,12687.93,2042,0
208,2024-03-21 00:49:11,0,3,0,52.3,Train Station,MasterCard,0,1,3,1,12.24,2307.41,1827,0
459,2024-12-08 14:20:47,14,6,1,289.07,Shopping Mall,RuPay,0,1,3,7,41.42,11107.56,354,0
2431,2024-06-06 23:36:48,23,3,0,320.23,Hospital,Visa,0,1,3,7,16.35,26738.21,1397,0
8443,2024-07-20 18:52:52,18,5,1,96.08,Hospital,MasterCard,1,1,1,3,26.36,25976.03,2609,0
3390,2024-06-29 00:53:11,0,5,1,137.25,Hospital,Visa,0,1,3,8,32.86,12892.72,3353,0
3912,2024-10-27 22:31:50,22,6,1,444.94,Remote Village,Amex,1,1,1,6,24.23,13078.53,384,0
5384,2024-01-12 02:45:03,2,4,0,487.84,Gas Station,Amex,0,1,1,2,1.67,386.46,2432,0
553,2024-10-03 10:12:40,10,3,0,203.74,Suburban Branch,Amex,0,1,1,8,6.95,27815.54,3484,0
3145,2024-11-25 19:20:58,19,0,0,47.15,Downtown Branch,Visa,0,1,3,4,16.52,38400.35,801,0
6918,2024-05-22 13:54:07,13,2,0,397.99,University Campus,RuPay,0,1,1,8,5.59,29592.95,1599,0
2057,2024-02-16 00:09:47,0,4,0,359.95,Remote Village,MasterCard,0,1,3,7,0.21,47303.81,2064,0
1926,2024-03-09 18:04:06,18,5,1,210.87,Hospital,MasterCard,0,1,1,1,48.66,9574.61,2749,0
635,2024-01-17 12:17:11,12,2,0,114.25,Suburban Branch,Visa,0,1,2,2,45.43,2259.75,1265,0
6083,2024-08-24 02:00:12,2,5,1,415.97,Remote Village,MasterCard,0,1,2,3,44.95,49283.71,2126,0
9271,2024-09-26 17:02:04,17,3,0,336.7,Hotel Lobby,Visa,0,1,2,4,19.12,9125.54,1268,0
9679,2024-09-09 14:11:56,14,0,0,246.16,Remote Village,RuPay,1,0,5,14,3149.6,1521.87,83,1
106,2024-06-03 14:55:49,14,0,0,152.42,Train Station,MasterCard,1,1,1,1,2.53,16742.11,545,0
3042,2024-12-22 07:05:40,7,6,1,34.9,Hospital,Amex,0,1,3,3,19.98,37442.28,3235,0
1710,2024-04-23 21:54:57,21,1,0,461.84,Gas Station,RuPay,2,1,3,7,21.57,20581.97,1368,0
90,2024-03-29 08:19:32,8,4,0,378.45,Airport Terminal,Visa,0,1,3,2,22.18,34730.66,148,0
7015,2024-08-23 11:43:55,11,4,0,486.76,Airport Terminal,MasterCard,1,1,2,2,10.54,44459.71,940,0
3175,2024-07-21 06:43:05,6,6,1,335.76,Hospital,MasterCard,2,1,1,5,9.07,1551.55,1622,0
918,2024-12-30 12:22:15,12,0,0,321.14,Downtown Branch,RuPay,0,1,1,6,42.64,4339.76,600,0
7834,2024-01-04 12:48:53,12,3,0,42.81,Airport Terminal,MasterCard,0,1,1,6,43.52,25704.2,3090,0
6733,2024-12-06 01:02:25,1,4,0,53.25,Hospital,Amex,0,1,2,6,47.5,9394.08,131,0
1950,2024-03-12 13:12:41,13,1,0,470.69,Remote Village,RuPay,0,1,1,4,46.59,32411.06,1237,0
6369,2024-01-05 21:25:31,21,4,0,351.23,Train Station,RuPay,1,1,2,7,24.79,17877.77,864,0
2,2024-01-13 08:14:09,8,5,1,34.3,Suburban Branch,MasterCard,0,1,3,4,35.8,35096.12,1748,0
8033,2024-07-09 14:27:17,14,1,0,264.5,Shopping Mall,RuPay,0,1,1,2,21.64,32576.47,2268,0
6048,2024-09-20 23:44:38,23,4,0,248.9,Shopping Mall,Visa,0,1,1,5,7.23,4666.36,1170,0
2721,2024-01-15 08:54:40,8,0,0,174.99,University Campus,Visa,1,1,1,7,39.23,12583.61,3296,0
9813,2024-06-27 05:17:12,5,3,0,387.84,Shopping Mall,RuPay,1,0,9,22,777.37,-467.19,365,1
3118,2024-08-20 03:18:59,3,1,0,161.7,Remote Village,Visa,0,1,2,6,1.81,17876.46,524,0
9466,2024-01-07 20:31:08,20,6,1,179.88,Gas Station,RuPay,0,1,3,8,43.94,22133.73,1236,0
3763,2024-12-26 13:11:14,13,3,0,343.34,Suburban Branch,MasterCard,0,1,3,3,46.64,15966.39,1656,0
214,2024-02-05 21:49:36,21,0,0,277.11,Downtown Branch,MasterCard,0,1,3,1,43.68,9489.35,3149,0
779,2024-01-12 12:41:22,12,4,0,115.58,University Campus,MasterCard,0,1,3,3,16.99,27769.8,761,0
3497,2024-07-28 20:57:30,20,6,1,380.29,Downtown Branch,Amex,0,1,1,1,33.28,10664.15,605,0
8818,2024-07-10 19:13:29,19,2,0,373.07,Airport Terminal,Visa,0,1,3,4,5.09,23981.2,3142,0
2044,2024-05-28 16:08:05,16,1,0,416.1,Remote Village,MasterCard,0,1,1,1,18.3,35987.01,3300,0
5421,2024-01-27 16:25:48,16,5,1,172.03,Remote Village,RuPay,1,1,1,4,36.27,21141.47,1959,0
6155,2024-06-14 07:41:01,7,4,0,405.71,Downtown Branch,RuPay,0,1,3,1,34.68,26814.37,1365,0
8358,2024-07-26 07:28:30,7,4,0,185.23,Hospital,MasterCard,2,1,1,4,5.72,13458.48,1559,0
8708,2024-08-05 20:24:22,20,0,0,129.87,Hospital,MasterCard,0,1,2,6,28.0,31108.03,499,0
8466,2024-11-10 21:28:39,21,6,1,404.73,Gas Station,MasterCard,0,1,2,8,22.96,27731.49,992,0
4168,2024-04-29 11:53:53,11,0,0,338.2,Hotel Lobby,MasterCard,0,1,3,8,2.82,349.43,524,0
3789,2024-11-09 02:19:59,2,5,1,103.53,Gas Station,Visa,0,1,1,6,48.26,31775.56,1956,0
584,2024-02-14 08:13:54,8,2,0,258.63,University Campus,RuPay,0,1,1,7,16.87,41811.21,3052,0
9912,2024-04-09 17:18:32,17,1,0,179.72,Suburban Branch,Amex,3,0,7,14,4826.17,1591.37,137,1
9987,2024-11-19 14:24:31,14,1,0,103.93,Shopping Mall,Amex,3,1,5,16,2968.11,723.18,39,1
117,2024-08-12 10:35:27,10,0,0,263.56,Train Station,Amex,0,1,1,6,42.27,18441.3,3153,0
6645,2024-10-11 22:39:02,22,4,0,374.94,Airport Terminal,MasterCard,0,1,2,3,40.75,28009.31,462,0
9034,2024-05-07 11:41:30,11,1,0,227.17,Remote Village,Amex,0,1,1,2,32.41,45716.91,1686,0
9952,2024-01-16 17:31:56,17,1,0,189.98,Airport Terminal,MasterCard,3,1,5,8,1003.58,402.37,20,1
8960,2024-06-12 07:30:32,7,2,0,189.8,Shopping Mall,RuPay,1,1,2,5,12.89,9564.38,249,0
1764,2024-09-28 12:20:04,12,5,1,160.66,Shopping Mall,RuPay,0,1,3,8,20.66,27811.11,903,0
1876,2024-10-07 23:49:49,23,0,0,313.25,Downtown Branch,RuPay,0,1,3,6,5.33,38961.38,865,0
3225,2024-09-28 18:27:11,18,5,1,38.71,Hospital,Visa,2,1,1,1,15.05,43736.87,3232,0
527,2024-09-24 23:25:30,23,1,0,155.18,Gas Station,Amex,0,1,3,6,38.35,5780.45,1395,0
7726,2024-01-22 01:43:43,1,0,0,53.39,Train Station,RuPay,0,1,3,1,25.2,37536.86,1448,0
2947,2024-05-26 19:12:18,19,6,1,166.69,Remote Village,Visa,0,1,3,2,7.22,29173.4,811,0
4474,2024-06-10 11:10:09,11,0,0,267.61,Train Station,MasterCard,0,1,2,4,5.46,26058.8,2855,0
5656,2024-02-08 22:04:57,22,3,0,333.12,Airport Terminal,MasterCard,0,1,2,7,22.12,2734.04,2798,0
6060,2024-10-23 20:37:32,20,2,0,316.71,Hospital,Visa,0,1,2,7,29.06,16201.88,2758,0
960,2024-11-12 00:58:23,0,1,0,194.62,Gas Station,Amex,0,1,1,8,32.45,22854.27,1710,0
6343,2024-09-12 20:17:54,20,3,0,165.46,Airport Terminal,MasterCard,0,1,2,5,14.33,28570.9,276,0
3634,2024-01-05 23:55:34,23,4,0,483.36,Suburban Branch,Visa,0,1,2,6,25.28,49249.91,598,0
1051,2024-03-31 02:42:29,2,6,1,64.16,Hospital,MasterCard,0,1,3,1,49.55,843.44,2978,0
3381,2024-11-25 02:42:47,2,0,0,221.83,Shopping Mall,MasterCard,0,0,3,8,48.18,3827.7,1484,0
3677,2024-09-11 06:12:03,6,2,0,424.94,Downtown Branch,Visa,0,1,3,6,47.41,38118.69,451,0
5777,2024-04-27 17:55:05,17,5,1,427.08,Downtown Branch,RuPay,1,1,3,3,20.38,25610.62,2552,0
9046,2024-10-05 15:44:56,15,5,1,84.9,Train Station,MasterCard,0,1,3,3,12.69,41642.28,1786,0
6574,2024-12-29 23:58:49,23,6,1,349.06,Remote Village,Amex,0,1,2,6,30.47,45951.91,954,0
5180,2024-07-03 04:59:31,4,2,0,131.65,Suburban Branch,Visa,0,1,3,3,47.08,10857.0,2914,0
1608,2024-10-20 10:23:46,10,6,1,497.35,Remote Village,MasterCard,0,1,2,1,1.53,6328.79,1175,0
3611,2024-09-20 13:55:36,13,4,0,368.11,Airport Terminal,Amex,0,1,3,5,15.68,40843.33,2720,0
9759,2024-09-27 19:34:04,19,4,0,219.85,Gas Station,MasterCard,3,1,6,15,244.43,519.8,301,1
6636,2024-07-28 15:42:55,15,6,1,45.1,Shopping Mall,RuPay,1,1,3,4,15.87,35056.74,2628,0
9998,2024-06-11 03:30:47,3,1,0,331.29,Hospital,MasterCard,1,1,6,13,2062.77,-180.42,227,1
792,2024-01-04 07:32:29,7,3,0,389.64,Hotel Lobby,RuPay,0,1,2,7,41.09,37914.52,78,0
3057,2024-02-18 17:16:41,17,6,1,347.88,Hotel Lobby,Amex,0,1,1,4,2.05,13602.14,3217,0
1981,2024-11-28 06:37:57,6,3,0,261.1,Gas Station,Visa,0,1,1,5,10.61,23105.82,1670,0
3599,2024-01-22 01:22:52,1,0,0,339.19,Remote Village,MasterCard,0,1,1,4,23.56,27710.93,227,0
934,2024-08-03 05:06:27,5,5,1,361.48,Remote Village,RuPay,0,1,3,4,21.18,7924.35,406,0
7425,2024-05-05 05:14:45,5,6,1,365.74,Suburban Branch,Amex,0,0,3,4,14.6,1646.05,2605,0
5627,2024-07-21 00:37:26,0,6,1,316.97,University Campus,RuPay,0,1,2,4,16.83,9293.76,775,0
1683,2024-04-01 08:19:22,8,0,0,197.3,Remote Village,RuPay,0,1,3,8,45.04,44882.6,372,0
4180,2024-09-26 16:08:33,16,3,0,165.97,Hospital,RuPay,0,1,2,4,36.26,29438.68,1982,0
6447,2024-11-07 17:28:32,17,3,0,303.63,Downtown Branch,MasterCard,0,1,3,3,28.84,21707.74,2999,0
4117,2024-12-09 17:05:17,17,0,0,368.21,Suburban Branch,MasterCard,0,0,3,1,47.21,39937.0,1142,0
989,2024-11-18 06:45:52,6,0,0,405.21,Gas Station,Visa,0,1,2,7,3.99,38753.21,2052,0
2897,2024-09-28 15:13:20,15,5,1,428.4,Hospital,Visa,0,1,2,4,29.79,2431.47,466,0
3779,2024-11-25 00:48:12,0,0,0,102.64,Remote Village,RuPay,0,1,1,4,3.95,42187.1,3081,0
5659,2024-08-29 22:43:24,22,3,0,338.16,Hospital,MasterCard,0,1,3,5,3.79,8868.58,638,0
3094,2024-08-07 19:18:41,19,2,0,384.5,Train Station,Amex,0,1,3,7,11.39,30225.5,2549,0
3156,2024-03-02 16:28:33,16,5,1,23.42,Hospital,RuPay,0,1,2,7,35.43,26660.62,2243,0
1824,2024-02-19 02:48:55,2,0,0,57.96,Hotel Lobby,Amex,0,1,3,1,28.63,46272.12,2562,0
9623,2024-11-29 01:23:23,1,4,0,4590.76,Remote Village,Visa,4,0,9,20,1897.93,1930.38,10,1
1099,2024-03-26 22:45:32,22,1,0,294.8,University Campus,Visa,0,1,1,6,6.46,27034.39,2988,0
2845,2024-06-21 11:47:21,11,4,0,273.35,Airport Terminal,Visa,0,1,3,7,41.61,49635.75,1168,0
3343,2024-06-02 05:20:32,5,6,1,103.59,Airport Terminal,Amex,0,1,1,1,49.75,15725.42,3450,0
39,2024-10-02 06:21:27,6,2,0,229.31,Suburban Branch,Amex,0,1,3,4,18.21,3591.69,2750,0
6541,2024-02-24 01:10:30,1,5,1,185.12,Hospital,RuPay,1,1,3,3,47.54,13350.57,2282,0
9474,2024-08-14 00:04:15,0,2,0,460.21,University Campus,RuPay,0,1,3,1,32.72,37755.67,339,0
3357,2024-08-02 13:09:36,13,4,0,154.15,Shopping Mall,MasterCard,0,1,2,6,16.83,9887.61,3495,0
7814,2024-02-14 09:07:38,9,2,0,341.34,Train Station,Amex,0,1,1,1,43.29,7946.36,232,0
8221,2024-08-11 19:50:39,19,6,1,241.75,Remote Village,MasterCard,0,1,3,4,28.22,2280.29,1117,0
9228,2024-04-04 15:21:52,15,3,0,85.81,Hospital,MasterCard,0,1,1,7,27.42,47700.08,3064,0
2429,2024-11-09 17:13:39,17,5,1,456.6,Hotel Lobby,RuPay,0,1,2,7,30.68,48873.65,1095,0
5044,2024-05-17 04:08:42,4,4,0,495.23,Remote Village,RuPay,0,1,2,1,34.37,18700.65,2120,0
5347,2024-08-11 02:50:01,2,6,1,141.77,Train Station,MasterCard,0,1,1,7,27.53,26639.75,2528,0
4812,2024-12-26 21:53:00,21,3,0,437.78,Downtown Branch,RuPay,0,1,2,7,31.76,5189.34,2710,0
8477,2024-06-21 18:40:18,18,4,0,79.05,Train Station,RuPay,0,1,3,6,37.24,31414.92,748,0
687,2024-04-11 02:05:38,2,3,0,101.54,Hotel Lobby,Amex,0,1,1,2,15.87,26568.15,610,0
4800,2024-10-07 18:02:27,18,0,0,22.15,Hospital,RuPay,0,1,1,7,23.2,36511.85,2410,0
7438,2024-06-12 14:29:14,14,2,0,482.53,Hotel Lobby,Amex,0,1,1,7,26.74,38350.55,3629,0
2354,2024-02-09 10:06:19,10,4,0,208.95,University Campus,RuPay,0,1,1,1,12.24,24905.43,882,0
6354,2024-02-23 23:37:45,23,4,0,133.21,Suburban Branch,Amex,0,1,3,8,3.38,18266.19,353,0
4570,2024-07-25 16:51:05,16,3,0,40.47,Gas Station,MasterCard,0,1,2,2,39.24,15256.05,1074,0
8214,2024-05-26 17:00:26,17,6,1,263.08,Downtown Branch,RuPay,0,1,2,6,44.27,1387.67,1548,0
2753,2024-02-17 12:19:19,12,5,1,139.57,Train Station,MasterCard,0,1,1,6,28.01,48226.46,885,0
8074,2024-05-01 16:31:01,16,2,0,306.15,Hotel Lobby,Amex,0,1,2,1,18.81,36292.35,3646,0
1041,2024-10-27 17:47:51,17,6,1,215.85,Airport Terminal,RuPay,0,1,3,8,9.51,10452.99,3419,0
7492,2024-03-13 20:50:46,20,2,0,343.31,Airport Terminal,Visa,0,1,2,6,0.35,28247.39,328,0
1266,2024-10-20 21:36:46,21,6,1,288.76,Remote Village,RuPay,0,1,1,2,4.53,29938.67,3621,0
9266,2024-10-05 18:46:37,18,5,1,184.63,Gas Station,MasterCard,0,1,3,2,7.84,36550.68,2880,0
7060,2024-02-05 22:17:22,22,0,0,383.55,Remote Village,MasterCard,0,1,1,8,49.22,40748.41,2983,0
278,2024-04-17 18:11:12,18,2,0,60.13,University Campus,Visa,0,0,1,6,19.54,31751.28,3448,0
5085,2024-02-26 18:08:16,18,0,0,460.06,Downtown Branch,MasterCard,0,1,1,5,23.22,17896.24,1370,0
2383,2024-07-16 18:29:53,18,1,0,331.18,Shopping Mall,Visa,1,1,3,8,38.9,5220.11,51,0
572,2024-09-05 01:51:57,1,3,0,237.65,Hospital,Visa,2,1,3,6,12.87,39058.49,1165,0
1436,2024-08-10 20:48:17,20,5,1,395.92,Train Station,Visa,0,1,1,4,8.1,30339.94,203,0
5353,2024-03-24 10:21:34,10,6,1,151.08,Hotel Lobby,Amex,0,1,2,1,19.34,16154.8,3125,0
5446,2024-11-14 11:58:53,11,3,0,403.39,Hospital,RuPay,0,1,1,3,27.63,18969.66,1704,0
1008,2024-07-22 23:51:49,23,0,0,261.51,Airport Terminal,Amex,0,1,3,6,22.63,36767.27,2265,0
4544,2024-08-07 15:05:13,15,2,0,327.46,Train Station,RuPay,0,1,2,4,0.96,21360.74,1958,0
8817,2024-08-10 09:46:18,9,5,1,334.52,University Campus,MasterCard,0,1,2,4,19.28,17107.86,3378,0
2065,2024-01-11 16:13:43,16,3,0,285.21,Remote Village,RuPay,0,1,1,3,44.69,33874.62,3630,0
1137,2024-10-17 06:21:05,6,3,0,382.8,Downtown Branch,MasterCard,0,1,2,3,13.95,28295.49,1725,0
5344,2024-07-09 20:40:53,20,1,0,317.68,Train Station,Visa,0,1,1,4,11.42,49148.93,1366,0
295,2024-07-18 09:47:27,9,3,0,43.5,Shopping Mall,RuPay,0,1,2,8,27.8,27551.03,417,0
2404,2024-12-05 01:56:00,1,3,0,211.19,Suburban Branch,RuPay,0,1,2,5,42.29,29289.46,147,0
3999,2024-12-13 00:29:06,0,4,0,462.18,Hotel Lobby,RuPay,1,1,2,1,28.2,8797.04,509,0
3742,2024-01-20 18:34:22,18,5,1,368.76,Downtown Branch,MasterCard,0,1,3,8,7.95,20615.09,3063,0
9223,2024-01-25 17:01:46,17,3,0,211.5,Remote Village,MasterCard,0,1,2,8,24.42,4301.31,1371,0
2720,2024-05-30 08:14:40,8,3,0,425.58,Hospital,RuPay,0,1,2,8,14.93,29482.23,371,0
9200,2024-03-01 10:34:57,10,4,0,303.19,Airport Terminal,Amex,0,1,2,1,22.93,47780.51,588,0
5151,2024-11-05 05:17:14,5,1,0,120.25,Hotel Lobby,MasterCard,0,0,1,7,1.46,20994.68,3637,0
2809,2024-06-08 20:54:46,20,5,1,241.5,Hospital,RuPay,0,1,3,1,47.19,19008.02,2139,0
557,2024-01-13 23:53:14,23,5,1,489.55,Hotel Lobby,Amex,0,1,2,2,7.1,36591.53,3549,0
8926,2024-12-01 06:49:25,6,6,1,466.42,Gas Station,RuPay,0,1,2,3,5.07,27937.29,1755,0
4796,2024-03-24 03:24:28,3,6,1,165.39,Hotel Lobby,MasterCard,0,1,3,6,48.1,46843.1,1659,0
2470,2024-06-04 20:37:36,20,1,0,187.35,University Campus,MasterCard,0,1,2,6,29.89,43189.5,3527,0
3739,2024-03-16 01:41:47,1,5,1,243.3,Gas Station,RuPay,0,1,2,4,6.2,16111.16,2346,0
4287,2024-12-25 07:30:11,7,2,0,450.47,University Campus,Amex,0,1,3,8,44.29,37530.6,3032,0
2605,2024-07-18 16:20:21,16,3,0,496.5,Hospital,Visa,0,1,1,5,28.65,37961.17,1697,0
363,2024-10-29 14:20:15,14,1,0,192.13,Shopping Mall,Amex,0,1,2,2,44.38,22090.33,289,0
6925,2024-02-13 23:55:50,23,1,0,194.94,Remote Village,Amex,0,1,2,8,32.92,3853.4,1089,0
1705,2024-08-08 06:53:11,6,3,0,169.93,Airport Terminal,Visa,1,1,3,5,48.94,40198.61,231,0
2140,2024-05-31 02:34:34,2,4,0,187.5,Gas Station,RuPay,1,1,3,4,22.99,23249.71,2727,0
3240,2024-05-13 09:42:31,9,0,0,452.79,Train Station,MasterCard,1,1,2,1,18.78,6283.85,664,0
2384,2024-09-04 20:11:20,20,2,0,490.62,Suburban Branch,RuPay,0,1,3,5,49.41,40229.93,440,0
7315,2024-02-05 13:42:52,13,0,0,212.13,University Campus,Visa,0,1,1,4,48.61,27983.91,713,0
4312,2024-05-17 07:16:59,7,4,0,126.29,Train Station,Amex,0,1,3,6,28.14,34430.82,1162,0
1313,2024-04-05 12:57:09,12,4,0,124.14,University Campus,RuPay,0,1,3,6,45.02,27455.46,3159,0
3931,2024-12-23 18:59:51,18,0,0,460.93,Downtown Branch,Visa,0,1,2,3,49.31,40491.67,1599,0
6184,2024-03-10 14:36:27,14,6,1,492.45,Hotel Lobby,RuPay,0,1,3,1,18.12,27183.25,3198,0
1592,2024-12-21 10:00:27,10,5,1,109.59,Shopping Mall,RuPay,0,1,2,3,5.12,9749.93,2157,0
9388,2024-03-23 05:41:36,5,5,1,135.52,Hotel Lobby,Amex,0,0,2,5,39.77,11566.34,809,0
2163,2024-12-09 03:27:45,3,0,0,389.34,University Campus,Amex,0,1,2,1,26.69,41135.69,1291,0
2397,2024-07-30 13:15:47,13,1,0,384.59,Downtown Branch,Amex,0,1,3,7,28.32,2537.06,1250,0
318,2024-04-24 09:23:59,9,2,0,415.47,Train Station,RuPay,0,1,1,4,8.54,14661.39,365,0
5234,2024-06-05 16:19:55,16,2,0,104.21,Hospital,Amex,0,1,2,6,4.63,36089.4,3542,0
5069,2024-09-13 21:53:06,21,4,0,114.57,Hotel Lobby,RuPay,0,1,3,8,15.22,26433.4,1289,0
4037,2024-09-27 13:45:05,13,4,0,202.08,Hotel Lobby,Amex,0,1,3,2,5.9,34743.84,2374,0
3021,2024-01-28 05:24:47,5,6,1,341.94,Hospital,RuPay,0,0,3,4,4.71,47959.14,986,0
8229,2024-06-07 11:10:14,11,4,0,347.25,Downtown Branch,RuPay,0,1,1,5,37.98,32574.71,1486,0
5296,2024-11-06 03:21:53,3,2,0,303.9,Gas Station,MasterCard,0,1,1,3,1.43,40479.8,3174,0
3973,2024-12-01 08:32:49,8,6,1,387.72,Suburban Branch,RuPay,0,1,3,4,19.77,33603.16,776,0
5371,2024-07-29 02:17:12,2,0,0,462.13,Train Station,Amex,0,1,2,3,40.47,36634.8,2352,0
4134,2024-01-02 13:54:29,13,1,0,330.81,Airport Terminal,Visa,0,1,2,7,43.09,42782.08,2637,0
975,2024-03-22 16:06:01,16,4,0,349.92,Hotel Lobby,Visa,0,1,2,3,8.99,606.0,761,0
7292,2024-08-10 23:54:48,23,5,1,115.53,Airport Terminal,RuPay,0,1,1,3,16.02,37732.12,2118,0
955,2024-03-04 21:33:40,21,0,0,115.33,Train Station,RuPay,1,1,3,3,48.28,21895.52,2868,0
9307,2024-10-02 14:00:50,14,2,0,374.68,Gas Station,RuPay,0,1,3,7,25.19,49775.15,193,0
5017,2024-06-07 13:52:15,13,4,0,338.08,Suburban Branch,RuPay,0,1,1,8,20.21,22899.7,1849,0
9731,2024-04-01 15:12:59,15,0,0,273.9,Train Station,Amex,3,1,11,29,1000.98,1599.21,77,1
7491,2024-02-14 06:48:00,6,2,0,163.82,Remote Village,Amex,0,1,3,2,22.79,10223.08,62,0
1641,2024-08-12 07:42:19,7,0,0,409.17,Remote Village,RuPay,0,1,1,3,44.66,30220.01,3503,0
1291,2024-02-01 23:55:12,23,3,0,255.42,Hotel Lobby,Amex,0,1,3,7,15.29,49615.14,3186,0
1381,2024-02-27 08:02:27,8,1,0,410.83,Train Station,MasterCard,0,1,2,6,48.07,4413.63,1067,0
1934,2024-08-31 23:56:36,23,5,1,325.5,Gas Station,RuPay,0,1,3,1,22.25,31407.34,614,0
4676,2024-10-03 05:25:52,5,3,0,200.64,University Campus,Visa,0,1,2,8,32.35,24893.57,3570,0
893,2024-02-16 03:13:28,3,4,0,222.13,Shopping Mall,Visa,0,1,2,7,6.57,47888.16,3276,0
7288,2024-10-07 00:23:10,0,0,0,162.62,Hospital,MasterCard,0,1,3,5,12.46,35157.13,341,0
4877,2024-03-12 21:31:37,21,1,0,464.95,Hotel Lobby,Amex,0,1,1,5,0.24,17429.84,2801,0
7907,2024-11-19 00:28:07,0,1,0,22.04,Gas Station,RuPay,0,1,3,5,12.34,37432.44,3566,0
8195,2024-02-21 20:22:32,20,2,0,235.15,Airport Terminal,RuPay,1,1,3,8,13.8,36418.9,623,0
9380,2024-04-26 05:06:25,5,4,0,376.31,Airport Terminal,Amex,0,1,2,1,37.06,45038.94,3400,0
2467,2024-03-17 05:25:51,5,6,1,394.56,Shopping Mall,Visa,0,1,1,2,38.01,12269.47,2584,0
7658,2024-09-23 02:12:03,2,0,0,484.6,University Campus,Visa,0,1,2,3,27.93,26947.12,1487,0
1914,2024-07-25 03:46:17,3,3,0,176.82,Downtown Branch,RuPay,0,1,2,3,41.86,33718.59,204,0
2737,2024-11-23 15:49:43,15,5,1,76.19,Hotel Lobby,Amex,0,1,2,5,8.11,2668.07,2464,0
727,2024-09-27 20:54:02,20,4,0,185.72,Hospital,MasterCard,0,1,2,2,1.85,16791.2,3000,0
7215,2024-04-12 16:01:55,16,4,0,39.2,Airport Terminal,Amex,2,1,1,1,17.47,9388.5,2345,0
8246,2024-08-27 11:21:41,11,1,0,420.1,Shopping Mall,Amex,1,1,3,3,43.98,22789.6,3228,0
1797,2024-07-21 19:45:35,19,6,1,294.97,Downtown Branch,RuPay,0,1,3,2,21.69,38662.85,2090,0
3846,2024-12-01 15:50:25,15,6,1,456.39,Shopping Mall,RuPay,0,1,2,6,47.47,24391.92,997,0
6403,2024-05-10 08:49:38,8,4,0,440.43,Shopping Mall,MasterCard,1,1,2,1,17.7,38275.05,2826,0
937,2024-01-11 21:26:03,21,3,0,134.97,Airport Terminal,MasterCard,0,1,3,1,37.83,15525.09,2289,0
2266,2024-02-29 20:55:28,20,3,0,116.64,Downtown Branch,Visa,0,1,1,3,20.86,19271.14,572,0
825,2024-04-05 02:51:57,2,4,0,223.53,Gas Station,Amex,0,1,2,4,13.59,39086.32,357,0
7275,2024-12-29 17:38:07,17,6,1,483.45,Hospital,Amex,0,1,2,4,34.57,17135.93,2920,0
1390,2024-05-13 06:34:20,6,0,0,206.12,Hospital,Amex,0,1,2,1,33.96,48852.97,2077,0
3565,2024-08-15 19:50:32,19,3,0,306.19,Train Station,RuPay,0,1,2,4,16.16,32625.53,2576,0
5430,2024-09-20 16:59:37,16,4,0,150.09,Gas Station,RuPay,0,1,3,5,26.79,26310.34,3246,0
7828,2024-10-12 05:28:18,5,5,1,466.41,Suburban Branch,RuPay,0,1,2,8,19.65,13160.0,3098,0
5691,2024-08-06 15:37:09,15,1,0,479.41,Downtown Branch,Visa,0,1,3,8,18.35,35500.08,2603,0
7879,2024-04-19 05:00:35,5,4,0,210.68,Hotel Lobby,MasterCard,0,1,1,7,36.72,41590.84,3255,0
1869,2024-04-06 07:39:18,7,5,1,163.3,Gas Station,Amex,0,1,2,4,15.37,12944.15,328,0
8203,2024-02-01 11:14:36,11,3,0,189.11,Shopping Mall,Amex,0,1,1,3,12.76,43919.75,3069,0
7487,2024-11-25 11:10:58,11,0,0,256.5,Downtown Branch,RuPay,0,1,1,2,18.28,46143.04,3477,0
807,2024-05-23 04:49:55,4,3,0,56.74,Hotel Lobby,Visa,0,1,1,5,10.37,2327.29,139,0
4806,2024-04-13 02:12:53,2,5,1,355.97,Shopping Mall,Amex,0,1,2,4,16.21,35975.09,3598,0
9153,2024-07-18 18:04:13,18,3,0,47.68,University Campus,MasterCard,0,1,3,3,40.13,12251.3,392,0
7512,2024-04-03 02:57:07,2,2,0,314.61,Shopping Mall,Amex,0,1,3,4,48.42,20644.98,332,0
8057,2024-03-30 03:45:19,3,5,1,103.32,Hotel Lobby,RuPay,0,1,3,8,13.25,6665.63,1632,0
4495,2024-07-31 15:52:52,15,2,0,210.99,Shopping Mall,Visa,0,1,3,7,33.97,45817.39,3144,0
2633,2024-07-26 14:00:37,14,4,0,411.06,Remote Village,Amex,0,1,3,6,31.88,34718.95,2032,0
8901,2024-07-14 16:41:05,16,6,1,453.27,Gas Station,Visa,1,1,1,6,29.14,16106.02,962,0
8624,2024-07-18 16:55:32,16,3,0,173.6,Airport Terminal,Amex,0,1,2,8,26.55,18645.56,2644,0
7833,2024-09-15 23:48:21,23,6,1,266.93,Train Station,Amex,0,1,3,8,25.42,7811.4,1619,0
4389,2024-11-20 23:19:06,23,2,0,374.95,Train Station,MasterCard,2,1,2,1,39.54,3159.22,1890,0
146,2024-05-03 18:21:29,18,4,0,466.8,Hotel Lobby,MasterCard,0,1,1,1,14.34,41505.1,2881,0
6468,2024-04-16 04:37:52,4,1,0,454.44,Train Station,MasterCard,0,1,1,3,45.14,14399.33,1991,0
2034,2024-06-16 17:59:43,17,6,1,231.98,Airport Terminal,MasterCard,0,1,1,5,44.06,36078.78,3348,0
9128,2024-02-14 02:33:29,2,2,0,134.48,University Campus,Amex,0,1,2,6,46.14,9581.45,3341,0
1166,2024-08-22 19:29:26,19,3,0,211.36,Gas Station,Amex,0,1,2,4,0.94,20774.81,561,0
2051,2024-02-12 21:35:18,21,0,0,92.39,Hospital,MasterCard,0,1,3,6,8.18,12913.22,3248,0
3761,2024-06-07 17:56:13,17,4,0,72.9,Train Station,Amex,0,1,3,6,33.28,49090.69,64,0
4436,2024-12-26 07:11:01,7,3,0,113.66,Suburban Branch,MasterCard,0,0,3,8,31.48,39320.23,2715,0
3431,2024-11-02 15:13:52,15,5,1,318.11,University Campus,Amex,0,1,3,1,39.72,43199.83,2508,0
8191,2024-10-03 04:11:13,4,3,0,116.29,University Campus,Amex,0,1,2,7,0.08,2834.43,108,0
8754,2024-04-02 01:51:41,1,1,0,408.55,Shopping Mall,MasterCard,1,1,1,2,14.18,13152.28,2234,0
7070,2024-06-01 03:47:17,3,5,1,30.64,Shopping Mall,Amex,0,1,1,6,49.44,14111.52,3375,0
4362,2024-09-30 22:26:20,22,0,0,493.12,Airport Terminal,Amex,1,1,3,4,41.37,49105.81,1421,0
1772,2024-06-03 04:55:20,4,0,0,96.54,Downtown Branch,RuPay,0,1,3,6,45.12,16295.17,204,0
3512,2024-12-17 15:08:36,15,1,0,369.81,Hotel Lobby,RuPay,0,1,2,7,8.26,23888.53,785,0
272,2024-06-19 22:01:26,22,2,0,188.57,Shopping Mall,MasterCard,0,1,3,8,43.0,4425.73,441,0
8437,2024-05-09 04:42:19,4,3,0,400.95,Shopping Mall,RuPay,0,1,2,5,43.64,42956.54,2015,0
2033,2024-04-17 20:40:09,20,2,0,218.18,Hotel Lobby,RuPay,0,1,3,5,14.17,44539.48,1149,0
9665,2024-06-01 03:00:15,3,5,1,4210.71,Airport Terminal,RuPay,4,1,3,20,1058.62,1784.18,338,1
3811,2024-12-15 14:34:24,14,6,1,108.03,Shopping Mall,RuPay,0,1,3,5,43.83,36062.75,2443,0
4347,2024-02-05 17:24:48,17,0,0,386.28,Train Station,RuPay,0,1,2,3,20.32,36582.81,3039,0
546,2024-05-29 01:25:43,1,2,0,51.71,Remote Village,Visa,0,1,2,6,27.23,11884.1,2744,0
3242,2024-04-17 07:20:58,7,2,0,69.55,Downtown Branch,Amex,1,1,2,6,16.82,12108.92,1216,0
8503,2024-04-21 20:49:26,20,6,1,227.66,Downtown Branch,Amex,0,1,2,7,34.49,3177.06,1111,0
9919,2024-01-19 06:14:47,6,4,0,260.17,Remote Village,RuPay,1,0,8,9,4377.28,1613.89,185,1
7565,2024-11-23 18:49:03,18,5,1,170.67,Shopping Mall,MasterCard,0,1,3,1,38.53,49474.99,2157,0
921,2024-05-29 16:01:49,16,2,0,90.74,University Campus,RuPay,0,1,3,7,34.34,35771.07,490,0
9119,2024-10-02 13:36:13,13,2,0,111.26,Gas Station,RuPay,0,1,3,7,28.48,8178.98,2611,0
6641,2024-09-04 03:11:37,3,2,0,83.18,Downtown Branch,Amex,0,1,2,2,43.07,16830.51,3604,0
7695,2024-03-02 23:26:13,23,5,1,195.97,Suburban Branch,MasterCard,1,1,2,6,35.81,29660.32,1890,0
8231,2024-02-22 19:53:54,19,3,0,122.68,Train Station,Amex,0,1,2,1,5.18,26021.48,1606,0
7127,2024-09-06 16:14:12,16,4,0,314.14,Downtown Branch,Amex,0,1,1,5,16.89,8810.48,1488,0
4279,2024-04-05 09:55:59,9,4,0,75.89,Hotel Lobby,RuPay,0,1,2,7,24.77,30453.34,2485,0
2984,2024-06-17 01:54:25,1,0,0,300.32,Hotel Lobby,Amex,1,1,3,5,19.51,46124.89,2511,0
131,2024-12-01 15:21:52,15,6,1,486.07,Train Station,Visa,0,1,2,5,39.82,29611.85,1471,0
7981,2024-03-16 01:18:58,1,5,1,449.06,Hospital,Amex,1,1,3,1,22.06,40735.23,1914,0
2668,2024-08-20 21:36:42,21,1,0,321.68,Remote Village,Visa,1,1,3,8,48.27,4440.58,2839,0
7139,2024-06-08 09:57:58,9,5,1,226.9,University Campus,MasterCard,0,1,1,5,29.87,32742.74,924,0
3224,2024-03-24 11:57:44,11,6,1,64.84,Hotel Lobby,MasterCard,2,1,2,3,10.02,33248.63,2207,0
7694,2024-04-28 15:09:32,15,6,1,25.0,Remote Village,RuPay,0,1,3,4,14.47,19990.13,2474,0
5393,2024-05-10 06:18:37,6,4,0,460.52,Airport Terminal,Visa,0,1,3,2,8.27,22049.78,1744,0
615,2024-07-26 05:54:46,5,4,0,164.75,Hospital,Amex,1,1,1,8,46.39,7887.06,3054,0
9903,2024-02-27 04:41:54,4,1,0,208.79,Downtown Branch,Visa,2,0,6,16,1968.32,886.13,229,1
1467,2024-05-21 10:40:37,10,1,0,95.13,Airport Terminal,RuPay,0,1,2,7,9.33,24931.08,2726,0
4498,2024-07-30 11:47:24,11,1,0,336.46,University Campus,Amex,0,1,3,8,28.36,35735.9,985,0
3043,2024-05-12 16:49:45,16,6,1,183.1,Hospital,RuPay,0,0,2,3,37.08,25088.73,1040,0
2420,2024-11-05 14:00:35,14,1,0,366.25,Shopping Mall,RuPay,0,1,3,2,19.54,31340.57,2814,0
5086,2024-03-04 19:26:06,19,0,0,220.8,Hotel Lobby,MasterCard,0,1,1,1,48.27,40827.58,1438,0
3295,2024-12-26 10:17:56,10,3,0,496.53,Shopping Mall,RuPay,0,0,2,4,46.57,18493.56,117,0
6738,2024-07-13 09:52:13,9,5,1,276.09,Shopping Mall,MasterCard,0,1,2,6,49.82,13278.27,2390,0
1501,2024-03-30 15:43:50,15,5,1,499.11,Airport Terminal,MasterCard,0,1,1,4,13.83,5719.42,41,0
1522,2024-09-22 19:26:23,19,6,1,424.6,Airport Terminal,MasterCard,0,1,1,2,7.69,5511.14,969,0
9118,2024-12-18 10:22:57,10,2,0,83.94,Hotel Lobby,Amex,0,1,2,5,36.26,15478.16,420,0
4233,2024-10-28 06:45:48,6,0,0,472.52,Airport Terminal,MasterCard,0,1,3,1,40.05,11723.46,1246,0
7687,2024-03-25 04:58:18,4,0,0,199.31,Train Station,Visa,1,1,3,2,10.76,34862.97,773,0
4431,2024-04-15 09:44:02,9,0,0,253.98,Gas Station,MasterCard,1,1,3,1,32.85,1536.91,3315,0
391,2024-05-29 20:37:27,20,2,0,143.16,Downtown Branch,MasterCard,0,1,2,8,24.34,14892.06,2698,0
9859,2024-12-14 03:32:18,3,5,1,4078.98,Remote Village,MasterCard,4,1,9,17,969.99,-59.55,227,1
7125,2024-08-01 14:02:59,14,3,0,94.63,Hospital,Amex,0,1,2,1,33.6,18665.9,3536,0
5914,2024-04-16 04:41:10,4,1,0,277.01,Hotel Lobby,Visa,0,1,3,7,14.37,41214.43,2889,0
8593,2024-07-27 04:11:10,4,5,1,287.07,Hotel Lobby,Visa,0,1,2,5,33.78,21266.32,595,0
4807,2024-07-17 15:28:41,15,2,0,242.74,Train Station,Amex,0,1,2,2,6.58,29908.9,1376,0
8955,2024-11-13 21:43:39,21,2,0,469.92,Shopping Mall,Visa,0,1,2,6,34.84,29503.42,2880,0
8239,2024-03-18 02:11:20,2,0,0,250.41,Hotel Lobby,Amex,0,1,1,2,17.49,48667.75,34,0
8045,2024-11-07 22:01:22,22,3,0,459.67,Shopping Mall,Visa,0,1,2,8,40.27,40720.41,2279,0
9783,2024-11-09 14:47:28,14,5,1,283.75,Gas Station,RuPay,1,1,6,12,1985.88,518.11,291,1
3994,2024-01-24 13:01:05,13,2,0,388.53,Shopping Mall,RuPay,1,1,3,1,16.76,44566.25,1605,0
9552,2024-09-22 03:33:28,3,6,1,2228.26,Remote Village,RuPay,5,1,8,6,1855.3,592.78,176,1
6610,2024-07-23 10:03:05,10,1,0,331.09,Shopping Mall,MasterCard,1,1,2,2,48.63,7349.96,1494,0
5320,2024-11-19 07:47:26,7,1,0,353.58,Downtown Branch,Amex,0,1,1,2,17.29,14173.61,3195,0
7120,2024-04-04 00:05:52,0,3,0,290.33,Airport Terminal,Visa,1,1,1,7,17.62,15819.24,1181,0
2422,2024-08-15 11:48:24,11,3,0,94.55,Hospital,RuPay,1,1,3,5,32.36,18444.95,933,0
5605,2024-06-27 15:22:29,15,3,0,170.36,Airport Terminal,Visa,0,1,3,6,47.38,17717.38,3320,0
1751,2024-10-22 13:31:21,13,1,0,472.93,Hotel Lobby,RuPay,1,1,1,8,18.06,25573.79,512,0
9016,2024-08-19 06:36:09,6,0,0,182.76,Gas Station,Visa,0,1,2,6,30.2,6402.57,2590,0
9719,2024-10-02 01:20:22,1,2,0,4842.38,Remote Village,Visa,4,1,10,22,4703.16,562.36,128,1
339,2024-04-17 09:00:38,9,2,0,327.49,Gas Station,Visa,1,1,3,5,9.42,25912.95,1014,0
8408,2024-09-21 08:32:25,8,5,1,208.05,Train Station,Visa,0,1,3,3,39.0,19158.29,2949,0
1342,2024-12-03 08:42:22,8,1,0,451.56,Shopping Mall,Amex,0,1,2,7,47.48,43680.75,3258,0
9545,2024-08-08 06:28:16,6,3,0,360.96,Hospital,Amex,1,1,12,18,2370.12,1666.39,360,1
7983,2024-04-25 00:48:39,0,3,0,379.22,Train Station,RuPay,0,1,2,2,30.67,46826.57,3214,0
3641,2024-06-26 02:59:08,2,2,0,399.05,Hospital,Amex,0,1,2,5,39.77,30221.26,2080,0
330,2024-12-03 10:44:06,10,1,0,129.42,Train Station,MasterCard,0,1,2,5,36.44,30288.46,395,0
8829,2024-11-24 07:06:11,7,6,1,60.62,University Campus,MasterCard,0,1,2,6,5.21,19794.12,253,0
3005,2024-08-24 04:23:46,4,5,1,227.12,Train Station,Amex,0,1,3,5,17.67,24782.41,2357,0
6961,2024-02-24 11:54:36,11,5,1,237.23,Train Station,Visa,0,1,3,7,22.31,32722.72,2612,0
4091,2024-02-14 02:39:46,2,2,0,498.94,Downtown Branch,Amex,0,1,3,1,44.86,6001.59,2582,0
2323,2024-11-11 22:53:33,22,0,0,45.22,University Campus,Amex,0,1,1,7,10.91,28423.82,3234,0
6668,2024-12-12 06:18:27,6,3,0,347.29,Airport Terminal,RuPay,0,1,2,2,18.38,35209.12,1787,0
7010,2024-08-04 01:47:54,1,6,1,382.22,Hotel Lobby,MasterCard,0,1,2,4,20.63,43510.42,1468,0
4198,2024-04-28 00:12:57,0,6,1,227.46,Remote Village,Amex,0,1,2,2,16.43,30281.92,942,0
3550,2024-10-13 12:44:01,12,6,1,33.91,Remote Village,RuPay,0,1,1,8,21.11,16622.2,2009,0
8364,2024-12-20 10:51:18,10,4,0,213.19,University Campus,RuPay,0,1,1,6,27.61,11979.78,1619,0
4204,2024-09-29 11:59:25,11,6,1,252.4,Downtown Branch,RuPay,0,1,1,4,4.18,3318.55,3250,0
9311,2024-05-01 14:30:09,14,2,0,262.12,Train Station,Amex,0,1,1,1,48.65,35399.89,508,0
8937,2024-02-28 05:16:33,5,2,0,46.99,Airport Terminal,Visa,0,1,1,6,14.79,2559.61,1528,0
6186,2024-04-20 04:20:38,4,5,1,220.99,University Campus,MasterCard,0,1,3,7,13.59,13739.89,2858,0
1640,2024-10-13 06:24:32,6,6,1,376.96,Shopping Mall,Amex,0,1,2,4,47.09,28595.08,1099,0
61,2024-05-05 04:05:47,4,6,1,428.82,Airport Terminal,RuPay,0,1,2,4,37.52,28535.5,2766,0
1241,2024-12-12 14:57:11,14,3,0,109.43,Train Station,Amex,0,1,2,2,33.4,17184.51,2156,0
5761,2024-02-14 08:48:21,8,2,0,360.48,University Campus,MasterCard,1,1,3,1,4.89,23026.15,641,0
5137,2024-03-21 03:16:32,3,3,0,328.17,Gas Station,Amex,0,1,1,4,3.8,41065.92,2653,0
2344,2024-04-13 22:25:27,22,5,1,103.46,Remote Village,MasterCard,0,1,1,7,37.52,31869.2,1969,0
2121,2024-08-13 23:34:37,23,1,0,327.13,Downtown Branch,Amex,0,1,2,8,45.87,23103.67,602,0
1525,2024-03-17 05:21:56,5,6,1,214.79,Suburban Branch,MasterCard,0,1,1,2,39.83,6426.27,250,0
7618,2024-06-08 04:02:00,4,5,1,305.54,Train Station,RuPay,0,1,3,3,2.36,42469.73,1973,0
154,2024-11-12 16:08:07,16,1,0,280.65,University Campus,RuPay,0,1,1,6,13.66,39987.19,1819,0
482,2024-12-28 13:02:12,13,5,1,189.12,Hotel Lobby,MasterCard,0,1,2,7,41.31,16240.2,1015,0
6123,2024-05-04 18:31:17,18,5,1,128.06,Shopping Mall,MasterCard,0,1,2,2,17.55,33510.48,670,0
7675,2024-03-27 20:07:45,20,2,0,30.81,Hospital,MasterCard,0,1,2,2,4.14,38169.99,113,0
7102,2024-08-28 02:54:40,2,2,0,287.47,Remote Village,Visa,0,1,2,4,19.44,44937.24,226,0
1763,2024-09-21 06:35:02,6,5,1,27.06,Gas Station,Amex,1,1,3,2,43.86,28742.72,1309,0
7716,2024-03-23 15:35:02,15,5,1,219.57,Hospital,MasterCard,0,1,2,7,43.57,18943.78,56,0
9082,2024-06-17 07:15:02,7,0,0,342.14,University Campus,MasterCard,0,1,3,1,44.18,38473.64,159,0
7480,2024-03-07 00:35:25,0,3,0,293.42,Gas Station,RuPay,0,1,1,6,22.8,21262.63,3404,0
6213,2024-12-22 06:00:22,6,6,1,481.19,Hospital,Visa,0,1,2,5,9.73,12253.0,2338,0
4854,2024-05-11 19:27:21,19,5,1,110.28,University Campus,MasterCard,0,1,3,8,35.61,38455.8,1851,0
2712,2024-04-21 05:32:11,5,6,1,463.78,Airport Terminal,MasterCard,0,1,3,6,4.27,19164.12,1873,0
6767,2024-02-21 21:37:30,21,2,0,420.6,University Campus,RuPay,0,1,2,1,43.43,27678.36,2200,0
4151,2024-02-20 22:15:42,22,1,0,78.13,Hospital,MasterCard,0,1,2,8,48.48,2610.6,3579,0
1334,2024-11-03 10:10:44,10,6,1,349.09,Airport Terminal,MasterCard,0,1,3,4,23.8,9945.26,2058,0
8379,2024-09-23 17:06:34,17,0,0,139.37,Gas Station,Amex,0,1,3,6,42.63,49835.89,773,0
9390,2024-12-28 09:47:21,9,5,1,276.22,Gas Station,MasterCard,0,1,1,3,49.49,13181.62,2085,0
9708,2024-10-02 01:42:12,1,2,0,1975.0,Remote Village,Amex,5,0,15,6,3807.54,1515.47,88,1
9122,2024-07-04 13:17:31,13,3,0,328.98,Hospital,RuPay,0,1,2,3,28.4,26546.9,337,0
3851,2024-06-19 07:56:19,7,2,0,327.3,University Campus,Visa,0,1,3,8,22.22,19236.06,3367,0
8341,2024-08-24 06:37:29,6,5,1,427.9,Remote Village,RuPay,0,1,3,2,36.01,26475.57,1856,0
4125,2024-07-11 22:19:49,22,3,0,488.5,University Campus,RuPay,0,1,1,6,32.46,30871.38,1703,0
8964,2024-02-20 10:20:09,10,1,0,187.71,Suburban Branch,MasterCard,0,1,1,7,30.14,14545.22,1079,0
4789,2024-07-09 19:07:47,19,1,0,305.42,Gas Station,MasterCard,0,1,1,8,0.7,9520.12,581,0
2867,2024-12-20 14:20:38,14,4,0,320.32,Hospital,Visa,0,1,2,5,0.75,12266.53,952,0
1387,2024-10-05 03:29:07,3,5,1,20.29,Suburban Branch,MasterCard,0,1,2,3,45.79,34777.38,1285,0
5942,2024-11-06 03:57:18,3,2,0,432.56,Suburban Branch,RuPay,0,1,2,5,20.15,10369.9,3574,0
3068,2024-02-27 15:12:43,15,1,0,279.75,University Campus,MasterCard,0,1,1,6,22.97,20552.37,1678,0
9059,2024-10-12 16:03:55,16,5,1,163.35,Gas Station,RuPay,0,0,2,5,18.84,9280.19,2554,0
3630,2024-03-08 11:43:00,11,4,0,112.47,Hotel Lobby,Amex,0,1,1,6,24.52,18748.3,2570,0
9456,2024-02-12 18:44:19,18,0,0,149.59,Downtown Branch,MasterCard,0,0,3,4,29.47,13354.78,2600,0
8950,2024-11-27 04:30:44,4,2,0,163.16,Train Station,RuPay,0,1,1,6,42.32,21289.68,2891,0
3029,2024-05-14 03:04:53,3,1,0,305.03,Remote Village,MasterCard,0,1,2,7,34.32,12353.66,2961,0
2970,2024-08-14 18:06:20,18,2,0,139.0,Airport Terminal,MasterCard,0,1,3,5,34.11,49334.67,3632,0
8647,2024-03-26 14:16:41,14,1,0,95.17,University Campus,Amex,0,1,2,7,34.15,17617.44,347,0
6137,2024-04-29 17:34:24,17,0,0,135.18,Shopping Mall,MasterCard,1,1,3,6,16.3,47575.39,3261,0
8802,2024-12-02 15:56:45,15,0,0,484.49,Hospital,Visa,0,1,3,6,0.95,41966.65,1372,0
4264,2024-01-03 08:12:33,8,2,0,231.05,Downtown Branch,MasterCard,0,1,1,3,8.67,8573.01,1353,0
646,2024-07-17 14:43:43,14,2,0,153.87,Airport Terminal,Visa,0,1,2,8,11.54,47125.91,151,0
9654,2024-10-27 23:58:36,23,6,1,246.08,Hospital,MasterCard,3,1,13,30,1431.69,74.57,271,1
2075,2024-07-03 23:10:08,23,2,0,365.45,Suburban Branch,Amex,0,0,3,5,20.21,39729.98,976,0
342,2024-12-18 01:26:21,1,2,0,471.52,Gas Station,Amex,0,1,3,3,14.69,23591.97,3064,0
8042,2024-08-12 16:37:04,16,0,0,25.91,Train Station,Amex,0,1,3,7,27.05,39037.86,2133,0
1623,2024-11-03 16:43:48,16,6,1,382.06,Gas Station,Amex,0,1,1,3,24.64,16960.74,1411,0
7142,2024-07-25 14:15:15,14,3,0,83.66,Downtown Branch,Visa,0,1,3,7,43.13,25243.12,803,0
5797,2024-02-24 04:23:56,4,5,1,261.85,Gas Station,MasterCard,0,1,1,6,41.31,30777.86,2790,0
7185,2024-03-18 17:55:26,17,0,0,137.24,Train Station,Amex,0,1,2,6,9.61,41216.69,3610,0
8233,2024-07-13 02:10:41,2,5,1,463.64,Shopping Mall,RuPay,0,1,2,6,34.09,21781.6,3099,0
5476,2024-12-24 00:13:54,0,1,0,433.77,Shopping Mall,Visa,0,1,1,3,39.18,38712.52,2900,0
9253,2024-03-17 12:29:12,12,6,1,126.86,Downtown Branch,MasterCard,0,1,2,3,43.54,23946.48,1832,0
75,2024-06-19 13:12:24,13,2,0,79.69,Hospital,Amex,0,1,3,8,21.89,29942.03,1799,0
8634,2024-02-23 05:06:07,5,4,0,150.21,Airport Terminal,Visa,0,1,1,2,12.74,48325.78,61,0
9230,2024-06-12 20:15:55,20,2,0,43.27,Hospital,MasterCard,0,1,1,2,36.63,23819.72,2637,0
2052,2024-01-07 16:14:24,16,6,1,485.55,Gas Station,RuPay,0,1,3,2,38.32,5143.66,2939,0
2542,2024-12-08 08:01:29,8,6,1,381.09,Airport Terminal,Visa,0,1,3,7,11.11,42070.7,1003,0
1302,2024-07-04 22:55:26,22,3,0,72.49,Hospital,MasterCard,0,1,3,2,12.09,30804.51,1824,0
5878,2024-10-05 14:40:23,14,5,1,201.71,Suburban Branch,RuPay,0,1,1,2,46.22,1469.53,3448,0
7369,2024-01-01 22:41:32,22,0,0,463.42,Remote Village,Amex,0,1,1,7,3.78,13924.38,2569,0
1305,2024-03-28 11:20:52,11,3,0,108.3,Train Station,MasterCard,0,1,2,2,42.17,30122.84,1208,0
8429,2024-04-25 12:19:37,12,3,0,132.28,University Campus,Visa,0,1,1,1,29.53,20048.03,2564,0
9095,2024-11-04 15:21:33,15,0,0,236.01,Suburban Branch,Amex,0,1,3,2,12.79,20922.31,1012,0
2600,2024-01-01 00:28:48,0,0,0,333.26,Suburban Branch,MasterCard,0,1,1,2,19.22,33143.1,1098,0
2574,2024-05-03 15:08:05,15,4,0,132.2,University Campus,RuPay,0,1,3,4,0.43,38613.44,1956,0
3187,2024-02-15 21:26:16,21,3,0,41.63,University Campus,RuPay,0,1,2,5,11.19,8755.21,1520,0
2769,2024-11-03 11:19:53,11,6,1,482.32,Gas Station,Amex,1,1,2,4,29.14,8006.72,563,0
4832,2024-07-28 09:28:35,9,6,1,404.34,University Campus,Amex,0,1,1,4,24.72,33830.64,888,0
4224,2024-10-31 20:02:28,20,3,0,154.7,Gas Station,Visa,0,1,1,7,6.1,25938.56,1863,0
9650,2024-05-23 04:49:47,4,3,0,328.12,Gas Station,Visa,1,1,3,10,2257.41,-288.82,221,1
2107,2024-08-07 10:35:55,10,2,0,480.72,Remote Village,MasterCard,0,1,1,2,45.21,38853.81,1255,0
2680,2024-06-07 17:59:38,17,4,0,233.33,Shopping Mall,Amex,0,1,2,1,8.54,4366.02,3639,0
1388,2024-10-20 12:34:18,12,6,1,214.94,Suburban Branch,MasterCard,0,1,1,1,0.81,14859.63,878,0
8932,2024-04-22 17:53:32,17,0,0,295.13,University Campus,Amex,1,1,3,7,9.81,9000.77,2768,0
9660,2024-03-27 01:13:25,1,2,0,4365.98,Remote Village,Amex,5,0,9,21,761.47,1532.93,37,1
7084,2024-06-14 23:05:22,23,4,0,263.9,Hospital,Visa,0,1,2,4,20.04,42760.53,2647,0
1280,2024-05-08 20:30:28,20,2,0,62.77,Remote Village,MasterCard,1,1,3,7,40.25,19126.41,1973,0
805,2024-06-10 04:34:19,4,0,0,139.58,Hospital,Visa,1,1,3,3,34.93,4867.16,2891,0
1556,2024-12-10 01:02:12,1,1,0,47.81,Airport Terminal,RuPay,0,1,3,5,5.44,14682.95,977,0
9487,2024-06-20 16:30:52,16,3,0,490.1,Airport Terminal,Amex,0,1,1,7,4.47,8925.31,3197,0
4567,2024-10-30 02:59:50,2,2,0,331.13,Downtown Branch,Amex,1,1,2,1,37.28,9085.99,2691,0
9670,2024-12-26 04:52:51,4,3,0,317.23,Suburban Branch,RuPay,1,0,12,10,1212.1,1334.84,116,1
4842,2024-06-08 23:25:37,23,5,1,130.85,Downtown Branch,Amex,0,1,2,6,5.04,14246.74,1089,0
3595,2024-04-15 07:01:03,7,0,0,48.58,Downtown Branch,RuPay,0,1,1,4,13.17,20440.08,312,0
6036,2024-05-14 02:07:45,2,1,0,31.96,Suburban Branch,RuPay,1,1,2,6,34.28,29992.85,3344,0
6853,2024-03-04 23:25:59,23,0,0,250.8,Train Station,MasterCard,0,1,3,1,8.77,37704.59,263,0
8706,2024-06-14 16:44:02,16,4,0,301.3,Downtown Branch,RuPay,0,1,3,3,38.92,22982.84,73,0
4178,2024-06-09 21:05:50,21,6,1,226.22,Remote Village,Amex,1,1,2,8,34.31,39830.42,407,0
1309,2024-09-22 04:54:49,4,6,1,255.47,Train Station,Amex,0,1,1,8,26.82,18070.74,621,0
3453,2024-04-02 13:41:27,13,1,0,261.79,Hospital,Amex,0,1,1,6,44.6,35422.86,3306,0
3696,2024-04-01 12:06:18,12,0,0,473.45,Hospital,Visa,0,1,1,5,39.14,33407.77,1182,0
4243,2024-05-30 17:58:46,17,3,0,315.74,University Campus,Visa,0,1,1,8,24.77,44734.71,671,0
2199,2024-02-16 19:17:25,19,4,0,361.19,Airport Terminal,RuPay,0,1,2,6,42.52,4936.96,242,0
4426,2024-05-30 06:11:04,6,3,0,438.87,Hotel Lobby,Amex,0,1,2,2,24.36,35038.34,1475,0
6151,2024-03-14 06:01:46,6,3,0,372.21,Gas Station,Amex,1,1,2,6,49.78,15052.52,2860,0
944,2024-11-08 12:35:38,12,4,0,27.17,Gas Station,MasterCard,0,1,1,8,4.71,15754.56,1240,0
823,2024-06-20 19:06:08,19,3,0,322.3,Train Station,MasterCard,0,1,1,1,31.72,7162.45,866,0
5006,2024-03-24 06:00:52,6,6,1,22.04,Hospital,RuPay,0,1,1,2,11.12,7589.79,1447,0
6613,2024-07-23 20:16:00,20,1,0,361.66,Hotel Lobby,MasterCard,0,1,2,4,30.35,39877.79,2908,0
8357,2024-07-09 18:17:27,18,1,0,382.44,Gas Station,RuPay,0,1,2,2,7.42,17916.95,1052,0
5620,2024-10-19 16:52:59,16,5,1,315.51,Downtown Branch,Amex,0,1,1,1,40.92,22088.05,2208,0
4548,2024-02-01 23:30:50,23,3,0,234.18,Shopping Mall,RuPay,2,1,2,2,33.96,19129.67,3481,0
2539,2024-04-25 13:48:33,13,3,0,320.21,Shopping Mall,MasterCard,0,1,2,2,2.23,44444.42,3430,0
5208,2024-04-10 03:04:48,3,2,0,177.39,Train Station,RuPay,0,1,2,1,18.08,39650.21,3325,0
9515,2024-07-13 14:22:17,14,5,1,288.51,Downtown Branch,RuPay,3,0,15,11,2924.0,1775.49,336,1
9010,2024-05-20 08:08:32,8,0,0,347.32,Airport Terminal,Visa,0,1,1,7,2.08,33505.45,103,0
3055,2024-09-27 17:36:27,17,4,0,380.61,University Campus,MasterCard,0,1,1,7,35.58,27585.06,3402,0
3676,2024-06-21 04:48:36,4,4,0,365.2,Gas Station,RuPay,2,1,3,3,49.15,16224.63,2980,0
7777,2024-05-15 16:11:27,16,2,0,297.13,Remote Village,Visa,0,1,2,5,47.72,48264.22,130,0
7219,2024-04-26 20:58:15,20,4,0,443.67,Train Station,Visa,1,1,2,8,48.52,6716.94,2052,0
6723,2024-12-18 21:30:17,21,2,0,249.53,Downtown Branch,Visa,1,1,1,3,41.32,7847.22,1021,0
3301,2024-06-29 13:32:48,13,5,1,415.17,Downtown Branch,Visa,1,1,3,8,6.71,19346.29,560,0
3311,2024-08-04 05:51:29,5,6,1,124.04,Hospital,Amex,0,1,3,8,18.7,11847.54,3483,0
7222,2024-08-27 17:00:39,17,1,0,331.77,University Campus,Amex,0,1,1,5,36.91,44130.62,2431,0
8520,2024-04-20 06:23:46,6,5,1,365.74,Gas Station,RuPay,0,1,2,2,21.29,26459.74,3039,0
5955,2024-03-07 06:41:41,6,3,0,31.16,Airport Terminal,MasterCard,0,1,1,1,29.6,11201.42,742,0
833,2024-09-21 11:59:59,11,5,1,90.74,Remote Village,RuPay,0,1,1,1,5.84,4706.06,2944,0
3463,2024-07-09 16:33:30,16,1,0,194.6,Remote Village,RuPay,0,1,2,3,29.66,25113.83,618,0
7644,2024-02-09 01:17:35,1,4,0,174.14,Remote Village,Visa,0,1,1,7,34.94,10770.21,2910,0
55,2024-09-09 11:46:55,11,0,0,52.94,Downtown Branch,MasterCard,1,1,1,4,41.96,31104.65,1007,0
3452,2024-10-11 18:26:16,18,4,0,303.8,Train Station,RuPay,0,0,2,4,19.38,21940.38,2734,0
6306,2024-09-29 05:56:49,5,6,1,342.99,Hotel Lobby,Visa,1,1,3,7,10.33,19527.03,1700,0
1482,2024-02-17 03:53:38,3,5,1,260.22,Suburban Branch,Amex,0,1,1,8,33.4,13987.2,371,0
4874,2024-08-19 23:54:29,23,0,0,395.23,Shopping Mall,RuPay,0,1,3,8,26.62,18834.52,969,0
8039,2024-10-29 17:02:32,17,1,0,299.36,Remote Village,Amex,0,1,3,3,4.67,17507.51,95,0
3336,2024-09-26 06:39:09,6,3,0,357.57,Remote Village,Visa,1,1,1,5,42.74,20668.18,660,0
6017,2024-07-17 13:52:37,13,2,0,494.38,Hotel Lobby,Visa,0,1,2,7,43.22,22695.29,1906,0
4927,2024-10-10 17:05:36,17,3,0,203.1,University Campus,MasterCard,0,1,1,2,20.65,15093.15,2996,0
5798,2024-07-27 12:55:19,12,5,1,371.13,Hospital,MasterCard,0,1,3,4,5.97,45217.74,192,0
9832,2024-12-22 04:08:48,4,6,1,4579.92,Airport Terminal,Visa,5,1,7,8,1750.66,1105.57,128,1
5084,2024-11-09 16:58:09,16,5,1,499.43,University Campus,MasterCard,0,1,1,7,30.66,16266.42,1102,0
6646,2024-03-06 00:59:51,0,2,0,120.27,Suburban Branch,Amex,0,1,1,7,21.16,1754.7,2521,0
5491,2024-07-04 15:59:36,15,3,0,33.39,Gas Station,MasterCard,0,0,3,8,40.11,38636.36,707,0
769,2024-04-24 12:49:24,12,2,0,427.97,Remote Village,Visa,0,1,1,1,22.67,23264.03,1783,0
2066,2024-04-07 14:25:05,14,6,1,250.94,Suburban Branch,Visa,0,1,2,4,2.02,43927.5,2322,0
9501,2024-06-11 16:13:27,16,1,0,168.7,Hospital,Amex,2,1,3,27,4800.76,-476.46,170,1
7312,2024-01-09 09:59:33,9,1,0,30.76,Suburban Branch,Visa,0,1,3,7,23.79,43907.44,1803,0
8478,2024-03-10 13:11:05,13,6,1,128.25,Gas Station,Visa,0,1,2,2,12.07,14238.4,198,0
4525,2024-01-15 08:59:36,8,0,0,244.01,Downtown Branch,MasterCard,0,1,1,1,36.59,36684.81,477,0
2718,2024-07-06 15:35:26,15,5,1,222.11,Airport Terminal,RuPay,0,1,1,2,24.95,2185.65,2264,0
2080,2024-03-29 04:33:52,4,4,0,372.49,Gas Station,RuPay,0,1,2,6,38.59,21200.29,1924,0
8915,2024-08-09 02:56:07,2,4,0,219.24,Airport Terminal,RuPay,0,1,3,3,47.48,26376.51,2306,0
952,2024-08-08 16:04:08,16,3,0,35.04,Hospital,Visa,0,1,2,7,48.93,10749.7,896,0
8059,2024-07-24 23:25:20,23,2,0,371.48,Remote Village,MasterCard,0,1,2,5,24.57,45347.18,1435,0
2483,2024-10-29 20:21:14,20,1,0,240.25,Gas Station,Visa,0,1,1,6,45.57,11092.37,3422,0
1760,2024-01-03 10:13:34,10,2,0,251.11,Hotel Lobby,MasterCard,0,1,3,1,4.57,28760.61,34,0
4423,2024-01-03 18:13:28,18,2,0,320.3,Train Station,RuPay,0,1,2,1,24.23,21033.39,2220,0
6705,2024-12-29 05:10:40,5,6,1,37.56,Gas Station,RuPay,0,1,1,7,7.04,18492.48,978,0
5183,2024-10-22 10:31:19,10,1,0,30.22,Train Station,Amex,0,1,3,4,12.34,18049.12,280,0
8534,2024-02-22 01:08:06,1,3,0,263.24,Gas Station,Visa,0,1,1,1,33.03,31479.73,3515,0
3702,2024-08-17 13:48:13,13,5,1,28.44,Gas Station,RuPay,0,1,2,4,25.56,31746.71,463,0
4244,2024-09-02 17:49:51,17,0,0,376.64,Remote Village,Amex,0,1,1,7,36.79,44812.71,2855,0
689,2024-08-26 00:56:10,0,0,0,418.2,Suburban Branch,RuPay,1,1,1,6,36.84,24614.61,649,0
3433,2024-06-21 07:36:03,7,4,0,266.35,Train Station,Visa,0,1,3,8,16.23,34170.31,1414,0
4945,2024-01-31 13:44:06,13,2,0,221.78,University Campus,Amex,0,1,1,2,15.99,37863.51,2927,0
967,2024-11-22 12:32:27,12,4,0,412.02,Remote Village,RuPay,0,1,1,7,12.09,48677.17,819,0
9485,2024-12-27 15:15:25,15,4,0,329.26,Hotel Lobby,RuPay,0,1,2,8,19.23,9759.77,464,0
2714,2024-07-18 05:25:23,5,3,0,164.44,Gas Station,Visa,0,1,1,5,19.1,6815.5,144,0
4758,2024-07-17 18:27:12,18,2,0,466.96,Remote Village,RuPay,0,1,2,5,11.33,34646.52,833,0
9546,2024-10-22 23:56:13,23,1,0,128.97,Remote Village,Visa,1,1,10,6,4038.13,1009.4,42,1
6321,2024-12-21 07:51:41,7,5,1,370.96,Hospital,Visa,0,1,2,2,46.79,34468.56,2059,0
5976,2024-05-04 10:44:49,10,5,1,35.59,University Campus,Visa,0,1,1,3,24.52,39445.66,2513,0
3573,2024-02-23 21:38:45,21,4,0,369.03,Hospital,RuPay,0,1,2,1,9.36,49143.95,706,0
5300,2024-07-15 12:57:09,12,0,0,396.03,Train Station,Visa,0,1,3,4,6.88,47870.06,353,0
1991,2024-12-28 14:02:01,14,5,1,431.46,Gas Station,MasterCard,1,1,3,5,22.66,26490.54,2401,0
1206,2024-08-06 18:12:35,18,1,0,208.9,Hospital,Amex,0,1,2,6,32.29,7082.52,1901,0
4972,2024-09-06 00:29:35,0,4,0,404.79,University Campus,MasterCard,0,1,1,1,21.2,38849.12,3417,0
6784,2024-08-09 09:20:15,9,4,0,107.69,University Campus,MasterCard,0,1,3,2,38.45,23608.75,2578,0
3601,2024-04-03 06:31:44,6,2,0,429.59,Train Station,MasterCard,0,1,2,6,14.94,30912.25,268,0
6491,2024-03-15 12:24:41,12,4,0,318.48,Remote Village,Visa,0,1,1,7,29.23,2683.89,90,0
8610,2024-09-18 18:43:14,18,2,0,225.53,Airport Terminal,MasterCard,0,1,3,8,39.32,8590.59,520,0
9979,2024-10-17 16:16:43,16,3,0,121.12,Hotel Lobby,Visa,2,1,8,30,1251.83,1033.53,329,1
8071,2024-02-09 22:18:47,22,4,0,128.22,Hotel Lobby,Amex,1,1,3,7,45.47,39977.23,1751,0
8578,2024-06-17 08:48:05,8,0,0,184.0,Downtown Branch,Amex,0,1,2,7,44.02,12677.69,1406,0
7974,2024-03-14 01:13:26,1,3,0,35.82,Gas Station,Visa,1,1,1,3,27.47,12294.76,3197,0
1626,2024-08-15 17:00:14,17,3,0,330.72,University Campus,Amex,0,1,1,6,43.42,3555.2,52,0
537,2024-01-09 17:31:52,17,1,0,297.23,University Campus,Visa,0,1,1,5,13.83,16025.57,1836,0
8767,2024-10-16 09:35:14,9,2,0,422.06,University Campus,Visa,0,1,3,7,43.7,18498.59,2886,0
7971,2024-07-21 20:15:05,20,6,1,88.59,Shopping Mall,RuPay,0,1,1,1,34.81,42967.58,97,0
4213,2024-11-05 18:55:21,18,1,0,376.24,Hospital,Amex,0,1,2,3,27.59,24592.5,942,0
6457,2024-08-12 07:00:26,7,0,0,68.54,Hotel Lobby,Amex,0,1,1,6,25.1,15101.08,509,0
3508,2024-08-23 09:21:44,9,4,0,93.36,Hotel Lobby,Amex,0,1,3,5,28.39,44898.72,2311,0
8394,2024-09-24 13:19:11,13,1,0,394.45,Airport Terminal,Visa,0,1,3,1,37.49,27160.47,323,0
7113,2024-03-12 05:51:08,5,1,0,87.4,Downtown Branch,Amex,0,1,2,8,16.65,3976.0,2838,0
2709,2024-09-18 01:32:11,1,2,0,81.64,Shopping Mall,Visa,0,1,3,3,16.11,8037.43,1576,0
5032,2024-12-04 04:48:42,4,2,0,285.96,Downtown Branch,RuPay,0,1,2,2,7.75,47833.11,183,0
6515,2024-08-20 06:03:14,6,1,0,345.22,Downtown Branch,RuPay,0,1,1,8,42.08,22801.64,1248,0
4663,2024-10-22 22:44:21,22,1,0,434.41,Hotel Lobby,MasterCard,0,1,1,1,44.19,14103.32,297,0
4022,2024-11-05 07:57:04,7,1,0,447.7,Hospital,RuPay,0,1,3,5,42.79,39276.34,1985,0
1855,2024-11-11 00:57:51,0,0,0,85.8,Hospital,Visa,0,0,3,1,3.56,43357.17,2062,0
9426,2024-11-20 07:04:08,7,2,0,375.63,Train Station,MasterCard,0,1,1,1,40.64,4551.59,333,0
2873,2024-08-18 14:55:01,14,6,1,343.91,Downtown Branch,Visa,0,1,2,3,39.0,26579.27,2527,0
3031,2024-12-02 13:44:34,13,0,0,458.27,Downtown Branch,Visa,0,1,1,4,9.13,14982.4,3488,0
1646,2024-09-16 04:07:59,4,0,0,266.88,Suburban Branch,MasterCard,0,1,1,1,10.1,13978.7,1267,0
3418,2024-10-02 22:15:58,22,2,0,34.59,Downtown Branch,RuPay,0,1,2,6,33.19,5055.03,699,0
3477,2024-03-02 16:32:48,16,5,1,68.41,Hotel Lobby,RuPay,0,1,3,1,31.7,44961.94,3024,0
9553,2024-02-21 04:21:00,4,2,0,3484.32,Airport Terminal,Visa,4,1,5,23,251.72,1554.19,247,1
1793,2024-03-07 09:45:36,9,3,0,304.84,Hospital,MasterCard,0,1,2,1,11.55,42173.9,1746,0
3798,2024-05-20 15:07:41,15,0,0,234.03,Shopping Mall,Amex,0,0,3,6,9.34,5080.4,1184,0
3369,2024-11-30 17:17:40,17,5,1,459.09,Shopping Mall,MasterCard,0,0,2,4,32.21,33248.15,1077,0
7197,2024-04-24 14:42:30,14,2,0,403.82,Downtown Branch,Amex,0,1,3,4,40.54,1448.68,1041,0
9642,2024-06-30 15:18:13,15,6,1,245.27,Train Station,Visa,3,1,9,18,394.86,1711.07,290,1
5110,2024-12-30 18:44:43,18,0,0,288.41,Shopping Mall,Visa,0,1,1,3,43.94,16553.64,1194,0
6025,2024-11-07 10:33:26,10,3,0,85.19,Hospital,RuPay,2,1,2,5,44.03,32410.23,1520,0
8796,2024-02-28 17:03:56,17,2,0,81.5,Gas Station,MasterCard,0,1,1,3,21.47,12976.03,1383,0
9295,2024-02-06 16:49:33,16,1,0,142.24,Hospital,Visa,0,1,1,8,4.7,11821.79,2967,0
127,2024-11-19 03:02:36,3,1,0,351.01,Hospital,Amex,0,1,1,7,29.44,26245.73,1651,0
5960,2024-05-02 07:17:59,7,3,0,149.72,University Campus,MasterCard,1,1,1,5,12.0,24704.46,1205,0
3877,2024-04-21 21:33:59,21,6,1,471.78,Gas Station,MasterCard,0,1,1,8,36.76,46822.34,1270,0
4452,2024-01-01 13:23:08,13,0,0,69.89,Suburban Branch,Amex,0,1,1,7,42.86,13732.61,796,0
7148,2024-10-03 05:14:28,5,3,0,236.23,Gas Station,RuPay,0,0,2,5,5.42,41923.76,1504,0
3532,2024-03-10 02:35:59,2,6,1,147.34,University Campus,Amex,0,1,3,6,9.35,22598.32,686,0
828,2024-04-28 18:42:11,18,6,1,237.73,Remote Village,Visa,0,1,2,3,35.74,9866.22,806,0
7791,2024-11-07 23:49:26,23,3,0,456.81,Shopping Mall,RuPay,1,1,1,1,4.75,2965.06,600,0
985,2024-07-23 18:26:29,18,1,0,124.38,Remote Village,RuPay,0,1,3,2,28.7,32348.88,2824,0
7784,2024-04-15 12:41:55,12,0,0,316.98,Suburban Branch,MasterCard,0,1,2,2,17.05,688.77,606,0
2444,2024-12-18 16:04:31,16,2,0,290.68,Downtown Branch,Visa,0,1,1,2,5.41,16656.93,1633,0
8555,2024-03-16 08:05:12,8,5,1,105.99,Gas Station,RuPay,0,1,1,4,44.67,8290.24,460,0
346,2024-06-07 21:56:39,21,4,0,493.85,Train Station,MasterCard,1,1,3,3,38.95,24430.28,2614,0
815,2024-02-16 21:58:28,21,4,0,131.56,Hotel Lobby,Visa,0,1,2,6,0.6,10717.12,931,0
6167,2024-11-03 22:57:55,22,6,1,200.36,University Campus,Visa,0,1,3,7,16.21,49872.98,1606,0
5780,2024-01-16 04:21:44,4,1,0,307.86,Downtown Branch,RuPay,0,1,3,2,27.6,6516.92,3258,0
2117,2024-02-08 18:53:54,18,3,0,251.18,Hospital,RuPay,0,1,2,5,23.67,7642.12,3524,0
794,2024-10-07 14:17:04,14,0,0,410.91,Airport Terminal,RuPay,0,1,1,7,38.51,34927.27,888,0
6899,2024-02-27 22:21:46,22,1,0,332.03,Airport Terminal,Amex,0,1,3,6,30.73,44105.34,3118,0
2675,2024-09-11 08:10:26,8,2,0,353.2,Suburban Branch,Visa,1,0,2,1,39.68,9907.1,1258,0
95,2024-08-11 05:38:07,5,6,1,162.02,Downtown Branch,Visa,0,0,3,7,13.72,28339.86,2839,0
4226,2024-05-29 06:15:38,6,2,0,335.85,Suburban Branch,RuPay,0,1,3,3,3.53,7370.59,2414,0
3757,2024-11-12 17:21:29,17,1,0,410.69,Train Station,MasterCard,0,1,2,5,32.8,16283.66,3044,0
2892,2024-04-12 11:45:21,11,4,0,298.54,Suburban Branch,Visa,0,1,3,6,27.62,5082.63,3015,0
2372,2024-04-22 08:44:02,8,0,0,64.17,Suburban Branch,Visa,0,1,3,5,15.86,45441.08,2885,0
9389,2024-03-21 17:48:57,17,3,0,401.96,Suburban Branch,Amex,0,1,3,6,41.5,5216.8,3256,0
3229,2024-06-18 13:19:15,13,1,0,467.26,Remote Village,RuPay,1,1,1,6,9.23,18180.59,2678,0
7864,2024-09-20 20:59:44,20,4,0,73.86,Gas Station,MasterCard,2,1,1,7,22.92,11366.95,3276,0
6360,2024-12-17 01:13:05,1,1,0,358.51,Shopping Mall,RuPay,1,0,1,7,19.39,8202.28,987,0
9197,2024-08-03 07:09:34,7,5,1,118.88,University Campus,MasterCard,0,1,3,6,36.95,13126.77,3007,0
7327,2024-05-21 06:07:37,6,1,0,373.48,Hotel Lobby,Visa,0,1,1,1,2.36,33495.52,1959,0
6029,2024-12-19 10:46:20,10,3,0,300.48,University Campus,MasterCard,0,1,3,1,1.79,37781.02,1862,0
1866,2024-02-23 08:13:28,8,4,0,293.27,Hotel Lobby,Amex,0,1,3,6,29.68,35978.89,764,0
4613,2024-11-17 00:57:45,0,6,1,291.58,Airport Terminal,RuPay,0,1,1,8,41.14,21795.76,1963,0
2646,2024-06-06 02:11:35,2,3,0,277.06,Suburban Branch,RuPay,0,1,1,2,31.64,25011.15,2643,0
2244,2024-03-05 05:03:39,5,1,0,230.86,Remote Village,MasterCard,1,1,1,4,36.05,43386.56,2699,0
5374,2024-12-16 14:06:29,14,0,0,187.68,Train Station,Amex,0,1,2,1,47.88,37689.6,384,0
2337,2024-03-06 07:44:04,7,2,0,158.39,Gas Station,Visa,0,1,1,7,20.44,1929.74,1320,0
951,2024-03-23 13:54:12,13,5,1,357.1,Gas Station,Amex,0,1,3,3,47.43,7361.14,904,0
1121,2024-11-09 12:34:38,12,5,1,373.89,Train Station,MasterCard,0,1,1,4,49.45,4657.78,3320,0
2205,2024-02-04 21:15:41,21,6,1,251.99,Shopping Mall,Amex,0,1,3,6,3.92,17648.6,818,0
420,2024-12-16 03:35:51,3,0,0,315.08,Suburban Branch,Visa,0,1,1,2,24.11,6603.41,2501,0
923,2024-08-22 18:24:28,18,3,0,92.53,Hotel Lobby,Amex,0,1,3,7,7.51,33396.94,1265,0
8670,2024-05-27 06:40:15,6,0,0,217.37,Train Station,Amex,0,1,3,7,9.85,9892.94,775,0
5409,2024-02-06 11:07:53,11,1,0,281.38,Hotel Lobby,MasterCard,0,1,1,2,17.01,14821.41,2107,0
5789,2024-06-19 02:04:43,2,2,0,329.49,Hotel Lobby,Amex,0,1,2,4,8.45,15903.45,2931,0
5743,2024-08-24 00:43:22,0,5,1,494.0,Downtown Branch,MasterCard,0,1,3,7,10.85,12062.38,233,0
7668,2024-09-20 07:37:30,7,4,0,167.52,Remote Village,RuPay,0,1,3,7,30.9,20893.4,707,0
5568,2024-12-28 15:53:49,15,5,1,386.94,Airport Terminal,RuPay,0,1,3,2,18.08,10146.2,860,0
8136,2024-05-18 07:42:09,7,5,1,94.22,Downtown Branch,RuPay,0,1,1,8,35.39,29133.54,3357,0
1203,2024-05-04 06:45:50,6,5,1,387.88,Gas Station,MasterCard,0,1,1,3,16.19,9676.01,1652,0
5766,2024-11-12 06:21:50,6,1,0,45.19,Suburban Branch,Amex,1,1,1,4,37.71,8860.73,2788,0
8390,2024-03-23 05:28:48,5,5,1,169.16,Shopping Mall,Visa,0,1,1,7,46.2,5835.37,2773,0
1971,2024-07-20 07:01:29,7,5,1,376.11,Downtown Branch,Visa,0,1,1,8,37.26,23191.76,2236,0
4019,2024-10-19 15:35:26,15,5,1,47.54,Remote Village,Amex,0,1,1,6,8.18,41946.33,546,0
3688,2024-02-24 04:12:53,4,5,1,265.01,Hospital,Amex,0,1,1,5,43.38,4830.18,2085,0
1998,2024-02-06 14:52:31,14,1,0,131.62,Downtown Branch,RuPay,0,1,1,6,9.65,41312.64,3607,0
4034,2024-05-15 09:57:45,9,2,0,225.0,Downtown Branch,Visa,0,1,3,3,10.41,23964.62,218,0
1249,2024-11-15 09:42:29,9,4,0,96.92,University Campus,Amex,2,1,1,7,19.55,9749.23,3447,0
2193,2024-05-04 19:38:19,19,5,1,93.11,Suburban Branch,Amex,0,1,1,7,32.22,41657.88,1601,0
2713,2024-07-17 12:49:00,12,2,0,483.86,Shopping Mall,RuPay,0,1,3,2,34.5,10897.75,3460,0
2191,2024-06-05 07:06:52,7,2,0,24.72,Airport Terminal,Visa,0,1,1,8,46.5,7425.03,2556,0
4671,2024-12-27 22:16:10,22,4,0,293.56,Shopping Mall,RuPay,0,1,3,2,40.41,11691.73,487,0
5143,2024-05-05 14:54:33,14,6,1,154.83,Gas Station,Visa,0,0,3,4,0.42,47332.58,1398,0
5985,2024-06-06 03:00:49,3,3,0,147.64,Train Station,Visa,0,1,1,2,22.16,37730.55,317,0
6566,2024-06-09 06:37:34,6,6,1,402.69,Train Station,Amex,0,1,1,7,41.11,38820.36,507,0
7805,2024-01-16 14:41:42,14,1,0,81.4,Airport Terminal,Visa,0,1,3,3,38.37,29068.66,1692,0
6944,2024-05-19 07:11:56,7,6,1,493.54,University Campus,Amex,0,1,2,4,17.86,27591.09,1185,0
2137,2024-03-25 19:31:46,19,0,0,360.18,Hotel Lobby,RuPay,0,1,3,6,11.41,8755.86,1141,0
1066,2024-02-27 01:13:25,1,1,0,438.19,University Campus,Amex,0,1,1,3,34.22,43042.46,2405,0
601,2024-01-07 04:28:47,4,6,1,250.3,Train Station,RuPay,0,1,3,1,48.82,23241.66,597,0
4228,2024-09-03 05:05:47,5,1,0,25.98,Hotel Lobby,RuPay,0,1,3,7,45.65,15867.33,171,0
7578,2024-08-08 06:13:19,6,3,0,372.96,Hotel Lobby,RuPay,0,1,3,2,35.91,32963.72,1401,0
78,2024-05-04 16:28:47,16,5,1,341.66,Hotel Lobby,Visa,1,1,2,5,33.13,20082.57,3145,0
7547,2024-01-01 10:41:51,10,0,0,102.42,University Campus,MasterCard,0,1,1,7,1.24,44087.47,601,0
2899,2024-06-05 01:39:43,1,2,0,39.38,Train Station,Visa,0,1,3,1,48.47,1091.62,1499,0
4821,2024-08-20 06:03:13,6,1,0,33.74,Suburban Branch,MasterCard,1,1,2,7,6.22,637.39,2944,0
9303,2024-10-11 16:14:21,16,4,0,351.01,Gas Station,Amex,0,1,3,4,28.67,35030.58,241,0
6414,2024-02-04 13:39:35,13,6,1,111.3,Remote Village,Visa,0,0,3,7,5.87,40496.62,125,0
9065,2024-01-14 22:18:19,22,6,1,265.28,University Campus,RuPay,0,1,1,3,43.96,24905.31,2593,0
8008,2024-01-12 17:35:10,17,4,0,438.08,Remote Village,RuPay,1,1,1,3,0.53,46281.1,2599,0
5469,2024-04-15 23:25:57,23,0,0,371.41,Hotel Lobby,MasterCard,0,1,1,2,1.35,32935.42,3322,0
5952,2024-05-10 03:51:52,3,4,0,228.67,Hospital,RuPay,0,1,2,5,29.88,15763.5,1577,0
3392,2024-04-11 09:49:53,9,3,0,213.89,Gas Station,Visa,0,1,2,2,5.26,46751.27,814,0
5416,2024-12-08 20:05:16,20,6,1,247.26,Hospital,Visa,0,1,3,7,7.53,10161.38,1878,0
2561,2024-11-19 08:40:52,8,1,0,296.74,Remote Village,Visa,1,1,3,1,15.79,46499.94,582,0
8163,2024-02-14 18:46:36,18,2,0,80.57,Suburban Branch,RuPay,0,1,1,8,30.61,26605.67,2002,0
2636,2024-07-27 22:52:03,22,5,1,118.66,Remote Village,Visa,1,1,3,2,27.39,35852.19,198,0
5257,2024-01-30 23:09:49,23,1,0,318.07,Gas Station,Visa,1,1,3,7,27.28,7015.95,873,0
3531,2024-03-10 09:48:08,9,6,1,421.94,Hospital,MasterCard,0,1,1,1,18.73,30055.14,2938,0
8568,2024-08-19 10:06:29,10,0,0,447.48,Shopping Mall,RuPay,0,1,3,8,41.16,13396.37,624,0
1909,2024-03-31 07:54:31,7,6,1,229.23,Shopping Mall,RuPay,0,1,1,5,33.2,47702.37,205,0
236,2024-02-26 16:12:40,16,0,0,50.37,Hospital,RuPay,0,1,1,6,12.58,12404.84,2590,0
1605,2024-10-06 09:22:31,9,6,1,321.35,Train Station,RuPay,2,1,2,7,27.1,42865.49,2383,0
7985,2024-06-09 12:49:52,12,6,1,106.68,Train Station,Visa,0,1,2,8,27.65,49083.49,718,0
3491,2024-03-26 20:18:36,20,1,0,235.96,Remote Village,Amex,0,1,2,6,29.97,28411.23,3255,0
1995,2024-01-09 06:16:42,6,1,0,328.07,Suburban Branch,Amex,0,1,1,2,37.88,41973.27,3391,0
2825,2024-09-03 13:33:46,13,1,0,314.82,Hospital,Amex,0,1,2,2,16.32,23734.4,2534,0
9286,2024-01-16 14:53:33,14,1,0,266.53,Train Station,Visa,0,1,2,6,34.98,32857.53,1666,0
1343,2024-05-28 03:26:24,3,1,0,495.09,Hospital,Visa,0,1,2,3,7.55,47307.54,918,0
8513,2024-06-26 17:31:01,17,2,0,27.14,Remote Village,Amex,0,1,1,8,41.25,28084.02,1174,0
1620,2024-04-20 02:12:50,2,5,1,476.19,Downtown Branch,RuPay,0,1,1,8,19.15,26507.68,529,0
5288,2024-08-27 06:49:33,6,1,0,128.37,Gas Station,MasterCard,1,0,2,1,3.29,43103.83,1868,0
2061,2024-01-18 16:54:11,16,3,0,394.72,Hospital,Visa,0,1,1,6,34.19,30880.27,3107,0
9956,2024-08-28 04:27:09,4,2,0,3224.22,Remote Village,Visa,2,1,14,24,2209.16,-199.99,198,1
2220,2024-10-18 13:10:16,13,4,0,50.49,Airport Terminal,RuPay,0,1,3,6,36.46,28871.3,1755,0
6039,2024-06-28 07:51:56,7,4,0,64.92,Train Station,Amex,0,1,2,6,40.75,27256.99,3311,0
261,2024-09-30 10:15:24,10,0,0,160.46,Suburban Branch,Visa,0,0,3,2,6.78,37529.7,1715,0
9366,2024-04-15 08:06:49,8,0,0,80.26,Shopping Mall,Visa,0,1,1,2,46.18,40829.66,800,0
9094,2024-09-06 07:48:32,7,4,0,494.62,Remote Village,Amex,0,0,3,7,3.58,5287.4,719,0
3745,2024-09-24 20:02:09,20,1,0,113.55,Hotel Lobby,MasterCard,0,0,2,6,25.44,41807.02,3455,0
2027,2024-01-09 23:42:18,23,1,0,298.23,Airport Terminal,MasterCard,1,1,3,3,41.02,7029.3,2055,0
6989,2024-05-02 04:47:25,4,3,0,184.77,Train Station,RuPay,0,1,2,8,17.29,10218.95,2568,0
4235,2024-08-03 15:59:40,15,5,1,78.33,Downtown Branch,MasterCard,0,1,3,8,13.96,8389.97,404,0
1918,2024-01-18 15:49:51,15,3,0,156.47,Suburban Branch,Visa,0,1,1,5,36.64,46889.28,3634,0
1829,2024-03-28 18:31:25,18,3,0,70.04,Downtown Branch,MasterCard,1,1,3,2,24.78,26588.43,1489,0
6234,2024-04-08 21:26:57,21,0,0,20.87,Hospital,MasterCard,0,1,1,6,42.0,48419.34,537,0
9333,2024-04-17 01:14:37,1,2,0,294.75,Hospital,MasterCard,0,1,3,2,19.41,13903.41,2894,0
6284,2024-04-13 13:30:25,13,5,1,350.78,Airport Terminal,Visa,0,1,2,3,21.13,15132.53,2181,0
4209,2024-10-14 22:18:05,22,0,0,197.95,Gas Station,Visa,0,1,1,2,12.05,31716.08,510,0
225,2024-08-07 10:12:07,10,2,0,136.74,Gas Station,RuPay,0,1,1,1,4.68,19025.27,2293,0
8916,2024-05-10 08:00:08,8,4,0,204.82,Remote Village,MasterCard,0,1,3,6,38.66,35470.92,2497,0
6470,2024-03-10 23:48:42,23,6,1,85.35,Hotel Lobby,Visa,0,1,2,6,26.38,15329.71,1144,0
9414,2024-01-07 07:41:03,7,6,1,92.46,Hotel Lobby,MasterCard,0,1,2,7,40.05,13937.62,1633,0
847,2024-10-12 03:57:52,3,5,1,204.73,Shopping Mall,RuPay,0,1,3,1,6.39,39861.36,1264,0
4290,2024-01-06 08:34:16,8,5,1,281.81,Remote Village,Amex,0,1,3,4,2.27,14980.84,2765,0
5561,2024-12-28 01:35:58,1,5,1,362.37,Hospital,MasterCard,0,0,2,5,28.21,10128.45,688,0
2552,2024-11-01 19:38:55,19,4,0,207.67,Train Station,Visa,0,1,3,4,0.04,47576.26,482,0
118,2024-08-10 22:59:59,22,5,1,128.56,Suburban Branch,Amex,0,0,3,1,30.45,32925.78,2870,0
8838,2024-02-01 21:44:34,21,3,0,221.3,University Campus,Visa,0,1,3,8,14.57,9359.68,331,0
5967,2024-05-20 17:47:07,17,0,0,194.14,Downtown Branch,MasterCard,0,1,2,3,44.27,29514.98,114,0
8196,2024-09-05 14:50:28,14,3,0,389.79,Hospital,Visa,2,1,2,6,15.02,24638.66,2049,0
8660,2024-11-14 18:55:26,18,3,0,252.06,Hotel Lobby,MasterCard,0,1,2,5,48.61,12017.48,851,0
7490,2024-07-09 17:25:26,17,1,0,214.82,Hospital,Visa,0,1,2,7,4.35,16653.98,465,0
6,2024-11-28 04:08:20,4,3,0,131.74,Gas Station,Visa,0,1,2,3,18.51,10554.4,1123,0
5343,2024-04-14 04:18:14,4,6,1,194.75,Remote Village,Visa,0,1,2,7,6.12,35793.45,1818,0
9112,2024-09-27 16:50:26,16,4,0,140.69,Shopping Mall,Amex,0,1,2,7,4.05,44117.3,433,0
4325,2024-09-29 18:39:34,18,6,1,303.14,Gas Station,RuPay,0,1,3,7,43.34,48758.25,1374,0
1064,2024-01-07 16:56:13,16,6,1,231.16,Hotel Lobby,Amex,0,1,3,4,20.43,29020.56,355,0
2591,2024-06-18 09:29:31,9,1,0,453.21,Downtown Branch,MasterCard,0,1,2,5,8.79,12529.56,2332,0
8435,2024-07-16 09:22:00,9,1,0,162.1,Shopping Mall,RuPay,0,1,1,7,9.09,23972.1,3174,0
3736,2024-05-07 06:18:32,6,1,0,408.42,Suburban Branch,MasterCard,0,1,3,3,42.05,29383.64,511,0
3518,2024-10-19 18:57:53,18,5,1,137.99,Remote Village,Visa,1,1,3,7,31.08,16268.07,3306,0
6987,2024-01-12 22:07:41,22,4,0,496.02,Airport Terminal,RuPay,0,1,1,2,23.39,10271.85,2817,0
6768,2024-10-31 02:45:23,2,3,0,23.13,Airport Terminal,Amex,1,1,1,8,10.96,11733.91,816,0
5623,2024-08-17 09:03:07,9,5,1,112.13,Gas Station,Visa,0,1,2,6,44.44,6233.88,3325,0
1606,2024-07-15 10:26:56,10,0,0,258.67,Shopping Mall,Amex,0,1,3,4,24.7,37513.25,3268,0
1734,2024-05-26 08:25:24,8,6,1,131.62,Remote Village,MasterCard,0,1,2,5,8.75,6696.84,864,0
9342,2024-08-10 15:55:55,15,5,1,70.52,University Campus,Visa,0,1,2,8,35.55,18622.51,2936,0
3813,2024-06-26 08:10:36,8,2,0,79.66,Hotel Lobby,MasterCard,0,1,3,4,43.23,12875.35,3138,0
9625,2024-08-18 02:52:22,2,6,1,2443.64,Remote Village,Amex,3,1,7,12,4907.76,1162.83,40,1
1762,2024-11-13 06:26:13,6,2,0,433.85,Remote Village,Amex,0,1,1,1,23.12,40502.13,2461,0
5402,2024-01-04 12:23:54,12,3,0,214.1,Suburban Branch,RuPay,1,1,1,5,18.44,3013.64,1966,0
2740,2024-02-28 21:57:10,21,2,0,99.88,University Campus,MasterCard,0,1,2,5,47.16,34046.98,3135,0
2473,2024-01-09 21:52:11,21,1,0,440.77,Train Station,MasterCard,0,1,3,7,21.16,7398.01,2153,0
6739,2024-11-30 09:13:44,9,5,1,20.7,Train Station,Visa,0,1,1,2,20.21,43731.93,2171,0
6892,2024-12-09 05:59:48,5,0,0,441.16,Train Station,Visa,0,1,3,6,12.22,35763.92,577,0
7944,2024-03-06 17:26:10,17,2,0,72.75,Airport Terminal,RuPay,0,1,3,2,2.9,36090.08,1450,0
4207,2024-02-02 03:17:14,3,4,0,24.81,Hospital,RuPay,1,1,2,3,49.17,22209.03,3109,0
6372,2024-08-09 03:17:59,3,4,0,475.69,Airport Terminal,Amex,0,1,1,7,45.39,15792.07,329,0
233,2024-05-02 23:39:18,23,3,0,193.14,Gas Station,RuPay,0,1,2,2,6.63,9450.85,1868,0
8259,2024-05-04 15:27:07,15,5,1,77.13,Hotel Lobby,MasterCard,0,1,3,6,22.73,480.27,2050,0
7562,2024-06-09 14:43:15,14,6,1,347.66,Suburban Branch,Visa,0,1,1,8,38.4,36235.32,1048,0
6169,2024-04-26 19:46:50,19,4,0,381.1,Airport Terminal,RuPay,0,1,1,5,8.3,33065.51,3417,0
3597,2024-09-25 13:39:11,13,2,0,263.64,Remote Village,MasterCard,0,1,1,7,2.41,12335.92,3422,0
6289,2024-11-23 04:07:29,4,5,1,113.26,Remote Village,Visa,1,1,2,7,10.65,34665.86,3159,0
4633,2024-10-15 02:57:22,2,1,0,219.85,Gas Station,Amex,0,1,2,6,31.58,49154.05,2713,0
126,2024-08-11 14:27:51,14,6,1,226.06,Hospital,RuPay,0,1,2,1,48.31,8676.47,2561,0
7642,2024-01-18 11:31:58,11,3,0,86.95,Airport Terminal,Visa,0,1,2,4,10.61,19046.33,531,0
6230,2024-06-29 04:22:35,4,5,1,276.55,Downtown Branch,MasterCard,1,1,2,1,30.8,20508.59,637,0
1297,2024-02-25 00:27:16,0,6,1,307.4,Gas Station,Amex,0,1,2,5,10.24,43946.18,3047,0
1977,2024-02-27 09:39:38,9,1,0,288.93,Hospital,Visa,0,1,1,6,4.47,41470.04,1312,0
9481,2024-07-09 03:56:53,3,1,0,310.04,Suburban Branch,RuPay,0,1,1,4,14.79,18757.88,67,0
9582,2024-03-24 01:39:51,1,6,1,4318.4,Remote Village,MasterCard,5,0,7,27,678.3,1622.76,49,1
5751,2024-10-13 05:42:54,5,6,1,105.58,Hotel Lobby,RuPay,0,1,1,8,36.57,19426.78,3244,0
8153,2024-06-23 18:43:59,18,6,1,99.4,University Campus,RuPay,0,1,2,2,34.64,25628.39,429,0
3087,2024-06-29 00:45:41,0,5,1,317.95,Gas Station,RuPay,0,1,1,3,31.46,22570.08,2682,0
9277,2024-03-24 22:14:05,22,6,1,465.64,Remote Village,MasterCard,0,1,1,3,21.8,44048.74,1524,0
6883,2024-08-13 00:03:38,0,1,0,27.75,University Campus,Visa,0,1,2,5,14.58,11449.1,70,0
9306,2024-01-02 02:28:03,2,1,0,498.9,Gas Station,MasterCard,0,1,2,6,8.29,14944.11,2872,0
7674,2024-12-25 08:52:06,8,2,0,189.61,Train Station,RuPay,1,1,1,4,1.53,8365.02,3479,0
3346,2024-07-28 08:35:45,8,6,1,356.38,Train Station,Amex,1,1,1,2,1.99,32549.41,761,0
8173,2024-05-11 20:50:30,20,5,1,102.99,Hospital,MasterCard,0,1,2,7,34.26,32777.11,1274,0
9422,2024-12-17 15:41:05,15,1,0,372.99,Hotel Lobby,MasterCard,1,1,2,3,36.24,349.36,2889,0
5871,2024-12-10 16:48:55,16,1,0,42.15,Suburban Branch,RuPay,0,1,2,3,21.11,6117.7,1547,0
6507,2024-09-18 03:42:24,3,2,0,120.16,Hotel Lobby,MasterCard,2,1,1,4,13.68,43190.48,2719,0
2798,2024-06-08 01:33:30,1,5,1,138.1,Hospital,Amex,0,1,2,3,42.27,3814.23,2772,0
919,2024-10-22 00:39:14,0,1,0,290.17,Shopping Mall,Visa,0,1,2,3,12.19,27221.97,1125,0
1647,2024-12-24 06:44:22,6,1,0,206.17,Remote Village,MasterCard,0,1,3,6,5.47,3413.78,3450,0
5123,2024-05-03 02:20:06,2,4,0,79.58,Airport Terminal,MasterCard,1,1,2,1,27.92,811.73,354,0
5127,2024-04-19 23:23:08,23,4,0,359.76,Hotel Lobby,MasterCard,0,1,3,7,26.4,16937.28,2593,0
4622,2024-02-24 14:31:25,14,5,1,436.42,Shopping Mall,RuPay,0,1,1,2,4.48,41492.44,1120,0
6810,2024-09-30 09:17:50,9,0,0,102.08,Remote Village,MasterCard,0,1,2,8,17.69,11969.21,3479,0
365,2024-06-17 02:26:05,2,0,0,337.62,Hotel Lobby,Visa,0,1,3,7,7.43,41339.25,2540,0
2126,2024-09-04 04:58:51,4,2,0,261.66,Suburban Branch,RuPay,0,1,3,3,48.63,16099.89,1820,0
8151,2024-10-21 13:39:02,13,0,0,314.97,Train Station,RuPay,0,1,3,5,5.46,49853.14,1614,0
8718,2024-09-13 09:51:47,9,4,0,330.14,Hospital,Visa,0,1,1,1,2.47,1868.6,1005,0
56,2024-07-02 21:54:32,21,1,0,341.34,University Campus,Visa,0,1,2,6,8.39,30401.65,3093,0
639,2024-05-22 07:40:58,7,2,0,355.1,Airport Terminal,Visa,0,1,2,7,21.2,25761.13,1699,0
303,2024-03-02 23:48:39,23,5,1,68.06,Gas Station,RuPay,0,1,3,1,38.2,47395.34,2388,0
5812,2024-04-27 23:53:58,23,5,1,383.8,Train Station,Amex,0,1,1,2,6.43,41357.64,391,0
1277,2024-06-02 21:16:50,21,6,1,123.3,Suburban Branch,RuPay,0,1,2,6,11.63,39940.98,2110,0
4433,2024-09-26 17:32:08,17,3,0,291.22,Gas Station,Visa,0,1,2,6,27.75,48311.99,2179,0
3645,2024-11-22 02:23:43,2,4,0,292.4,Gas Station,Amex,0,1,3,1,44.47,47853.84,2334,0
4144,2024-05-13 08:21:49,8,0,0,192.39,Suburban Branch,Amex,0,1,2,3,2.97,36209.52,2787,0
2879,2024-03-25 19:48:11,19,0,0,361.03,Hotel Lobby,Amex,0,1,3,8,43.14,5293.24,686,0
6494,2024-05-21 19:16:50,19,1,0,122.08,Remote Village,MasterCard,0,1,1,1,15.55,43941.57,1145,0
5241,2024-03-24 05:32:26,5,6,1,333.2,Downtown Branch,Amex,0,1,3,5,30.04,2669.62,2978,0
9409,2024-01-04 21:13:54,21,3,0,141.11,Hotel Lobby,Amex,0,0,1,2,6.98,6098.13,3431,0
6938,2024-03-14 12:36:17,12,3,0,249.53,Train Station,Visa,0,1,1,8,17.47,39091.29,1147,0
7241,2024-03-19 04:49:12,4,1,0,205.37,Hotel Lobby,Visa,1,1,1,1,29.67,42152.65,2692,0
2594,2024-04-06 14:24:44,14,5,1,293.27,Remote Village,RuPay,0,1,2,5,16.34,16203.53,423,0
2394,2024-01-09 18:23:38,18,1,0,205.05,Train Station,Visa,0,0,3,1,33.68,11444.49,2316,0
524,2024-06-14 20:25:41,20,4,0,312.25,Suburban Branch,RuPay,0,1,3,6,46.36,30753.07,2063,0
6377,2024-02-13 08:56:18,8,1,0,281.97,Gas Station,Amex,0,1,3,5,49.33,16446.99,3295,0
6982,2024-04-25 05:05:48,5,3,0,366.57,University Campus,RuPay,0,1,2,4,22.46,17281.5,1869,0
6678,2024-07-16 09:12:38,9,1,0,421.53,Suburban Branch,Visa,2,1,2,4,26.04,37909.56,3159,0
3901,2024-04-16 02:07:58,2,1,0,466.27,Hotel Lobby,Visa,1,1,2,6,0.33,20157.96,2246,0
9635,2024-07-13 04:25:30,4,5,1,3084.87,Airport Terminal,RuPay,4,1,3,28,4561.73,1600.6,270,1
5586,2024-02-25 00:55:16,0,6,1,363.17,Suburban Branch,Amex,0,0,3,4,47.35,31672.25,2388,0
9361,2024-04-16 10:01:49,10,1,0,28.55,Hotel Lobby,RuPay,0,1,1,7,10.56,1543.7,3339,0
7957,2024-10-06 23:20:54,23,6,1,146.39,Downtown Branch,Visa,0,1,1,5,23.23,48705.32,2806,0
7571,2024-07-01 08:09:20,8,0,0,50.07,Suburban Branch,MasterCard,0,1,2,5,12.72,30540.81,908,0
6778,2024-06-25 18:50:10,18,1,0,298.19,Train Station,MasterCard,0,1,1,1,36.58,24450.52,315,0
672,2024-12-16 18:02:03,18,0,0,409.88,University Campus,Amex,0,1,2,1,45.49,19709.48,1076,0
4189,2024-02-28 02:08:06,2,2,0,310.44,University Campus,RuPay,1,1,3,8,27.05,15617.42,1951,0
667,2024-07-21 16:59:49,16,6,1,338.82,Suburban Branch,Amex,0,1,1,4,29.99,38682.23,1313,0
3267,2024-01-24 20:46:18,20,2,0,160.08,Suburban Branch,Visa,0,1,2,8,35.77,43286.4,592,0
1888,2024-09-17 07:54:19,7,1,0,452.43,Hotel Lobby,Amex,0,1,1,8,42.8,7185.52,1989,0
8473,2024-05-04 04:10:47,4,5,1,411.64,Gas Station,Amex,0,1,2,6,43.6,27401.62,1272,0
9092,2024-10-21 18:39:25,18,0,0,195.44,Remote Village,RuPay,0,1,3,7,37.03,23046.95,920,0
7688,2024-04-28 05:12:35,5,6,1,398.05,Train Station,Amex,0,1,3,6,6.62,6211.25,3127,0
6032,2024-04-13 21:09:16,21,5,1,156.15,Shopping Mall,RuPay,0,1,1,3,4.73,44776.71,1684,0
6091,2024-12-25 16:09:28,16,2,0,267.79,Shopping Mall,MasterCard,0,1,2,5,16.11,45480.12,2158,0
6239,2024-05-07 15:00:21,15,1,0,313.13,Gas Station,MasterCard,0,0,1,2,39.92,46617.99,3572,0
7351,2024-05-13 09:45:51,9,0,0,221.63,Gas Station,RuPay,0,1,1,5,24.53,16446.57,594,0
7831,2024-01-09 00:07:07,0,1,0,371.75,Train Station,MasterCard,0,1,3,1,42.76,13027.18,1336,0
761,2024-04-10 19:52:31,19,2,0,468.11,Suburban Branch,Amex,1,1,2,4,42.38,1253.56,2868,0
6255,2024-03-22 07:22:10,7,4,0,76.58,Shopping Mall,RuPay,2,1,1,6,34.38,2260.02,1517,0
1907,2024-02-01 06:48:43,6,3,0,445.19,Airport Terminal,MasterCard,0,1,3,3,1.39,18507.38,3000,0
3819,2024-10-30 22:40:52,22,2,0,494.99,Shopping Mall,Amex,0,1,1,7,46.51,42393.57,2376,0
6270,2024-06-05 02:52:38,2,2,0,168.77,University Campus,RuPay,0,1,2,7,5.73,5878.35,258,0
4301,2024-07-25 02:59:09,2,3,0,264.23,Downtown Branch,MasterCard,0,1,1,7,24.04,3819.41,2205,0
5570,2024-03-05 22:36:19,22,1,0,158.54,University Campus,RuPay,0,1,1,2,41.01,2517.73,3106,0
7942,2024-06-29 07:07:04,7,5,1,101.51,Suburban Branch,Amex,0,1,2,2,46.59,47531.52,1534,0
4165,2024-02-08 09:25:37,9,3,0,193.34,University Campus,MasterCard,0,1,1,2,48.8,22353.94,3200,0
5972,2024-06-10 15:55:48,15,0,0,499.84,University Campus,Visa,0,1,3,4,3.69,7860.86,334,0
3580,2024-09-13 08:22:02,8,4,0,413.98,University Campus,Visa,0,1,2,1,23.45,36022.55,438,0
2833,2024-09-27 20:18:35,20,4,0,357.86,Airport Terminal,Amex,0,1,3,1,15.49,22576.75,2087,0
5450,2024-06-29 14:12:02,14,5,1,49.54,Hotel Lobby,MasterCard,0,1,2,5,1.14,31528.76,1127,0
3473,2024-08-21 00:27:34,0,2,0,315.07,Airport Terminal,Amex,0,1,3,7,6.45,43049.51,2498,0
6328,2024-07-29 19:34:58,19,0,0,373.61,University Campus,RuPay,0,1,3,7,20.95,23065.54,904,0
138,2024-09-17 05:56:15,5,1,0,357.36,Suburban Branch,MasterCard,1,1,3,7,25.42,1009.7,1295,0
7044,2024-08-04 07:48:52,7,6,1,246.72,Suburban Branch,RuPay,0,1,3,8,46.29,44630.29,359,0
4893,2024-02-02 18:03:54,18,4,0,40.7,Remote Village,RuPay,1,1,2,8,14.6,180.81,2852,0
2181,2024-01-17 07:44:07,7,2,0,188.93,Hospital,Visa,0,1,1,8,39.49,38966.33,1170,0
7731,2024-09-12 02:54:33,2,3,0,470.88,Hospital,RuPay,2,1,2,7,3.1,35241.41,1810,0
3178,2024-07-13 00:59:18,0,5,1,295.43,Airport Terminal,RuPay,0,1,2,4,45.48,19754.46,2390,0
4855,2024-08-30 21:34:28,21,4,0,26.04,Remote Village,Visa,0,1,1,3,14.55,13923.82,832,0
4638,2024-10-20 21:07:57,21,6,1,400.56,Gas Station,Visa,1,1,3,4,18.48,28383.64,2597,0
5116,2024-06-07 14:34:17,14,4,0,482.14,Suburban Branch,Visa,0,1,3,5,10.63,4535.8,691,0
7649,2024-11-04 12:09:36,12,0,0,99.15,Remote Village,Amex,0,1,3,8,1.24,14996.11,815,0
4262,2024-02-22 12:26:45,12,3,0,409.5,Remote Village,MasterCard,0,1,2,2,1.9,39187.92,131,0
1332,2024-10-13 00:42:37,0,6,1,407.35,Remote Village,Visa,1,1,3,8,31.55,16611.94,2753,0
7003,2024-05-08 13:35:55,13,2,0,267.37,University Campus,MasterCard,0,1,1,4,19.99,3742.84,583,0
6942,2024-02-25 18:08:53,18,6,1,86.51,Airport Terminal,MasterCard,2,1,2,2,41.86,47657.12,2277,0
8018,2024-06-03 05:13:18,5,0,0,479.85,Hotel Lobby,MasterCard,0,1,3,1,3.03,49305.12,147,0
6242,2024-11-12 01:44:59,1,1,0,228.8,Downtown Branch,MasterCard,0,1,2,2,47.18,161.44,1265,0
9988,2024-12-21 01:09:02,1,5,1,3962.69,Airport Terminal,MasterCard,3,1,8,26,3372.45,660.82,332,1
6882,2024-11-03 09:05:29,9,6,1,391.12,Airport Terminal,Visa,0,1,1,4,22.52,46346.35,3073,0
4531,2024-08-01 10:57:45,10,3,0,171.92,Downtown Branch,MasterCard,0,1,2,6,32.37,13436.96,1114,0
4674,2024-07-10 21:13:59,21,2,0,281.67,University Campus,RuPay,0,1,1,8,5.87,32394.41,2142,0
6997,2024-09-14 07:01:08,7,5,1,273.11,Airport Terminal,Visa,0,1,2,4,33.49,34437.3,3142,0
1253,2024-11-21 10:30:57,10,3,0,447.74,Train Station,Visa,0,1,1,8,37.92,11309.21,452,0
3375,2024-08-23 12:43:25,12,4,0,277.78,Remote Village,Visa,0,1,2,3,2.09,25383.28,950,0
2815,2024-04-11 23:48:24,23,3,0,339.1,Hotel Lobby,Amex,0,1,2,6,16.06,32943.39,1431,0
4720,2024-08-12 18:39:42,18,0,0,104.2,Hospital,RuPay,0,0,3,5,43.7,16453.65,676,0
6545,2024-04-30 13:09:36,13,1,0,229.48,Hospital,MasterCard,0,0,2,2,7.04,18647.83,1758,0
4859,2024-12-28 22:32:50,22,5,1,308.06,Shopping Mall,Amex,0,1,1,3,23.54,8225.44,1180,0
7902,2024-10-04 12:13:45,12,4,0,347.68,University Campus,MasterCard,0,1,1,7,49.64,34994.91,1055,0
8581,2024-11-07 16:31:58,16,3,0,190.31,Gas Station,Amex,0,1,1,4,38.33,47131.32,3581,0
8428,2024-03-02 08:52:37,8,5,1,157.75,Shopping Mall,Amex,0,1,2,2,30.55,6192.48,3396,0
1078,2024-10-15 11:54:03,11,1,0,68.48,Hospital,RuPay,1,1,1,2,6.62,43357.31,1619,0
4364,2024-11-20 13:10:52,13,2,0,384.13,Suburban Branch,Amex,0,1,3,8,39.75,42355.98,1032,0
771,2024-08-18 06:06:09,6,6,1,398.92,Remote Village,RuPay,0,1,3,5,17.77,24121.83,2573,0
8866,2024-09-16 00:47:49,0,0,0,178.47,Suburban Branch,RuPay,0,1,3,7,12.98,34360.64,272,0
250,2024-03-20 22:03:01,22,2,0,153.61,Airport Terminal,Amex,0,1,3,3,18.29,9934.01,496,0
7240,2024-12-26 08:48:19,8,3,0,288.93,Downtown Branch,Amex,0,1,3,3,6.91,33696.6,947,0
3420,2024-10-27 23:00:36,23,6,1,331.93,Hotel Lobby,RuPay,0,1,1,3,22.12,46569.51,1750,0
4977,2024-07-04 09:15:56,9,3,0,373.28,Train Station,Visa,0,1,3,3,40.78,45769.34,894,0
4545,2024-08-27 19:48:08,19,1,0,267.99,Train Station,Amex,0,1,1,1,24.66,25582.96,581,0
5566,2024-06-04 00:41:23,0,1,0,216.49,Suburban Branch,Visa,0,1,3,7,39.81,15491.19,2589,0
7940,2024-11-09 18:42:48,18,5,1,344.55,Downtown Branch,Amex,0,1,2,8,20.22,29150.67,2299,0
717,2024-05-19 08:08:05,8,6,1,442.83,Shopping Mall,MasterCard,0,1,3,1,40.34,16952.96,496,0
9653,2024-03-25 21:36:54,21,0,0,268.62,Airport Terminal,RuPay,3,0,9,24,2242.3,368.42,73,1
2049,2024-08-12 13:02:18,13,0,0,48.84,Downtown Branch,MasterCard,0,1,1,5,25.03,24220.29,1264,0
5998,2024-12-09 00:09:25,0,0,0,382.66,Suburban Branch,RuPay,0,1,1,4,21.28,48732.18,2327,0
6601,2024-09-06 09:41:14,9,4,0,424.23,Remote Village,Visa,0,1,2,2,39.98,39486.59,898,0
7246,2024-03-17 05:02:59,5,6,1,361.69,Gas Station,RuPay,1,1,1,1,3.24,44214.74,1377,0
4179,2024-01-22 04:50:10,4,0,0,363.86,Downtown Branch,RuPay,0,1,1,3,19.61,18664.77,1887,0
4810,2024-02-25 14:16:50,14,6,1,84.07,Hotel Lobby,Amex,0,1,1,1,3.29,4581.75,2763,0
9483,2024-12-29 16:10:34,16,6,1,401.73,Gas Station,Visa,0,1,2,2,11.4,11711.72,90,0
7141,2024-03-19 05:56:15,5,1,0,62.59,Hospital,Amex,0,1,2,3,46.66,25191.32,1780,0
7191,2024-02-21 21:20:58,21,2,0,60.23,Airport Terminal,MasterCard,1,1,1,6,28.83,15627.13,1761,0
1461,2024-11-16 02:00:58,2,5,1,496.87,Remote Village,RuPay,0,1,3,2,41.59,14293.8,296,0
5990,2024-07-13 16:11:06,16,5,1,157.78,Shopping Mall,Visa,0,0,2,5,38.47,49898.25,638,0
2001,2024-01-26 17:49:07,17,4,0,29.45,Train Station,Amex,0,1,3,5,4.99,10833.06,1138,0
8176,2024-10-22 14:49:10,14,1,0,364.44,Gas Station,MasterCard,0,1,2,5,35.08,27221.24,1847,0
405,2024-06-21 23:02:13,23,4,0,192.2,Suburban Branch,MasterCard,0,1,3,2,42.09,42949.81,603,0
385,2024-10-28 10:12:43,10,0,0,367.96,Train Station,Visa,0,1,3,2,9.35,8772.38,2134,0
9449,2024-06-07 18:48:48,18,4,0,134.24,University Campus,Amex,0,1,1,3,16.66,30391.67,2237,0
9488,2024-02-25 14:42:29,14,6,1,498.32,Downtown Branch,MasterCard,0,1,3,4,13.54,35351.49,2872,0
1634,2024-07-06 21:39:13,21,5,1,85.12,Remote Village,RuPay,0,1,2,3,30.93,25595.32,3206,0
9854,2024-05-05 03:51:03,3,6,1,3731.3,Airport Terminal,Amex,4,0,12,20,1639.42,1752.88,217,1
4785,2024-08-26 18:58:37,18,0,0,183.2,Airport Terminal,MasterCard,0,1,3,8,11.32,10732.22,2158,0
9457,2024-05-04 13:56:35,13,5,1,116.91,Shopping Mall,RuPay,0,1,2,8,16.22,21882.73,3033,0
6971,2024-05-21 07:07:03,7,1,0,239.49,Suburban Branch,Visa,0,1,3,2,32.86,25258.39,1077,0
3926,2024-01-23 07:17:28,7,1,0,248.26,Remote Village,MasterCard,0,1,2,7,10.83,20613.44,2482,0
4159,2024-09-04 22:53:12,22,2,0,213.05,University Campus,MasterCard,0,1,2,3,46.58,35718.34,3607,0
7450,2024-06-22 04:08:11,4,5,1,36.04,Remote Village,RuPay,0,1,2,5,45.09,49389.61,620,0
8416,2024-08-16 18:03:01,18,4,0,191.57,Gas Station,Amex,0,1,2,2,20.11,49645.77,786,0
2194,2024-03-03 01:09:14,1,6,1,376.3,Shopping Mall,Visa,0,1,1,6,31.05,35500.11,649,0
1016,2024-04-19 21:54:44,21,4,0,416.23,Train Station,MasterCard,0,1,2,6,33.01,132.02,1059,0
5125,2024-12-11 06:11:37,6,2,0,107.66,Gas Station,MasterCard,0,1,2,5,34.47,34998.12,3060,0
7419,2024-10-24 12:19:08,12,3,0,401.98,University Campus,RuPay,0,1,3,1,21.26,5532.46,454,0
7410,2024-10-20 03:43:03,3,6,1,241.61,Gas Station,MasterCard,1,1,2,1,26.11,8327.23,3396,0
8990,2024-11-20 09:04:43,9,2,0,28.54,Hospital,RuPay,0,1,1,7,13.86,26171.71,3171,0
2872,2024-01-18 23:50:49,23,3,0,224.52,Suburban Branch,Amex,0,1,3,8,23.95,42061.47,1329,0
10,2024-12-14 16:18:56,16,5,1,300.1,Shopping Mall,RuPay,0,1,1,1,43.06,7726.78,685,0
1839,2024-08-11 13:06:23,13,6,1,368.6,University Campus,MasterCard,1,1,3,6,48.32,17677.22,3551,0
4805,2024-01-11 17:16:36,17,3,0,326.91,Hotel Lobby,Amex,0,1,1,4,28.05,8810.45,3376,0
256,2024-02-02 02:32:45,2,4,0,291.39,University Campus,RuPay,0,1,2,4,26.88,8493.63,1903,0
7027,2024-06-08 20:18:07,20,5,1,343.1,Shopping Mall,Amex,0,1,2,3,3.45,37992.52,230,0
5714,2024-02-08 20:31:50,20,3,0,402.01,Shopping Mall,RuPay,1,1,1,1,1.65,15708.04,838,0
3325,2024-04-21 04:26:17,4,6,1,423.95,Shopping Mall,Visa,1,1,2,6,45.43,14263.23,696,0
7715,2024-03-12 15:37:44,15,1,0,432.77,Airport Terminal,Amex,0,1,3,2,41.43,27215.24,3645,0
1582,2024-08-31 11:51:19,11,5,1,88.95,University Campus,Amex,0,1,2,1,44.79,22088.41,2482,0
925,2024-05-04 09:00:08,9,5,1,90.93,Train Station,Amex,0,1,1,7,47.98,13995.96,400,0
2780,2024-09-03 06:33:40,6,1,0,51.57,Remote Village,RuPay,0,1,1,6,30.54,49254.12,1147,0
7892,2024-12-03 21:12:03,21,1,0,200.49,Hospital,Visa,0,0,2,2,32.48,10095.57,1964,0
6133,2024-04-20 15:19:36,15,5,1,240.34,Gas Station,MasterCard,0,1,2,5,15.8,43867.81,3203,0
5321,2024-04-24 00:34:12,0,2,0,319.83,Train Station,RuPay,0,1,2,1,31.91,48581.59,1198,0
7313,2024-08-14 20:07:32,20,2,0,104.85,Train Station,RuPay,0,1,2,8,17.07,41663.17,2747,0
7103,2024-05-14 00:27:21,0,1,0,449.29,Train Station,Visa,0,0,2,5,35.88,39644.64,411,0
6043,2024-07-01 03:08:26,3,0,0,106.69,Downtown Branch,MasterCard,0,1,1,5,3.39,1835.23,2452,0
3776,2024-01-27 14:20:49,14,5,1,66.66,Remote Village,Amex,0,1,1,3,48.04,3846.81,3634,0
4836,2024-03-09 05:30:12,5,5,1,59.04,Train Station,MasterCard,0,1,1,7,8.21,25756.42,463,0
4965,2024-03-06 19:55:07,19,2,0,245.02,Gas Station,MasterCard,0,1,1,7,8.61,4740.79,3053,0
540,2024-02-20 12:22:39,12,1,0,33.92,Downtown Branch,RuPay,1,1,1,2,21.32,9031.25,2471,0
7484,2024-09-12 11:17:56,11,3,0,232.68,Suburban Branch,Amex,0,1,3,3,31.8,27872.3,3270,0
2746,2024-04-21 14:56:42,14,6,1,116.82,University Campus,Amex,0,1,1,4,30.84,46460.78,1063,0
3720,2024-10-19 22:41:53,22,5,1,119.89,Gas Station,RuPay,0,1,2,7,47.28,22179.92,927,0
6820,2024-08-10 16:13:29,16,5,1,442.09,Train Station,MasterCard,0,1,2,3,35.69,38627.5,2643,0
9338,2024-06-20 00:55:55,0,3,0,233.87,Hotel Lobby,Visa,0,1,2,5,23.28,39992.28,1247,0
4469,2024-10-28 04:38:47,4,0,0,250.38,Suburban Branch,RuPay,0,1,1,7,4.07,31629.48,401,0
668,2024-11-19 05:55:00,5,1,0,300.48,University Campus,RuPay,0,1,1,3,5.34,10784.02,1154,0
7576,2024-11-22 11:18:18,11,4,0,103.99,Hotel Lobby,Visa,0,1,1,6,6.05,27543.11,3348,0
8550,2024-09-10 09:41:36,9,1,0,414.07,Hospital,Visa,0,1,2,3,7.89,11467.19,1210,0
5064,2024-04-14 14:47:00,14,6,1,264.98,Airport Terminal,MasterCard,0,1,2,2,15.6,44336.14,2277,0
1354,2024-04-24 19:22:26,19,2,0,372.04,University Campus,Visa,0,1,3,5,12.41,18862.84,2899,0
7115,2024-07-07 06:42:13,6,6,1,28.6,Downtown Branch,MasterCard,2,1,1,6,24.65,19070.03,1345,0
9774,2024-04-23 19:54:43,19,1,0,135.14,Hotel Lobby,Visa,2,1,7,27,2238.5,1687.81,291,1
8663,2024-10-27 12:12:33,12,6,1,354.73,Shopping Mall,RuPay,0,1,3,8,27.9,26851.65,1724,0
2704,2024-01-29 21:33:27,21,0,0,150.61,Train Station,MasterCard,0,1,2,3,24.62,15556.82,2546,0
3331,2024-12-17 15:22:08,15,1,0,311.54,Airport Terminal,RuPay,0,1,2,5,6.09,10994.76,837,0
8054,2024-05-17 20:49:21,20,4,0,61.84,Gas Station,Visa,0,1,3,3,44.64,25378.02,3613,0
3585,2024-11-21 15:01:00,15,3,0,334.59,Suburban Branch,Amex,1,1,1,5,17.26,14740.39,2085,0
9442,2024-09-21 17:08:53,17,5,1,77.88,University Campus,RuPay,0,1,1,6,11.2,190.73,1086,0
5646,2024-08-26 02:43:48,2,0,0,42.89,Airport Terminal,Amex,1,1,1,7,34.42,25782.64,1863,0
3377,2024-11-17 16:18:29,16,6,1,367.61,Suburban Branch,RuPay,0,1,3,1,24.93,48726.59,2722,0
1257,2024-08-05 17:49:48,17,0,0,311.19,Remote Village,Visa,0,1,3,7,2.11,5479.1,3463,0
6191,2024-08-08 01:54:03,1,3,0,412.09,Shopping Mall,Visa,0,1,1,4,13.03,34150.42,268,0
5349,2024-01-02 12:25:48,12,1,0,121.73,Gas Station,MasterCard,0,1,3,8,43.91,7161.39,2965,0
4176,2024-07-24 00:46:48,0,2,0,179.08,Downtown Branch,Visa,0,1,1,3,17.48,32351.03,515,0
4911,2024-12-19 03:09:58,3,3,0,215.38,Airport Terminal,RuPay,0,1,3,8,5.56,9956.28,715,0
1853,2024-05-23 00:41:15,0,3,0,61.51,Gas Station,Visa,2,1,3,6,16.5,13653.8,2362,0
6317,2024-12-06 15:48:47,15,4,0,77.58,Hospital,MasterCard,0,1,3,1,38.58,23489.94,3268,0
9855,2024-10-14 15:53:51,15,0,0,104.8,University Campus,Visa,3,0,12,14,4926.2,1768.58,211,1
2106,2024-04-27 00:48:36,0,5,1,411.71,Train Station,Visa,0,0,2,1,8.48,27327.45,2754,0
134,2024-10-04 09:54:12,9,4,0,60.48,Downtown Branch,Amex,0,1,2,8,26.2,30529.29,1520,0
5030,2024-01-05 07:32:17,7,4,0,85.19,Downtown Branch,RuPay,0,1,2,7,40.25,49182.63,2534,0
929,2024-12-19 22:30:31,22,3,0,187.69,Shopping Mall,MasterCard,0,1,1,7,12.12,41408.31,258,0
824,2024-02-05 15:15:34,15,0,0,103.36,University Campus,MasterCard,0,1,1,7,36.25,15642.0,2985,0
7577,2024-10-18 07:50:29,7,4,0,132.72,Shopping Mall,MasterCard,0,1,3,2,18.11,32940.1,1838,0
1532,2024-01-23 05:35:09,5,1,0,397.98,Remote Village,Amex,0,1,1,6,15.64,33641.71,3285,0
1215,2024-12-20 13:36:39,13,4,0,495.03,Remote Village,Amex,0,1,1,6,39.51,24651.27,2384,0
505,2024-01-27 08:04:21,8,5,1,287.52,Airport Terminal,RuPay,1,1,1,1,38.27,44018.58,1725,0
6531,2024-04-03 23:00:43,23,2,0,63.47,Train Station,Visa,0,1,2,1,13.43,19285.5,1797,0
3073,2024-09-18 10:39:23,10,2,0,434.47,Hospital,Visa,0,1,1,7,23.54,18086.49,1161,0
9087,2024-03-15 10:14:35,10,4,0,192.7,University Campus,RuPay,0,1,1,4,30.98,25139.71,1083,0
8648,2024-09-09 16:17:14,16,0,0,84.51,Downtown Branch,MasterCard,0,1,3,6,18.5,9602.97,3430,0
6620,2024-08-21 09:40:01,9,2,0,304.18,Gas Station,Amex,0,1,1,7,27.73,3021.48,1787,0
9274,2024-06-25 21:19:40,21,1,0,260.01,Hospital,Visa,0,1,3,8,11.5,31453.97,3166,0
3710,2024-02-23 20:42:01,20,4,0,73.12,Hospital,Visa,0,1,1,3,20.85,21562.55,1398,0
4850,2024-12-30 06:50:45,6,0,0,238.9,Hotel Lobby,RuPay,0,1,1,6,45.8,9540.57,2652,0
4749,2024-11-28 12:57:55,12,3,0,20.2,Remote Village,Amex,0,1,1,7,22.32,7126.4,245,0
4269,2024-05-30 02:06:07,2,3,0,153.33,Train Station,Amex,0,1,2,6,19.12,16611.6,225,0
9879,2024-10-24 00:55:17,0,3,0,476.34,Downtown Branch,Visa,2,1,15,17,3275.83,1689.74,51,1
8906,2024-12-26 21:44:17,21,3,0,162.15,Remote Village,Visa,0,1,2,8,14.61,31111.69,3429,0
4187,2024-06-27 16:38:24,16,3,0,335.32,Train Station,RuPay,0,1,2,4,5.2,28805.27,1197,0
5302,2024-12-21 21:30:55,21,5,1,255.89,Airport Terminal,Visa,0,1,2,8,37.84,13159.42,1970,0
2924,2024-01-16 21:43:25,21,1,0,217.32,Airport Terminal,Amex,0,1,2,5,46.85,39669.05,2338,0
6589,2024-10-07 04:54:01,4,0,0,239.47,Train Station,MasterCard,0,1,1,8,13.65,45760.43,1836,0
1811,2024-12-30 15:03:05,15,0,0,76.89,Suburban Branch,RuPay,0,1,2,6,48.44,20942.43,1640,0
3487,2024-06-30 19:29:58,19,6,1,470.05,Hospital,MasterCard,0,1,1,6,44.57,12428.45,919,0
7420,2024-04-20 13:04:31,13,5,1,103.25,Suburban Branch,RuPay,1,1,2,8,37.27,33359.82,1578,0
3142,2024-05-26 23:40:45,23,6,1,95.55,Train Station,RuPay,0,1,2,1,7.91,44852.61,3396,0
9348,2024-08-25 22:01:05,22,6,1,119.4,Hospital,Amex,0,1,3,5,5.09,23612.95,2696,0
1325,2024-08-22 02:37:12,2,3,0,492.11,Remote Village,Amex,0,1,2,3,18.26,12710.52,2132,0
4313,2024-07-15 03:53:13,3,0,0,132.18,Suburban Branch,MasterCard,0,1,1,8,14.58,27112.2,2346,0
7495,2024-11-09 12:00:32,12,5,1,206.65,Remote Village,MasterCard,0,1,2,6,13.47,30636.54,1967,0
8703,2024-07-04 16:45:19,16,3,0,453.52,Remote Village,Amex,1,1,1,4,10.75,32082.7,1749,0
8692,2024-07-06 09:37:28,9,5,1,179.27,Remote Village,MasterCard,0,1,3,1,35.51,29610.43,1081,0
9504,2024-10-17 04:59:43,4,3,0,2078.56,Airport Terminal,Visa,5,1,11,23,3252.81,699.1,331,1
5542,2024-12-26 21:22:47,21,3,0,171.13,Downtown Branch,RuPay,0,1,2,3,16.51,39102.4,1952,0
6173,2024-05-22 17:19:49,17,2,0,229.12,Gas Station,Amex,0,1,1,5,18.5,1670.58,547,0
1541,2024-03-01 03:24:30,3,4,0,343.04,Hospital,Amex,0,1,2,3,26.09,32294.79,2761,0
9410,2024-11-08 07:09:17,7,4,0,487.47,Train Station,Visa,0,0,1,5,10.3,41805.28,177,0
2682,2024-02-04 16:43:00,16,6,1,458.81,Hospital,Amex,0,1,3,6,19.88,32103.25,1123,0
9883,2024-08-21 21:11:16,21,2,0,218.05,Suburban Branch,Visa,3,1,5,22,2662.83,1649.31,67,1
6314,2024-07-16 02:55:42,2,1,0,338.56,Suburban Branch,Amex,0,1,2,8,1.53,13355.92,3040,0
1192,2024-08-24 08:56:50,8,5,1,393.45,University Campus,MasterCard,0,1,2,1,42.0,42302.72,3237,0
5294,2024-08-15 06:05:39,6,3,0,256.66,University Campus,RuPay,0,1,1,2,47.89,28954.84,581,0
1543,2024-02-10 10:12:57,10,5,1,168.6,Airport Terminal,MasterCard,0,1,1,7,14.58,49112.2,1626,0
7057,2024-10-23 06:55:32,6,2,0,350.99,Airport Terminal,RuPay,0,1,1,6,8.13,15779.84,2576,0
2540,2024-06-22 08:49:00,8,5,1,102.81,Hotel Lobby,MasterCard,0,1,1,5,18.76,5117.45,1301,0
954,2024-12-04 09:00:11,9,2,0,221.47,Gas Station,Amex,0,1,1,2,44.75,21483.86,3115,0
7242,2024-05-27 03:15:58,3,0,0,224.67,Downtown Branch,Amex,0,1,2,5,0.95,19627.97,1695,0
6732,2024-12-01 22:33:19,22,6,1,170.27,Airport Terminal,Amex,0,1,1,1,18.86,6101.67,3520,0
4847,2024-04-09 23:00:29,23,1,0,75.48,Downtown Branch,RuPay,2,1,3,4,13.75,4987.27,1209,0
6802,2024-07-04 13:47:43,13,3,0,187.11,Hotel Lobby,Visa,0,1,3,2,49.8,44241.51,3327,0
8011,2024-11-07 06:28:31,6,3,0,473.92,Hotel Lobby,RuPay,0,1,1,3,46.65,11562.75,2035,0
4331,2024-04-24 07:07:58,7,2,0,123.42,Shopping Mall,RuPay,1,1,1,5,49.68,35677.63,1383,0
8925,2024-08-26 02:36:32,2,0,0,256.35,Shopping Mall,Amex,0,1,1,5,25.85,10240.76,942,0
5335,2024-04-16 16:26:45,16,1,0,390.02,Hotel Lobby,Visa,0,1,1,1,33.43,9897.11,1468,0
7331,2024-07-28 18:44:38,18,6,1,490.95,Hotel Lobby,RuPay,1,1,2,5,5.34,48547.32,3000,0
9349,2024-04-22 16:51:04,16,0,0,314.31,University Campus,Visa,0,1,2,1,23.02,28237.72,509,0
4730,2024-07-17 20:31:26,20,2,0,61.14,Shopping Mall,Visa,1,1,2,3,9.67,28710.19,2417,0
6542,2024-01-26 23:49:27,23,4,0,169.8,Hospital,Visa,0,1,3,7,40.79,1742.7,3234,0
5306,2024-04-13 12:34:59,12,5,1,158.52,Hospital,Amex,0,1,2,7,3.77,36598.45,3067,0
5162,2024-11-14 11:33:15,11,3,0,31.15,Gas Station,RuPay,0,1,3,5,40.47,30758.8,535,0
7861,2024-12-27 02:28:14,2,4,0,433.68,Hospital,MasterCard,0,1,2,7,12.61,22626.45,2954,0
2157,2024-07-16 07:41:51,7,1,0,330.58,University Campus,RuPay,0,1,2,1,19.36,37596.35,2375,0
1063,2024-05-20 11:14:25,11,0,0,149.0,Remote Village,RuPay,0,1,2,6,41.8,42394.87,1847,0
1168,2024-10-09 18:58:48,18,2,0,361.78,Remote Village,Visa,0,1,3,6,27.07,23832.58,2314,0
3637,2024-03-09 00:51:35,0,5,1,263.42,Shopping Mall,RuPay,0,1,2,5,16.81,9705.48,2831,0
7652,2024-06-21 18:13:15,18,4,0,244.51,Gas Station,Amex,0,1,2,4,31.28,10973.19,2815,0
5589,2024-03-24 21:11:38,21,6,1,288.08,Hospital,MasterCard,0,1,1,3,16.87,21338.81,3242,0
7193,2024-02-09 07:51:10,7,4,0,244.13,Hospital,Visa,0,1,1,6,46.86,45403.17,1944,0
4492,2024-12-02 01:36:40,1,0,0,398.78,Shopping Mall,Visa,0,1,1,5,9.08,12677.67,104,0
7267,2024-03-11 07:30:48,7,0,0,25.31,Hotel Lobby,MasterCard,1,1,1,1,31.8,35458.41,1233,0
4981,2024-06-10 20:15:56,20,0,0,52.18,Downtown Branch,Amex,1,1,3,3,40.0,31966.99,2369,0
8336,2024-05-20 14:31:29,14,0,0,328.28,University Campus,Visa,0,1,1,5,12.37,13516.52,1066,0
9953,2024-12-11 20:58:33,20,2,0,201.16,University Campus,Visa,3,0,10,10,4844.93,644.53,330,1
4947,2024-10-18 08:19:23,8,4,0,488.93,University Campus,Visa,0,1,3,2,27.49,43361.75,622,0
2783,2024-10-15 01:38:49,1,1,0,164.57,University Campus,Visa,0,1,1,1,35.99,7248.15,2335,0
718,2024-02-16 20:53:38,20,4,0,289.75,Hotel Lobby,Visa,0,1,1,5,44.82,42685.07,3608,0
2503,2024-11-02 09:52:51,9,5,1,119.97,Gas Station,RuPay,0,1,1,5,16.52,3372.62,1589,0
4361,2024-10-22 11:34:37,11,1,0,384.47,Hospital,MasterCard,0,1,1,7,13.02,33775.82,341,0
4172,2024-05-03 05:04:16,5,4,0,113.33,Hotel Lobby,Visa,0,1,2,4,26.95,6786.49,2718,0
8083,2024-06-21 21:14:48,21,4,0,60.32,Gas Station,Visa,0,1,2,2,42.24,47563.68,3307,0
9761,2024-01-28 12:33:30,12,6,1,162.97,Hospital,Amex,2,0,10,22,4356.51,465.43,236,1
396,2024-10-20 14:03:48,14,6,1,378.06,Airport Terminal,Visa,0,1,3,2,14.49,34325.35,2514,0
7187,2024-02-29 20:27:10,20,3,0,265.34,Shopping Mall,Amex,0,1,2,2,14.85,49551.26,3548,0
9823,2024-08-16 02:01:46,2,4,0,299.29,University Campus,Visa,1,0,5,22,2735.43,1761.67,331,1
4493,2024-06-04 01:42:43,1,1,0,134.76,Airport Terminal,MasterCard,0,1,2,8,41.91,5126.43,3502,0
1366,2024-04-13 04:00:24,4,5,1,287.01,Shopping Mall,RuPay,0,1,3,5,16.72,16420.2,1096,0
9527,2024-12-25 12:24:11,12,2,0,261.1,Shopping Mall,Visa,2,1,11,26,3199.42,-77.09,195,1
8788,2024-12-10 23:33:46,23,1,0,494.36,University Campus,RuPay,0,1,3,3,3.64,34143.63,174,0
5918,2024-04-09 04:57:40,4,1,0,394.84,Remote Village,Amex,0,1,1,2,20.95,34651.54,3333,0
4969,2024-07-17 02:30:35,2,2,0,280.78,Train Station,Visa,0,1,1,6,2.9,38499.42,1424,0
2915,2024-06-28 10:43:22,10,4,0,409.94,Remote Village,RuPay,0,0,2,6,22.52,37840.76,2782,0
5645,2024-11-25 05:14:15,5,0,0,315.26,Remote Village,MasterCard,0,1,2,4,37.68,31994.8,2724,0
3767,2024-07-24 19:35:19,19,2,0,330.26,Remote Village,Visa,0,0,2,3,5.6,46902.08,1737,0
3441,2024-09-10 15:30:29,15,1,0,297.95,Hotel Lobby,MasterCard,0,1,2,1,3.62,8089.37,2385,0
7358,2024-09-28 22:38:39,22,5,1,299.07,Shopping Mall,Amex,0,1,1,1,22.06,27137.89,1551,0
6807,2024-01-07 15:41:36,15,6,1,362.31,Shopping Mall,MasterCard,0,1,3,8,11.6,27569.27,933,0
2144,2024-10-26 14:51:37,14,5,1,148.31,Shopping Mall,RuPay,0,1,2,7,39.05,39826.92,2082,0
5105,2024-04-24 13:20:27,13,2,0,146.76,Train Station,RuPay,0,1,3,1,13.33,6319.35,2560,0
5074,2024-04-07 20:03:44,20,6,1,311.28,Gas Station,Visa,0,1,1,8,34.45,17542.36,764,0
1572,2024-03-08 13:00:06,13,4,0,379.65,University Campus,MasterCard,0,1,1,6,33.51,30159.77,1511,0
4080,2024-11-29 20:57:11,20,4,0,288.49,Hotel Lobby,MasterCard,0,1,3,1,39.61,42510.14,3613,0
1123,2024-05-07 00:41:37,0,1,0,165.23,University Campus,Amex,0,1,2,7,35.31,17814.08,3465,0
2787,2024-08-09 17:12:50,17,4,0,127.82,University Campus,MasterCard,0,1,2,1,13.86,42698.21,3058,0
2968,2024-01-04 08:38:29,8,3,0,180.77,Suburban Branch,MasterCard,0,1,3,8,46.07,27448.24,447,0
2505,2024-11-01 11:10:01,11,4,0,162.4,University Campus,RuPay,0,1,2,7,31.5,42748.33,3438,0
5989,2024-09-17 03:00:50,3,1,0,299.45,Train Station,Amex,2,1,2,5,5.56,6553.62,2090,0
8868,2024-04-16 05:25:44,5,1,0,337.69,Hospital,MasterCard,0,1,1,4,29.94,11091.49,1974,0
7165,2024-03-30 09:21:32,9,5,1,248.51,Hotel Lobby,MasterCard,0,1,3,8,36.41,6507.32,2076,0
729,2024-04-03 17:26:59,17,2,0,419.47,Hospital,Amex,0,0,1,1,42.08,13061.85,2108,0
7588,2024-04-27 13:00:07,13,5,1,367.15,Train Station,MasterCard,0,0,1,8,13.37,38521.06,290,0
7544,2024-04-12 09:23:59,9,4,0,417.16,Suburban Branch,Visa,0,1,1,7,4.17,23104.41,2479,0
413,2024-07-08 01:52:43,1,0,0,400.48,Downtown Branch,Amex,1,1,1,8,8.28,3946.7,2665,0
5746,2024-11-08 12:35:30,12,4,0,154.08,University Campus,RuPay,0,1,3,4,13.33,47289.0,2860,0
7669,2024-11-09 14:10:04,14,5,1,464.24,Hospital,Amex,0,1,3,1,15.35,22539.13,2606,0
826,2024-06-03 15:54:27,15,0,0,201.3,Hospital,RuPay,0,1,3,7,38.02,40998.23,3280,0
3268,2024-04-06 22:04:14,22,5,1,176.38,Airport Terminal,Amex,0,1,3,6,33.53,32904.12,3325,0
3975,2024-08-14 09:54:37,9,2,0,91.32,Airport Terminal,Visa,0,1,3,2,11.97,10453.11,467,0
8809,2024-05-19 14:35:05,14,6,1,139.27,Gas Station,MasterCard,0,1,2,8,17.86,16237.74,1622,0
8307,2024-06-30 01:53:15,1,6,1,436.19,Gas Station,Amex,0,1,2,4,7.86,47947.04,3332,0
418,2024-03-26 04:37:08,4,1,0,418.57,Remote Village,Visa,0,1,1,5,8.39,34311.0,1887,0
6749,2024-02-08 06:07:08,6,3,0,184.29,Suburban Branch,Visa,0,1,3,7,38.36,43996.89,988,0
8968,2024-12-04 23:58:08,23,2,0,95.15,Hotel Lobby,MasterCard,0,1,2,3,5.76,28459.48,1089,0
2083,2024-05-03 12:26:32,12,4,0,167.31,Downtown Branch,Amex,0,1,2,5,41.07,42042.78,2091,0
8946,2024-05-25 00:16:34,0,5,1,317.04,Downtown Branch,Amex,0,1,3,1,24.46,18457.76,407,0
3374,2024-07-09 17:26:40,17,1,0,223.29,Hotel Lobby,MasterCard,0,1,1,8,23.24,3915.18,3265,0
5727,2024-02-01 03:21:48,3,3,0,131.84,Airport Terminal,MasterCard,0,1,2,1,24.53,39583.37,3382,0
4108,2024-12-26 17:45:45,17,3,0,202.18,Train Station,Amex,0,1,2,3,19.43,36937.28,1930,0
4381,2024-12-23 03:14:23,3,0,0,275.82,Train Station,Amex,0,1,1,1,7.45,31493.12,1076,0
7724,2024-11-15 03:21:27,3,4,0,486.85,University Campus,RuPay,0,1,3,7,13.54,2177.43,2346,0
1067,2024-01-17 07:03:15,7,2,0,285.64,Gas Station,Amex,0,0,1,6,27.02,2332.18,991,0
3914,2024-01-24 03:33:19,3,2,0,159.06,Shopping Mall,MasterCard,0,1,3,3,40.49,15615.87,2055,0
5537,2024-11-11 19:07:52,19,0,0,176.64,Downtown Branch,Visa,0,1,2,7,17.51,39488.65,1406,0
8003,2024-12-07 13:11:24,13,5,1,239.57,Suburban Branch,MasterCard,0,1,2,4,16.52,43386.66,1808,0
5388,2024-05-23 12:13:39,12,3,0,67.02,Hotel Lobby,Amex,0,1,1,7,16.41,36243.73,1214,0
5733,2024-10-16 19:51:14,19,2,0,347.22,University Campus,Amex,0,1,3,3,23.69,24454.93,3200,0
2739,2024-06-01 07:36:46,7,5,1,167.2,Gas Station,RuPay,0,1,2,7,17.07,7577.92,2345,0
5053,2024-03-15 14:56:04,14,4,0,496.17,Airport Terminal,Visa,1,1,1,1,30.6,49143.16,1026,0
4001,2024-04-27 18:13:44,18,5,1,439.1,Suburban Branch,Amex,0,1,3,8,0.96,3700.83,1073,0
2428,2024-06-21 20:47:09,20,4,0,435.58,Hotel Lobby,MasterCard,1,1,1,8,9.15,14054.53,1444,0
6834,2024-08-02 02:05:59,2,4,0,206.95,Hospital,RuPay,0,1,3,1,39.48,9813.03,1416,0
1688,2024-12-28 18:53:48,18,5,1,95.76,Remote Village,RuPay,1,1,1,7,27.98,25283.87,1927,0
852,2024-02-04 01:14:24,1,6,1,73.46,Remote Village,RuPay,0,1,3,2,28.64,6458.13,1313,0
6304,2024-07-01 16:35:50,16,0,0,211.18,Downtown Branch,Amex,0,1,1,7,2.03,28744.53,1934,0
9088,2024-01-09 10:26:32,10,1,0,448.39,Hotel Lobby,MasterCard,0,1,2,6,15.37,24019.73,3541,0
5879,2024-06-11 05:49:51,5,1,0,271.97,Downtown Branch,Visa,0,1,3,2,39.97,30568.86,610,0
8528,2024-05-30 21:11:49,21,3,0,381.23,Hotel Lobby,MasterCard,0,1,3,7,29.84,22251.5,2787,0
2840,2024-02-04 00:23:22,0,6,1,349.01,Downtown Branch,Visa,0,0,3,7,32.2,14836.6,3252,0
4612,2024-11-19 05:38:50,5,1,0,438.55,Airport Terminal,Visa,0,1,2,3,42.87,47436.72,2312,0
9541,2024-11-12 04:48:14,4,1,0,2697.33,Airport Terminal,MasterCard,5,0,5,19,4461.64,-325.5,60,1
9208,2024-05-31 12:32:58,12,4,0,348.27,Remote Village,Amex,1,1,2,6,34.28,14803.61,3470,0
2490,2024-03-06 15:16:10,15,2,0,109.89,Remote Village,Amex,1,1,3,1,23.19,29080.93,1020,0
6906,2024-09-09 12:51:34,12,0,0,37.75,Hospital,Visa,0,1,1,3,46.97,23020.4,2191,0
7391,2024-09-29 03:27:13,3,6,1,310.01,Downtown Branch,Amex,0,1,2,4,17.1,41644.86,2941,0
2850,2024-10-14 06:29:46,6,0,0,314.44,Train Station,RuPay,0,1,2,4,48.08,43465.76,3156,0
6666,2024-11-19 02:38:10,2,1,0,480.95,Downtown Branch,RuPay,0,1,2,7,18.49,13869.37,606,0
5882,2024-11-18 23:59:48,23,0,0,127.83,Shopping Mall,Visa,0,1,1,1,27.16,43195.75,2835,0
4453,2024-08-29 01:08:13,1,3,0,329.85,Train Station,Visa,0,1,1,3,48.65,17313.19,2373,0
7422,2024-09-28 15:56:37,15,5,1,188.3,University Campus,Amex,0,1,3,4,13.68,23577.83,2755,0
6485,2024-05-01 10:59:22,10,2,0,477.98,Airport Terminal,Visa,0,1,3,6,28.71,48082.1,383,0
2480,2024-09-28 11:20:29,11,5,1,476.88,Suburban Branch,MasterCard,0,1,3,3,31.25,2623.56,3059,0
6618,2024-04-07 10:55:38,10,6,1,495.04,Airport Terminal,MasterCard,0,1,2,7,19.67,38946.06,2996,0
2142,2024-11-13 23:40:15,23,2,0,153.17,Airport Terminal,RuPay,0,1,2,2,25.58,22124.88,384,0
5189,2024-09-09 11:36:45,11,0,0,483.23,Remote Village,RuPay,0,1,1,5,29.21,46078.64,478,0
9705,2024-03-17 20:39:05,20,6,1,171.81,University Campus,RuPay,1,1,13,20,2521.7,1210.8,131,1
2745,2024-10-21 21:05:24,21,0,0,134.41,Shopping Mall,MasterCard,0,1,2,3,9.37,39669.39,1696,0
7254,2024-03-06 06:37:45,6,2,0,430.36,Downtown Branch,MasterCard,0,1,3,7,35.72,23984.25,2995,0
3507,2024-03-01 07:05:12,7,4,0,105.89,Airport Terminal,MasterCard,0,1,1,6,31.92,7515.38,2779,0
1680,2024-08-14 08:41:08,8,2,0,292.86,Remote Village,RuPay,0,1,1,2,35.57,45562.43,706,0
4250,2024-08-16 08:57:59,8,4,0,173.64,Downtown Branch,RuPay,0,1,3,5,5.1,7166.49,1574,0
3148,2024-11-03 21:42:53,21,6,1,410.91,Airport Terminal,MasterCard,1,1,1,8,25.6,13335.44,3308,0
8131,2024-06-09 11:45:11,11,6,1,262.16,Hospital,Amex,0,1,3,3,38.43,48477.78,2248,0
7005,2024-01-05 15:26:54,15,4,0,310.44,Airport Terminal,RuPay,0,1,1,8,45.47,36086.02,84,0
581,2024-01-07 09:01:46,9,6,1,37.78,Downtown Branch,MasterCard,0,1,1,8,47.0,43522.98,2227,0
4071,2024-12-16 04:12:32,4,0,0,147.05,Remote Village,RuPay,0,1,3,4,29.8,32562.8,1944,0
3344,2024-03-02 17:17:51,17,5,1,136.04,Downtown Branch,MasterCard,0,1,2,7,1.48,38660.62,2565,0
7405,2024-01-13 15:20:27,15,5,1,104.1,Remote Village,MasterCard,0,1,2,6,32.23,992.5,3046,0
3673,2024-09-20 22:06:11,22,4,0,421.26,Downtown Branch,Amex,0,1,2,8,5.54,43608.49,725,0
560,2024-04-22 07:37:05,7,0,0,100.4,Remote Village,Visa,0,1,3,5,3.07,23710.71,722,0
5238,2024-02-11 13:28:20,13,6,1,497.96,Hotel Lobby,Amex,0,1,1,3,19.38,3984.56,577,0
7806,2024-04-07 14:10:50,14,6,1,41.84,Suburban Branch,Amex,0,1,1,1,39.63,652.91,2141,0
513,2024-06-29 00:52:08,0,5,1,418.35,Suburban Branch,MasterCard,0,1,3,3,19.65,16240.7,132,0
1082,2024-09-18 17:16:09,17,2,0,331.71,Train Station,RuPay,0,1,3,5,47.24,4935.24,1247,0
1665,2024-04-07 14:06:38,14,6,1,250.19,Gas Station,Visa,0,1,1,2,2.21,3063.98,515,0
9205,2024-10-02 12:42:45,12,2,0,252.88,University Campus,RuPay,0,1,1,6,3.13,38396.21,1048,0
1932,2024-05-26 08:41:11,8,6,1,196.95,Hospital,RuPay,1,1,1,6,28.74,4800.62,1355,0
9667,2024-10-05 13:30:32,13,5,1,196.15,Hotel Lobby,MasterCard,3,1,4,19,628.9,211.01,88,1
1151,2024-08-19 19:52:24,19,0,0,209.05,Train Station,MasterCard,0,1,3,1,11.08,30465.26,3175,0
2839,2024-01-07 13:43:07,13,6,1,127.59,Train Station,MasterCard,0,1,1,1,17.38,46280.44,1654,0
5950,2024-08-11 12:29:59,12,6,1,475.89,Shopping Mall,Amex,1,1,3,4,18.68,4997.91,444,0
8309,2024-10-01 11:21:44,11,1,0,80.39,Hotel Lobby,Amex,0,1,1,5,3.91,24257.23,3400,0
8933,2024-09-07 19:35:28,19,5,1,499.88,Train Station,Visa,0,1,3,4,33.51,43149.25,2750,0
9789,2024-01-25 06:19:22,6,3,0,445.89,Gas Station,MasterCard,1,1,10,24,3579.86,404.72,291,1
5178,2024-12-04 04:38:51,4,2,0,244.9,Train Station,MasterCard,0,1,3,2,42.69,10018.02,2208,0
831,2024-04-09 03:10:51,3,1,0,390.21,Hotel Lobby,MasterCard,0,1,2,6,34.82,32580.23,1766,0
8312,2024-10-15 17:37:51,17,1,0,380.89,University Campus,RuPay,0,1,3,8,7.27,44388.39,3177,0
4753,2024-06-17 17:25:36,17,0,0,73.85,Suburban Branch,RuPay,0,1,2,1,11.33,43665.0,544,0
9851,2024-10-30 01:57:26,1,2,0,3215.69,Airport Terminal,MasterCard,5,0,15,23,4181.04,722.97,115,1
636,2024-10-20 00:55:05,0,6,1,66.32,Remote Village,Amex,0,1,1,3,33.53,1560.03,626,0
4466,2024-04-22 03:54:47,3,0,0,56.75,Train Station,RuPay,0,1,2,2,4.05,389.85,472,0
6800,2024-02-22 19:40:47,19,3,0,26.17,Shopping Mall,MasterCard,0,1,3,8,30.8,12612.52,902,0
7988,2024-05-07 08:31:50,8,1,0,53.27,Suburban Branch,Visa,1,1,1,8,11.59,34579.48,1418,0
7080,2024-05-25 05:57:54,5,5,1,121.71,Train Station,Amex,0,0,2,1,16.66,6689.73,2642,0
6967,2024-05-02 11:39:31,11,3,0,46.39,Remote Village,RuPay,0,1,1,3,40.66,22839.25,66,0
4143,2024-01-31 21:17:28,21,2,0,59.21,Shopping Mall,RuPay,0,1,3,6,9.61,41940.47,2280,0
7028,2024-09-06 04:37:46,4,4,0,63.51,Suburban Branch,Amex,0,1,3,6,35.46,43069.92,1536,0
9184,2024-06-22 14:07:08,14,5,1,254.32,Train Station,Amex,0,1,1,6,43.99,11603.3,1983,0
877,2024-03-09 05:56:06,5,5,1,272.71,Remote Village,Amex,1,1,2,2,26.45,35052.73,3574,0
4870,2024-07-10 23:19:21,23,2,0,200.51,Hospital,Visa,0,1,2,6,17.7,29798.86,3480,0
5316,2024-09-07 09:44:21,9,5,1,413.15,Hotel Lobby,Visa,1,1,2,1,37.19,37788.04,666,0
5223,2024-01-12 08:31:06,8,4,0,76.41,Train Station,Visa,0,1,3,1,48.33,33285.54,786,0
5,2024-08-02 09:23:29,9,4,0,160.73,Hotel Lobby,Visa,0,1,3,2,2.29,11472.12,1215,0
3052,2024-04-28 09:41:46,9,6,1,409.42,Hotel Lobby,Visa,0,1,3,7,21.39,16532.22,596,0
5692,2024-01-23 13:01:34,13,1,0,475.62,Gas Station,MasterCard,0,1,3,1,26.36,47400.14,1439,0
3125,2024-11-02 09:56:59,9,5,1,488.64,Downtown Branch,RuPay,0,1,1,7,29.6,41525.34,330,0
2492,2024-05-27 15:33:08,15,0,0,162.27,University Campus,Amex,0,1,2,1,15.85,46221.46,2940,0
3855,2024-04-17 16:08:55,16,2,0,165.4,Hospital,MasterCard,0,1,3,8,5.16,6823.08,2528,0
4778,2024-08-30 22:34:51,22,4,0,428.31,Hospital,RuPay,0,1,2,4,28.45,48082.98,304,0
7510,2024-12-17 05:59:01,5,1,0,424.26,Train Station,RuPay,0,1,3,2,47.68,16506.27,3280,0
6458,2024-07-18 03:01:46,3,3,0,108.03,Gas Station,MasterCard,0,1,1,2,43.37,26142.65,3474,0
6294,2024-06-27 01:08:07,1,3,0,292.68,Gas Station,Visa,0,1,2,5,16.83,45842.42,3096,0
1149,2024-01-02 22:05:19,22,1,0,249.13,Train Station,RuPay,0,1,2,4,45.64,33455.0,3435,0
575,2024-01-29 07:39:32,7,0,0,53.8,Train Station,RuPay,0,1,2,3,32.64,143.3,184,0
3770,2024-03-06 04:13:51,4,2,0,299.77,Remote Village,Amex,0,1,2,1,38.72,27822.27,3633,0
4147,2024-03-29 06:14:56,6,4,0,129.39,Shopping Mall,Amex,0,1,2,6,33.96,26312.47,2073,0
854,2024-07-20 20:26:02,20,5,1,338.6,Airport Terminal,MasterCard,0,1,3,8,15.8,40825.78,1245,0
5920,2024-02-15 01:07:16,1,3,0,307.66,Remote Village,Visa,0,1,1,1,19.02,47759.87,297,0
9359,2024-11-04 21:09:36,21,0,0,300.83,Remote Village,Visa,0,1,2,7,32.96,20331.55,2858,0
6615,2024-09-13 11:58:54,11,4,0,219.25,University Campus,RuPay,0,1,2,3,41.0,17080.84,590,0
6003,2024-09-21 07:50:05,7,5,1,151.46,Hotel Lobby,MasterCard,0,1,1,8,37.98,11666.97,2656,0
9164,2024-02-28 15:12:36,15,2,0,388.06,Airport Terminal,RuPay,0,1,2,4,6.96,49552.0,772,0
4496,2024-04-14 16:33:55,16,6,1,20.95,Gas Station,MasterCard,0,1,2,3,7.28,36938.35,669,0
8174,2024-07-16 10:21:11,10,1,0,104.51,Hospital,RuPay,0,1,3,4,4.43,1950.58,1786,0
6656,2024-05-26 01:30:17,1,6,1,28.49,Shopping Mall,Visa,0,1,2,3,36.39,17070.52,428,0
2369,2024-06-14 05:38:27,5,4,0,49.46,Airport Terminal,Visa,0,1,3,2,10.27,27222.9,270,0
4781,2024-06-23 15:48:01,15,6,1,311.91,Hotel Lobby,MasterCard,0,1,2,2,45.18,30325.63,2821,0
7993,2024-01-22 16:50:15,16,0,0,191.68,Suburban Branch,MasterCard,0,1,2,8,37.08,43322.82,3165,0
2951,2024-10-08 09:07:10,9,1,0,475.55,Gas Station,RuPay,0,1,1,4,21.23,27443.79,1557,0
5626,2024-04-14 16:36:47,16,6,1,108.94,University Campus,RuPay,0,1,3,5,28.28,22867.3,1305,0
6972,2024-10-08 02:03:17,2,1,0,166.05,Shopping Mall,RuPay,0,1,3,4,25.47,7974.8,3362,0
8717,2024-11-23 13:21:12,13,5,1,305.1,Suburban Branch,Amex,0,1,2,6,41.34,41068.79,2489,0
1842,2024-01-14 11:58:19,11,6,1,245.38,Downtown Branch,Visa,0,1,2,1,25.57,19515.59,2069,0
5987,2024-11-25 09:12:59,9,0,0,167.55,Airport Terminal,Visa,0,1,1,1,46.21,8507.98,754,0
538,2024-04-15 21:19:17,21,0,0,91.67,Downtown Branch,Amex,0,1,3,2,10.33,17580.88,1334,0
2807,2024-02-29 22:31:56,22,3,0,323.49,Hotel Lobby,Visa,0,1,1,8,25.79,36384.87,2946,0
5802,2024-08-26 05:04:03,5,0,0,232.94,Gas Station,Visa,0,1,1,3,31.59,34265.1,2158,0
5597,2024-10-01 22:55:28,22,1,0,215.75,Remote Village,Amex,0,1,1,3,4.51,19330.39,2541,0
7207,2024-03-10 17:54:40,17,6,1,167.67,Hospital,Amex,0,1,3,2,31.3,380.69,1385,0
7344,2024-04-05 06:46:44,6,4,0,437.29,Downtown Branch,MasterCard,0,1,1,1,22.41,11726.8,1144,0
7561,2024-08-26 21:18:26,21,0,0,163.59,Downtown Branch,MasterCard,0,1,1,5,7.28,49591.15,1480,0
8097,2024-02-23 10:35:08,10,4,0,135.39,Hotel Lobby,Amex,0,1,1,4,17.65,22483.06,3569,0
785,2024-03-06 00:35:37,0,2,0,264.13,Suburban Branch,RuPay,0,1,3,8,8.95,35653.09,2182,0
1410,2024-04-27 20:47:45,20,5,1,421.44,Gas Station,MasterCard,0,1,2,8,19.3,43570.84,2849,0
155,2024-10-15 16:07:47,16,1,0,231.07,Hotel Lobby,Visa,1,0,2,8,18.37,39884.81,1122,0
7807,2024-08-14 11:41:52,11,2,0,420.07,Gas Station,MasterCard,0,1,1,4,18.22,44607.01,489,0
3010,2024-04-24 17:17:32,17,2,0,361.06,Downtown Branch,Amex,0,1,1,3,23.68,19347.29,2581,0
1687,2024-09-15 21:00:48,21,6,1,64.97,University Campus,Visa,0,1,1,5,29.78,4666.04,2684,0
4015,2024-12-14 09:01:25,9,5,1,214.49,Remote Village,RuPay,1,1,3,5,28.02,42165.73,2090,0
7456,2024-05-09 10:57:54,10,3,0,105.45,Airport Terminal,Visa,0,0,3,8,37.39,40500.8,106,0
3864,2024-08-29 05:33:23,5,3,0,166.06,Hotel Lobby,RuPay,0,1,1,2,22.94,16042.44,2422,0
2734,2024-04-30 10:56:17,10,1,0,175.81,Remote Village,MasterCard,1,1,2,4,42.14,31988.73,1965,0
1896,2024-12-21 07:05:43,7,5,1,263.42,University Campus,MasterCard,0,1,3,4,22.57,38494.11,342,0
5443,2024-02-24 06:58:02,6,5,1,55.23,Suburban Branch,Visa,0,1,3,5,27.99,10303.24,554,0
570,2024-04-07 19:50:30,19,6,1,112.68,Airport Terminal,Visa,0,1,3,4,47.52,31940.34,2930,0
6710,2024-12-21 14:03:38,14,5,1,174.06,University Campus,RuPay,1,1,3,8,46.13,48383.83,1978,0
5855,2024-02-12 07:19:02,7,0,0,388.37,Hospital,Amex,1,1,1,7,46.0,29853.09,1598,0
1817,2024-07-26 07:23:07,7,4,0,372.78,Remote Village,MasterCard,1,1,3,2,37.0,46522.23,634,0
8320,2024-05-10 11:42:50,11,4,0,144.81,Shopping Mall,Amex,0,1,3,1,27.34,44193.35,2405,0
3395,2024-04-15 08:01:15,8,0,0,136.18,Gas Station,Amex,0,1,1,6,44.41,40322.66,1951,0
3328,2024-11-19 13:59:19,13,1,0,464.57,Downtown Branch,Visa,0,1,1,7,2.54,39591.34,2367,0
9983,2024-11-03 01:47:37,1,6,1,3517.91,Remote Village,Visa,3,1,5,7,2967.91,851.67,10,1
6103,2024-08-21 02:55:50,2,2,0,94.81,Downtown Branch,Amex,0,1,3,5,17.76,40458.44,1317,0
2976,2024-11-22 19:14:48,19,4,0,489.18,Gas Station,Visa,0,1,1,7,35.94,33487.08,1697,0
981,2024-11-12 20:39:59,20,1,0,173.0,Hospital,RuPay,0,1,3,6,18.7,31671.65,293,0
191,2024-09-10 13:24:06,13,1,0,468.82,Train Station,Visa,1,1,2,6,14.27,3052.21,3178,0
9332,2024-07-09 01:58:07,1,1,0,356.31,Downtown Branch,MasterCard,0,1,1,1,21.05,437.2,2097,0
5089,2024-06-30 09:14:28,9,6,1,142.52,Hotel Lobby,Visa,0,1,3,4,5.72,42637.69,1221,0
700,2024-06-17 14:09:37,14,0,0,322.73,Suburban Branch,Visa,0,1,2,4,32.38,35710.41,2058,0
9760,2024-08-22 05:15:17,5,3,0,490.95,Airport Terminal,RuPay,1,1,3,19,1066.76,1964.85,331,1
607,2024-07-01 14:14:40,14,0,0,360.72,Suburban Branch,Visa,0,1,2,6,40.0,47273.73,3342,0
302,2024-05-30 19:58:33,19,3,0,149.81,Remote Village,MasterCard,0,1,2,1,40.43,23637.05,1494,0
3421,2024-07-06 00:05:02,0,5,1,401.4,Remote Village,RuPay,0,1,3,5,10.85,37625.22,3388,0
9805,2024-11-12 02:18:27,2,1,0,1082.49,Airport Terminal,Visa,4,1,6,7,4135.36,175.96,2,1
1061,2024-11-29 09:55:52,9,4,0,495.63,Hospital,MasterCard,0,1,3,5,8.13,19126.42,3084,0
3445,2024-09-16 12:21:28,12,0,0,485.13,Train Station,MasterCard,0,1,2,8,5.89,18273.87,2011,0
1070,2024-07-01 19:06:08,19,0,0,472.39,Downtown Branch,Visa,0,1,1,5,46.52,45602.45,134,0
2206,2024-01-15 09:13:56,9,0,0,310.41,Hotel Lobby,Visa,0,1,2,6,27.23,4044.78,3047,0
9436,2024-06-19 07:09:23,7,2,0,294.12,Hospital,MasterCard,1,1,3,1,23.73,40072.23,657,0
7340,2024-01-01 17:35:18,17,0,0,224.3,University Campus,MasterCard,0,1,2,7,46.72,10675.03,99,0
8209,2024-06-05 19:37:14,19,2,0,132.88,Train Station,Amex,0,1,3,6,47.78,48549.74,2580,0
7680,2024-12-02 11:00:23,11,0,0,447.25,Shopping Mall,Visa,0,1,2,8,46.96,39992.64,241,0
4643,2024-02-29 13:49:56,13,3,0,44.84,Suburban Branch,RuPay,1,1,3,5,25.97,10342.09,282,0
7684,2024-11-08 14:25:28,14,4,0,436.27,Shopping Mall,MasterCard,0,1,3,2,8.44,43468.94,3127,0
9008,2024-06-16 03:28:43,3,6,1,298.73,Shopping Mall,RuPay,0,1,1,6,42.77,6282.61,3497,0
7997,2024-06-26 18:25:07,18,2,0,270.23,Airport Terminal,Visa,0,1,1,5,24.31,42039.57,1287,0
5601,2024-03-18 17:05:03,17,0,0,323.22,Train Station,Amex,1,1,1,1,43.66,35881.88,1809,0
9152,2024-10-20 00:08:54,0,6,1,270.16,University Campus,RuPay,1,1,3,8,1.82,47066.49,2018,0
7023,2024-12-17 01:35:47,1,1,0,205.16,Gas Station,Visa,2,1,1,4,47.43,4821.19,629,0
4894,2024-01-22 09:04:07,9,0,0,50.23,Hotel Lobby,Visa,0,1,3,7,19.06,43340.8,2258,0
226,2024-01-22 19:01:44,19,0,0,325.64,Airport Terminal,Visa,0,1,2,6,28.29,42912.22,420,0
3355,2024-08-07 22:41:36,22,2,0,155.63,Remote Village,RuPay,0,1,2,4,39.11,22857.82,2096,0
5896,2024-01-26 13:54:26,13,4,0,284.84,Suburban Branch,Visa,0,1,2,2,14.73,8908.71,334,0
8755,2024-09-03 03:09:33,3,1,0,91.33,Shopping Mall,Amex,0,1,2,2,48.47,18799.82,2267,0
3437,2024-12-18 02:43:47,2,2,0,212.66,Hospital,Amex,0,1,1,5,30.24,10139.38,2381,0
1694,2024-02-09 16:39:47,16,4,0,205.25,Hotel Lobby,MasterCard,0,1,1,7,13.76,27380.92,31,0
6894,2024-12-08 05:14:42,5,6,1,104.7,Suburban Branch,MasterCard,1,1,2,4,32.5,46424.78,3302,0
1046,2024-12-10 21:01:16,21,1,0,387.07,Suburban Branch,Visa,0,1,2,1,11.78,3738.3,2339,0
3447,2024-05-22 16:30:40,16,2,0,132.38,Shopping Mall,Visa,0,1,2,7,0.99,29058.66,3243,0
8051,2024-06-03 17:57:41,17,0,0,243.36,Suburban Branch,MasterCard,0,1,1,6,46.45,17141.83,1067,0
9147,2024-09-06 08:44:59,8,4,0,37.3,Airport Terminal,RuPay,1,1,3,8,4.28,27598.01,3642,0
9982,2024-05-03 10:02:44,10,4,0,223.36,Airport Terminal,Amex,2,1,3,26,3418.23,730.2,192,1
4736,2024-03-11 08:02:02,8,0,0,89.66,Gas Station,RuPay,1,1,3,2,40.5,39718.53,3476,0
4497,2024-04-21 13:18:20,13,6,1,135.13,Shopping Mall,MasterCard,0,1,1,1,1.36,9615.0,1863,0
1219,2024-08-30 05:12:35,5,4,0,417.55,University Campus,Amex,0,1,1,5,42.78,29260.39,3174,0
6016,2024-02-04 17:39:57,17,6,1,70.73,Airport Terminal,Amex,0,1,3,8,49.21,26800.91,847,0
9720,2024-07-24 03:27:16,3,2,0,3764.75,Airport Terminal,Visa,2,1,10,18,4673.23,938.52,17,1
3988,2024-10-15 17:58:09,17,1,0,35.99,Hospital,RuPay,0,1,3,8,3.04,44519.33,2889,0
4912,2024-07-13 22:50:32,22,5,1,378.26,Shopping Mall,RuPay,0,1,2,4,7.3,39171.2,740,0
9493,2024-12-18 13:04:54,13,2,0,461.17,Shopping Mall,Visa,0,1,2,1,7.82,29753.42,292,0
4494,2024-05-28 06:38:52,6,1,0,384.22,Airport Terminal,MasterCard,0,1,1,5,49.1,7434.55,232,0
6945,2024-04-16 08:58:31,8,1,0,298.96,Hospital,MasterCard,0,1,3,2,10.47,33820.48,606,0
5700,2024-07-02 20:02:55,20,1,0,450.74,Suburban Branch,Visa,1,1,3,7,42.64,13266.97,1588,0
8353,2024-11-15 01:16:45,1,4,0,446.9,Remote Village,MasterCard,1,1,2,2,42.39,946.53,2500,0
957,2024-01-06 12:13:49,12,5,1,92.24,Shopping Mall,Visa,0,1,2,2,39.6,33729.87,1106,0
2870,2024-12-29 14:47:04,14,6,1,109.52,Remote Village,MasterCard,0,1,2,5,15.06,26059.78,3143,0
4434,2024-12-26 17:01:21,17,3,0,100.93,Hospital,Amex,0,1,1,7,2.19,767.59,63,0
4974,2024-12-06 11:25:29,11,4,0,222.08,Downtown Branch,RuPay,0,1,3,4,10.7,18855.24,3531,0
2962,2024-07-19 04:53:00,4,4,0,47.99,Hotel Lobby,Amex,1,1,1,5,36.72,33724.64,1849,0
2201,2024-01-18 11:19:23,11,3,0,90.37,Remote Village,MasterCard,0,1,3,2,29.54,25830.26,822,0
99,2024-11-09 05:01:03,5,5,1,161.67,Airport Terminal,RuPay,1,1,1,3,37.71,11358.17,2800,0
9850,2024-06-24 04:51:47,4,0,0,2946.32,Airport Terminal,Amex,2,0,3,22,3983.78,-99.84,93,1
2558,2024-05-08 02:14:36,2,2,0,307.19,Downtown Branch,Visa,0,1,1,7,37.14,34311.0,2401,0
8446,2024-07-01 10:17:48,10,0,0,180.29,Gas Station,Visa,0,1,2,4,35.47,24734.27,775,0
4200,2024-01-09 04:44:49,4,1,0,319.34,Hospital,Amex,0,1,1,7,41.34,26179.55,3440,0
9638,2024-12-15 02:04:10,2,6,1,1182.67,Airport Terminal,MasterCard,5,1,11,13,2991.54,1438.56,56,1
5540,2024-03-04 22:06:14,22,0,0,86.81,Hotel Lobby,MasterCard,1,1,3,6,2.37,45470.75,1407,0
1649,2024-09-14 21:00:23,21,5,1,31.53,Train Station,RuPay,0,1,3,4,2.83,41180.13,50,0
6198,2024-09-03 17:38:23,17,1,0,37.43,Train Station,Visa,0,1,1,1,11.04,17823.48,2552,0
6296,2024-11-04 01:35:32,1,0,0,346.19,Shopping Mall,Amex,0,1,2,7,21.23,21784.45,222,0
4500,2024-06-07 09:53:30,9,4,0,372.92,Gas Station,RuPay,0,1,3,8,22.92,46703.62,912,0
1155,2024-09-11 17:08:18,17,2,0,433.98,Downtown Branch,RuPay,0,1,1,7,34.31,678.27,2708,0
2256,2024-02-10 13:53:28,13,5,1,270.9,Remote Village,Amex,0,1,3,8,37.43,41948.28,2930,0
3171,2024-08-13 15:34:40,15,1,0,417.92,Suburban Branch,RuPay,0,1,3,3,24.04,39527.8,3153,0
7401,2024-03-08 09:19:25,9,4,0,458.16,Hospital,MasterCard,0,1,1,6,34.7,28240.97,3027,0
7159,2024-11-27 17:39:23,17,2,0,76.29,Suburban Branch,RuPay,1,1,3,6,15.43,47465.9,624,0
3109,2024-04-13 00:00:29,0,5,1,466.56,University Campus,MasterCard,0,1,3,7,29.74,8922.53,489,0
4549,2024-01-23 12:05:37,12,1,0,443.17,Hospital,Amex,0,1,2,2,48.88,42557.71,111,0
5424,2024-09-08 18:35:28,18,6,1,463.29,Hotel Lobby,Amex,0,1,2,7,35.5,4538.41,850,0
2050,2024-02-18 18:14:55,18,6,1,132.94,University Campus,MasterCard,1,1,2,7,43.94,37719.61,2273,0
9209,2024-07-07 16:51:49,16,6,1,336.0,Train Station,Amex,0,1,1,1,25.26,6679.65,2860,0
8816,2024-10-13 03:45:10,3,6,1,349.5,Airport Terminal,RuPay,0,1,3,4,27.75,25724.89,3161,0
9798,2024-08-14 12:35:34,12,2,0,245.49,Shopping Mall,MasterCard,2,1,15,15,2195.13,888.03,146,1
263,2024-07-09 02:05:09,2,1,0,88.24,Hospital,Amex,0,1,1,2,20.14,37515.14,2875,0
4062,2024-11-21 05:03:55,5,3,0,151.22,Hospital,RuPay,0,1,1,7,29.53,13246.25,3086,0
5535,2024-03-06 19:45:55,19,2,0,306.44,Remote Village,Amex,0,1,2,6,4.02,24394.27,2824,0
6617,2024-10-25 00:31:59,0,4,0,368.42,Gas Station,RuPay,0,1,3,5,26.09,1504.67,1321,0
8121,2024-01-05 14:10:20,14,4,0,123.46,Suburban Branch,Visa,0,1,2,5,40.77,29078.84,3411,0
8156,2024-10-20 00:30:42,0,6,1,138.91,Hospital,Amex,0,1,2,2,31.48,26739.33,3165,0
1803,2024-04-17 17:46:55,17,2,0,153.8,University Campus,MasterCard,2,1,3,2,3.3,48699.51,1504,0
4737,2024-03-15 11:41:47,11,4,0,487.18,Remote Village,Visa,0,1,1,5,22.19,5287.45,1368,0
2386,2024-02-24 08:57:35,8,5,1,130.1,Shopping Mall,MasterCard,0,1,1,5,0.66,13958.13,1368,0
6695,2024-10-27 11:44:40,11,6,1,226.11,Remote Village,MasterCard,0,1,2,6,34.77,45109.31,3543,0
5760,2024-03-30 10:32:37,10,5,1,434.53,University Campus,Amex,0,1,1,8,18.06,657.76,67,0
1960,2024-01-15 05:34:30,5,0,0,180.02,Suburban Branch,Visa,0,1,1,2,26.49,21122.14,3609,0
2977,2024-12-23 17:28:42,17,0,0,445.8,Hospital,Visa,2,1,2,3,35.26,35091.41,1013,0
8681,2024-08-18 05:36:31,5,6,1,398.1,Hotel Lobby,Amex,0,1,3,1,18.12,10647.61,660,0
1844,2024-09-07 10:01:44,10,5,1,425.75,Suburban Branch,RuPay,0,1,3,3,35.3,48186.51,2049,0
1735,2024-08-18 01:30:07,1,6,1,235.77,University Campus,RuPay,0,1,1,3,48.79,49267.99,2731,0
2912,2024-12-03 16:46:39,16,1,0,403.99,Downtown Branch,Amex,0,1,3,3,37.19,6858.34,2652,0
8339,2024-05-06 15:33:12,15,0,0,77.44,Shopping Mall,Amex,1,1,3,8,0.39,44455.54,2195,0
1987,2024-07-30 12:59:35,12,1,0,305.36,Hospital,Amex,2,1,2,4,14.75,26109.88,1577,0
9562,2024-12-12 02:30:25,2,3,0,322.56,Hotel Lobby,Amex,2,1,14,7,2438.77,710.04,259,1
6547,2024-07-12 20:16:08,20,4,0,157.76,Suburban Branch,Amex,0,1,1,4,21.11,26425.2,2516,0
7099,2024-08-18 16:29:25,16,6,1,426.24,Gas Station,RuPay,0,1,2,1,27.18,17811.41,585,0
2812,2024-03-22 08:45:57,8,4,0,302.51,Downtown Branch,MasterCard,0,1,3,6,21.43,37945.24,906,0
660,2024-04-07 13:57:27,13,6,1,319.98,Suburban Branch,RuPay,0,1,1,3,28.84,10726.34,3404,0
2512,2024-09-16 00:27:52,0,0,0,321.87,University Campus,Visa,0,1,1,2,21.09,16820.62,1468,0
4283,2024-08-12 04:49:18,4,0,0,394.48,Suburban Branch,Visa,0,1,3,7,1.67,17775.7,2983,0
9340,2024-05-09 09:09:40,9,3,0,384.01,Gas Station,Visa,0,1,1,1,32.91,742.42,3308,0
8801,2024-02-12 02:23:55,2,0,0,315.16,Suburban Branch,MasterCard,0,1,1,6,18.59,11601.06,962,0
6288,2024-01-23 08:00:35,8,1,0,210.71,Shopping Mall,Visa,0,1,3,6,20.83,28642.87,290,0
1931,2024-07-29 02:39:04,2,0,0,352.53,Train Station,RuPay,0,1,3,1,49.53,41113.24,647,0
7126,2024-01-26 13:30:35,13,4,0,136.28,Remote Village,Amex,1,1,1,5,9.0,39452.59,1698,0
198,2024-09-16 08:13:03,8,0,0,76.75,Hospital,Amex,0,1,3,5,34.51,31971.7,1238,0
7778,2024-07-15 16:19:31,16,0,0,404.29,Train Station,Visa,0,1,2,3,10.99,38404.58,2683,0
2932,2024-03-12 08:35:48,8,1,0,474.53,Downtown Branch,Visa,0,1,2,6,33.83,20080.51,1905,0
8005,2024-10-12 08:47:56,8,5,1,150.3,University Campus,RuPay,0,1,3,2,7.96,5040.14,3251,0
2328,2024-03-31 15:40:48,15,6,1,51.73,Gas Station,MasterCard,1,1,3,2,18.69,24161.87,2406,0
4390,2024-07-09 20:35:20,20,1,0,455.79,Remote Village,MasterCard,0,1,2,2,27.17,2063.81,1910,0
8959,2024-06-28 13:04:35,13,4,0,396.14,Suburban Branch,MasterCard,0,1,1,3,36.13,19424.92,903,0
4219,2024-09-03 23:06:59,23,1,0,471.74,University Campus,RuPay,0,1,1,5,46.86,22247.03,1412,0
203,2024-04-08 19:42:47,19,0,0,411.9,Remote Village,Visa,0,1,2,6,35.02,27104.06,276,0
3511,2024-08-23 22:55:39,22,4,0,168.13,Hospital,Amex,0,1,1,5,10.52,20482.89,680,0
4932,2024-02-16 00:03:44,0,4,0,72.57,Train Station,Visa,0,1,2,5,18.59,28336.96,3455,0
5536,2024-07-25 00:07:13,0,3,0,73.92,Airport Terminal,Amex,0,1,3,7,24.73,30773.59,438,0
5792,2024-05-07 04:37:14,4,1,0,325.59,Downtown Branch,RuPay,0,1,2,7,26.04,13617.72,3535,0
1708,2024-03-21 10:41:56,10,3,0,222.2,Shopping Mall,RuPay,0,1,3,5,16.38,30014.74,1582,0
5173,2024-09-22 21:11:40,21,6,1,457.11,Airport Terminal,Amex,0,1,1,2,47.0,26118.61,3548,0
5250,2024-09-23 22:23:53,22,0,0,465.86,Shopping Mall,Visa,0,1,3,4,34.27,41377.81,2442,0
6529,2024-09-07 14:41:42,14,5,1,474.66,University Campus,Visa,1,1,2,3,0.29,24723.23,1721,0
9849,2024-03-30 04:07:40,4,5,1,2167.9,Airport Terminal,MasterCard,4,1,4,17,4839.76,17.67,305,1
5856,2024-09-17 21:15:45,21,1,0,47.62,Train Station,RuPay,0,1,2,1,38.12,36629.0,341,0
8165,2024-03-19 17:31:16,17,1,0,371.23,Hospital,RuPay,0,1,2,2,0.79,31757.49,2124,0
855,2024-07-13 02:46:41,2,5,1,346.39,Gas Station,Visa,0,1,3,1,29.94,15513.68,2850,0
4738,2024-01-13 03:19:03,3,5,1,337.59,Hotel Lobby,MasterCard,0,1,3,6,0.74,36803.53,993,0
699,2024-07-09 03:37:02,3,1,0,233.81,Gas Station,MasterCard,0,1,2,2,37.82,40568.62,2544,0
3697,2024-09-02 07:45:46,7,0,0,63.35,University Campus,Visa,0,1,3,4,42.92,34022.63,966,0
1637,2024-05-06 12:53:12,12,0,0,107.26,Remote Village,RuPay,0,1,1,7,44.08,47771.56,3031,0
7281,2024-11-18 23:54:30,23,0,0,46.0,Train Station,MasterCard,0,1,1,5,30.91,15416.3,3069,0
7555,2024-08-11 23:10:44,23,6,1,272.4,Train Station,RuPay,0,1,1,8,13.33,3847.95,793,0
3582,2024-05-12 10:21:05,10,6,1,487.08,Downtown Branch,RuPay,0,1,3,6,38.37,31670.4,2565,0
1292,2024-10-26 08:46:30,8,5,1,348.35,Downtown Branch,MasterCard,0,1,1,5,44.6,37417.78,2369,0
6586,2024-01-24 23:19:27,23,2,0,440.9,Airport Terminal,MasterCard,0,1,2,5,31.19,45378.41,2353,0
1854,2024-08-11 18:52:16,18,6,1,366.03,University Campus,Visa,0,1,2,8,17.89,9324.65,1984,0
5233,2024-06-19 03:20:10,3,2,0,340.46,Shopping Mall,Amex,0,1,2,1,33.23,42083.37,1957,0
3764,2024-12-05 12:39:24,12,3,0,211.6,Downtown Branch,Visa,0,1,3,3,16.74,17357.34,1529,0
3305,2024-05-16 14:08:09,14,3,0,41.54,Airport Terminal,RuPay,0,1,3,5,43.96,36151.72,1734,0
1496,2024-02-01 20:22:41,20,3,0,180.35,Remote Village,MasterCard,0,1,1,1,23.52,36464.56,548,0
7995,2024-12-11 15:30:04,15,2,0,62.14,Shopping Mall,RuPay,0,1,1,4,12.17,39116.58,375,0
1999,2024-01-10 00:09:56,0,2,0,109.42,Shopping Mall,MasterCard,0,1,1,1,46.19,3484.22,3500,0
664,2024-08-05 09:56:50,9,0,0,495.82,Downtown Branch,MasterCard,0,1,2,3,1.46,39504.53,1167,0
3749,2024-05-26 10:05:13,10,6,1,477.96,Gas Station,Amex,0,1,1,7,34.1,42351.45,1934,0
4414,2024-06-07 05:21:27,5,4,0,139.85,Downtown Branch,MasterCard,0,1,3,8,22.15,31486.89,3131,0
5531,2024-03-07 04:53:35,4,3,0,360.5,Airport Terminal,Amex,0,1,1,6,20.96,39869.73,3195,0
5576,2024-06-21 22:03:09,22,4,0,274.0,Suburban Branch,Visa,0,1,3,7,10.77,18056.14,1487,0
8902,2024-10-14 05:19:39,5,0,0,30.01,Hospital,MasterCard,0,1,3,7,46.1,45624.55,1829,0
7527,2024-02-27 03:03:10,3,1,0,34.91,Airport Terminal,Amex,0,1,3,1,5.47,35486.15,944,0
9475,2024-04-09 16:29:21,16,1,0,360.09,Train Station,RuPay,0,1,1,5,42.94,45386.7,643,0
5865,2024-03-21 01:23:19,1,3,0,486.56,Train Station,RuPay,0,1,2,7,18.32,45382.28,1240,0
6777,2024-11-30 08:39:20,8,5,1,25.25,Airport Terminal,Amex,0,1,1,8,29.74,23450.4,3249,0
1307,2024-01-15 22:11:37,22,0,0,88.87,University Campus,MasterCard,0,1,1,1,40.69,38457.9,520,0
7393,2024-01-05 08:43:53,8,4,0,213.18,Airport Terminal,Amex,0,1,2,5,24.61,916.24,1999,0
5593,2024-03-25 00:48:10,0,0,0,124.55,Downtown Branch,RuPay,0,1,1,4,41.0,2147.17,2405,0
9722,2024-04-28 23:19:57,23,6,1,270.5,Gas Station,Amex,1,1,7,24,4818.73,1014.68,75,1
1664,2024-06-13 08:24:30,8,3,0,448.66,Airport Terminal,MasterCard,0,1,3,6,18.6,21315.99,736,0
5451,2024-03-12 06:08:29,6,1,0,77.37,Gas Station,Amex,0,1,2,8,9.03,44497.98,1451,0
9955,2024-03-29 01:55:14,1,4,0,3734.44,Remote Village,Visa,5,1,15,9,4858.07,1248.67,13,1
3628,2024-02-22 02:18:15,2,3,0,251.68,Downtown Branch,RuPay,0,1,2,4,48.65,37681.98,400,0
2694,2024-07-07 17:42:10,17,6,1,378.48,Train Station,Amex,0,1,3,2,32.68,20182.35,666,0
9790,2024-04-09 23:21:37,23,1,0,134.15,Downtown Branch,MasterCard,1,1,11,12,1949.94,534.17,125,1
5916,2024-10-16 04:51:18,4,2,0,235.97,University Campus,Visa,0,1,1,5,23.58,4076.69,3485,0
3158,2024-09-22 15:28:33,15,6,1,424.16,Hospital,MasterCard,0,1,3,4,5.14,38879.07,2935,0
6669,2024-04-04 00:50:59,0,3,0,74.07,Gas Station,MasterCard,0,1,1,2,17.11,5199.65,2875,0
1060,2024-05-12 09:49:55,9,6,1,368.38,Hospital,Amex,0,1,3,1,40.37,27709.38,2984,0
4637,2024-02-07 18:36:18,18,2,0,347.91,University Campus,RuPay,0,1,2,1,42.17,44623.79,2645,0
3243,2024-05-18 02:51:53,2,5,1,318.79,Hotel Lobby,MasterCard,0,1,1,2,21.2,27956.36,2747,0
1679,2024-07-05 08:54:59,8,4,0,294.09,Shopping Mall,Amex,0,1,2,3,10.55,34475.32,2141,0
6893,2024-05-07 22:50:00,22,1,0,217.17,Train Station,Amex,0,1,2,3,19.8,15927.07,1621,0
6375,2024-01-09 13:42:56,13,1,0,470.7,Downtown Branch,MasterCard,0,1,2,5,27.72,19661.58,2077,0
7575,2024-02-12 10:41:32,10,0,0,475.43,Remote Village,Amex,1,1,2,1,25.18,40625.39,1549,0
1758,2024-12-23 02:45:22,2,0,0,288.8,Gas Station,MasterCard,0,1,1,8,26.01,47271.46,3375,0
6020,2024-11-11 19:16:42,19,0,0,450.66,Hotel Lobby,Visa,0,1,1,2,21.12,48948.84,1453,0
5117,2024-01-24 01:23:40,1,2,0,361.95,Hotel Lobby,MasterCard,0,1,1,5,35.04,12727.62,1920,0
8756,2024-02-07 02:07:28,2,2,0,40.05,Gas Station,RuPay,0,1,2,6,9.18,36126.93,136,0
7409,2024-08-16 13:10:42,13,4,0,45.49,Shopping Mall,RuPay,0,1,1,3,32.8,18604.33,3480,0
2791,2024-03-15 03:06:23,3,4,0,363.0,Downtown Branch,MasterCard,0,1,2,1,16.21,3723.88,227,0
864,2024-04-16 21:11:57,21,1,0,323.52,Downtown Branch,MasterCard,0,1,1,2,24.46,33472.73,2117,0
7859,2024-09-02 10:23:17,10,0,0,243.39,Gas Station,MasterCard,0,1,2,6,5.05,46042.36,3197,0
1485,2024-01-12 13:39:16,13,4,0,183.29,Hospital,RuPay,0,1,3,7,10.62,9588.17,2641,0
7036,2024-04-22 21:14:27,21,0,0,259.26,Hospital,MasterCard,0,1,2,5,0.24,37046.39,2830,0
7722,2024-09-04 20:46:55,20,2,0,490.02,Gas Station,RuPay,0,1,3,7,33.09,29334.91,1795,0
5978,2024-07-04 19:30:44,19,3,0,335.08,Gas Station,Visa,0,1,2,4,42.87,8979.01,1535,0
5135,2024-12-24 19:55:41,19,1,0,454.99,Airport Terminal,Amex,0,1,3,7,25.16,30548.39,2239,0
207,2024-05-14 10:26:33,10,1,0,94.46,Airport Terminal,MasterCard,0,1,3,7,30.75,46818.27,94,0
4489,2024-10-03 07:05:35,7,3,0,480.32,University Campus,RuPay,0,1,1,8,31.19,36745.97,545,0
6939,2024-09-26 08:32:41,8,3,0,203.51,Hotel Lobby,RuPay,0,1,3,6,10.72,21438.26,1249,0
9063,2024-10-31 10:54:47,10,3,0,235.43,Hotel Lobby,MasterCard,0,1,3,1,49.93,43999.51,366,0
6911,2024-05-10 01:35:07,1,4,0,430.35,Suburban Branch,Visa,0,1,1,2,45.72,11539.14,417,0
503,2024-06-11 01:49:43,1,1,0,135.37,Gas Station,MasterCard,0,1,2,8,27.11,10417.19,597,0
7386,2024-05-22 01:29:47,1,2,0,230.76,Hospital,Visa,0,1,1,4,23.37,35769.78,1325,0
1029,2024-11-29 17:23:09,17,4,0,335.92,Shopping Mall,MasterCard,0,1,1,3,40.93,32907.52,729,0
3841,2024-07-13 00:07:38,0,5,1,228.92,Train Station,Amex,0,1,3,7,18.85,41520.8,3248,0
8111,2024-04-19 19:57:30,19,4,0,410.77,Airport Terminal,Visa,0,1,1,7,10.23,29740.0,816,0
5057,2024-05-07 05:41:54,5,1,0,245.18,Downtown Branch,Amex,0,1,2,5,11.04,27220.57,2849,0
9763,2024-02-02 21:31:12,21,4,0,135.09,Downtown Branch,Visa,2,1,9,17,2947.27,-238.57,307,1
8155,2024-06-24 19:58:32,19,0,0,149.66,Remote Village,RuPay,0,1,3,7,25.78,26763.15,2235,0
2732,2024-01-02 20:51:27,20,1,0,178.38,Gas Station,Amex,1,1,1,6,10.44,22466.08,2318,0
8997,2024-10-12 17:08:13,17,5,1,305.3,Airport Terminal,Amex,0,1,3,3,4.03,21761.42,2842,0
2455,2024-04-19 15:07:15,15,4,0,96.43,Shopping Mall,Amex,0,1,3,8,16.76,2261.39,2820,0
7216,2024-03-21 00:32:31,0,3,0,109.83,Airport Terminal,RuPay,2,1,1,4,40.96,20505.96,516,0
3105,2024-02-20 18:50:44,18,1,0,260.56,Hotel Lobby,Amex,0,1,2,2,27.66,22180.85,3302,0
8393,2024-09-25 11:42:10,11,2,0,93.76,Downtown Branch,Visa,0,1,2,4,7.74,399.51,1434,0
6279,2024-06-06 04:26:54,4,3,0,105.72,Remote Village,Amex,0,0,1,2,22.84,20564.09,3092,0
3100,2024-06-02 22:04:01,22,6,1,365.6,Train Station,RuPay,0,1,3,3,20.67,15279.92,3124,0
6185,2024-07-07 17:38:24,17,6,1,336.32,Hospital,Amex,0,1,2,7,27.82,28486.49,760,0
3562,2024-01-31 02:18:59,2,2,0,70.52,Remote Village,Visa,0,1,3,6,23.9,14512.06,3164,0
5893,2024-09-28 15:33:19,15,5,1,139.22,Gas Station,MasterCard,0,1,1,6,40.25,29091.06,2505,0
392,2024-05-04 09:31:52,9,5,1,266.67,Shopping Mall,MasterCard,1,0,3,1,31.35,10618.0,2608,0
6737,2024-03-20 02:34:45,2,2,0,436.14,Hotel Lobby,Amex,2,1,1,8,3.0,9688.29,2929,0
5619,2024-09-25 16:04:16,16,2,0,82.35,University Campus,MasterCard,0,1,3,2,9.47,14849.36,1394,0
5259,2024-07-04 07:41:42,7,3,0,280.86,Shopping Mall,RuPay,0,1,2,8,1.04,20686.89,269,0
9688,2024-09-02 14:12:00,14,0,0,226.47,Hospital,Amex,3,0,8,12,3311.12,-284.77,97,1
2696,2024-04-07 17:17:35,17,6,1,212.21,Train Station,RuPay,0,1,1,5,36.48,24685.73,2446,0
2028,2024-12-28 15:49:19,15,5,1,239.24,Suburban Branch,Visa,0,1,3,8,37.0,30927.02,1620,0
5464,2024-10-30 04:37:38,4,2,0,319.08,Remote Village,MasterCard,2,1,3,2,15.24,45198.57,2710,0
2569,2024-07-03 22:42:26,22,2,0,342.83,Gas Station,MasterCard,0,1,2,4,17.09,21112.79,3390,0
8007,2024-11-23 23:13:54,23,5,1,119.01,Suburban Branch,Visa,0,1,2,7,24.97,23562.36,331,0
65,2024-06-14 05:58:58,5,4,0,498.38,Hotel Lobby,Amex,0,1,2,5,12.57,6120.73,818,0
2063,2024-09-01 03:46:52,3,6,1,77.83,Train Station,RuPay,0,1,2,3,35.31,1229.43,711,0
5277,2024-05-27 03:34:24,3,0,0,244.07,Gas Station,Visa,0,1,1,5,8.29,25300.87,64,0
7209,2024-01-22 09:50:12,9,0,0,358.59,Gas Station,RuPay,0,1,1,6,38.43,427.54,431,0
8685,2024-08-27 14:27:23,14,1,0,234.05,Hotel Lobby,MasterCard,0,1,3,8,5.36,6912.75,3318,0
8572,2024-03-26 19:15:15,19,1,0,358.59,Train Station,RuPay,0,1,1,8,42.43,4103.78,1310,0
6332,2024-07-17 11:17:56,11,2,0,89.02,Airport Terminal,Visa,0,1,3,7,0.56,8303.82,955,0
4860,2024-09-09 23:57:54,23,0,0,319.27,Downtown Branch,MasterCard,0,1,3,2,17.78,40824.26,2243,0
4888,2024-11-02 22:58:30,22,5,1,483.27,Train Station,RuPay,0,1,3,5,3.55,2961.4,1780,0
9269,2024-11-16 10:42:02,10,5,1,496.33,Hospital,Amex,0,1,2,4,48.22,29310.61,2280,0
879,2024-07-04 04:40:29,4,3,0,304.31,Suburban Branch,Visa,0,1,3,3,7.13,28421.28,1125,0
8530,2024-11-22 18:50:47,18,4,0,438.63,Airport Terminal,Amex,0,1,3,6,22.75,36632.69,3527,0
7917,2024-02-27 16:36:17,16,1,0,272.57,University Campus,Visa,0,1,3,5,9.66,23524.08,543,0
6864,2024-05-28 17:59:05,17,1,0,276.53,Suburban Branch,MasterCard,0,1,3,7,21.82,7238.19,1590,0
7893,2024-03-15 01:27:17,1,4,0,298.2,University Campus,Visa,0,1,1,6,41.33,31148.84,2059,0
6440,2024-04-30 12:08:46,12,1,0,411.61,Hospital,MasterCard,0,1,1,2,1.11,31285.63,1782,0
7870,2024-10-08 23:42:53,23,1,0,106.22,Shopping Mall,MasterCard,0,1,2,8,34.68,33015.93,2068,0
1017,2024-05-16 00:16:13,0,3,0,441.79,Suburban Branch,MasterCard,0,1,3,3,47.68,35688.54,614,0
9468,2024-03-13 09:15:27,9,2,0,240.04,Airport Terminal,MasterCard,2,1,3,3,32.14,37890.25,2157,0
7630,2024-02-04 18:18:42,18,6,1,269.98,University Campus,RuPay,0,1,3,6,28.77,43363.58,2861,0
996,2024-03-23 12:24:53,12,5,1,26.3,Hospital,Amex,0,1,1,6,10.43,29567.1,2191,0
4298,2024-08-04 19:24:50,19,6,1,56.09,University Campus,MasterCard,0,1,1,6,34.42,26792.95,169,0
162,2024-03-18 17:47:50,17,0,0,78.87,Train Station,Amex,1,1,3,8,49.86,40544.61,3493,0
5676,2024-10-01 03:29:15,3,1,0,162.42,Airport Terminal,RuPay,0,0,3,3,26.93,9895.44,1715,0
6874,2024-04-04 00:17:07,0,3,0,478.17,Airport Terminal,Visa,0,1,1,3,33.01,12203.87,1173,0
9693,2024-08-20 04:04:18,4,1,0,2505.53,Airport Terminal,MasterCard,3,1,13,16,3338.72,1352.91,115,1
7990,2024-04-09 10:25:29,10,1,0,83.46,Gas Station,MasterCard,0,1,1,1,45.35,6124.18,624,0
3844,2024-05-13 22:57:47,22,0,0,20.25,Gas Station,Amex,0,1,3,8,12.24,49348.46,235,0
1022,2024-06-30 21:36:27,21,6,1,190.01,Hospital,MasterCard,0,1,3,1,47.87,21103.84,3125,0
3074,2024-10-27 08:44:31,8,6,1,307.08,Airport Terminal,Visa,0,1,3,5,24.92,28912.0,44,0
7556,2024-07-29 15:47:19,15,0,0,147.99,Suburban Branch,Amex,0,1,2,4,7.13,570.55,3264,0
3944,2024-08-10 16:08:35,16,5,1,447.85,Hospital,Amex,0,1,2,5,45.23,15942.21,249,0
1586,2024-02-04 15:16:53,15,6,1,469.88,Hotel Lobby,RuPay,1,1,1,4,17.24,48054.61,475,0
3153,2024-12-02 15:33:03,15,0,0,81.2,Gas Station,MasterCard,0,1,3,3,9.77,37884.05,2053,0
8227,2024-11-27 15:27:38,15,2,0,127.74,Train Station,MasterCard,0,1,2,6,33.08,2608.7,3569,0
776,2024-06-25 10:24:08,10,1,0,440.53,Train Station,MasterCard,1,1,1,4,34.66,23380.18,903,0
9671,2024-08-22 01:03:45,1,3,0,2502.73,Remote Village,RuPay,5,1,12,20,947.02,-421.12,30,1
7100,2024-03-02 03:28:43,3,5,1,385.24,Remote Village,Amex,0,1,2,4,42.13,15912.9,3264,0
5487,2024-04-08 18:09:53,18,0,0,383.57,Remote Village,MasterCard,0,1,3,3,49.54,8287.67,2838,0
6236,2024-03-16 14:44:25,14,5,1,441.47,Airport Terminal,Visa,0,1,3,3,46.32,27058.24,3459,0
9556,2024-06-27 02:53:08,2,3,0,1118.14,Remote Village,MasterCard,2,1,10,18,2515.05,1871.62,77,1
7042,2024-11-15 16:42:15,16,4,0,89.24,Hospital,RuPay,0,1,3,3,10.59,44659.75,2407,0
2613,2024-07-16 20:19:38,20,1,0,314.84,Remote Village,Amex,1,1,2,5,39.18,48312.81,3547,0
7514,2024-02-01 15:50:47,15,3,0,174.37,Suburban Branch,RuPay,0,1,3,8,42.29,26103.52,2719,0
8434,2024-10-09 02:23:45,2,2,0,225.63,Remote Village,MasterCard,2,1,2,2,35.83,46700.54,1130,0
8793,2024-09-01 17:13:08,17,6,1,63.39,Airport Terminal,MasterCard,0,1,2,8,49.02,42640.71,670,0
5394,2024-12-08 19:19:34,19,6,1,194.05,Downtown Branch,RuPay,0,1,3,5,15.55,13236.6,1948,0
8839,2024-04-22 01:30:40,1,0,0,114.41,Downtown Branch,Visa,0,1,2,1,47.38,24126.1,2636,0
3891,2024-12-26 08:28:51,8,3,0,259.12,Remote Village,RuPay,0,1,2,5,18.19,27813.11,2614,0
3557,2024-08-22 02:36:04,2,3,0,57.17,Hospital,Amex,0,1,2,3,39.45,7860.49,1049,0
1529,2024-07-20 03:41:28,3,5,1,90.95,Hospital,Amex,0,1,3,2,36.89,16159.94,704,0
1268,2024-08-26 05:29:20,5,0,0,293.65,University Campus,Visa,0,1,1,4,27.4,33409.31,1151,0
7735,2024-01-28 08:29:51,8,6,1,230.73,Suburban Branch,MasterCard,1,1,3,2,37.46,30781.54,2585,0
1900,2024-07-10 20:20:12,20,2,0,68.97,Train Station,MasterCard,0,1,3,5,12.49,27922.06,774,0
4659,2024-08-18 06:44:48,6,6,1,191.5,Hotel Lobby,Visa,2,1,2,5,12.34,15939.89,594,0
3006,2024-08-25 12:34:32,12,6,1,293.62,Downtown Branch,Visa,2,1,2,4,34.42,19397.46,2336,0
2735,2024-01-18 07:46:09,7,3,0,129.27,Remote Village,Amex,0,1,3,8,16.67,37771.01,2077,0
190,2024-09-04 18:04:27,18,2,0,131.76,Hotel Lobby,RuPay,0,1,1,3,0.26,27562.59,676,0
9168,2024-05-18 13:17:50,13,5,1,229.64,University Campus,Visa,0,1,1,2,41.36,34037.45,3553,0
2748,2024-08-25 15:59:35,15,6,1,185.02,Hotel Lobby,MasterCard,0,1,2,6,38.93,29979.41,400,0
2048,2024-12-09 06:18:14,6,0,0,498.94,Train Station,MasterCard,1,1,2,5,23.67,41510.48,2743,0
7850,2024-02-14 10:52:35,10,2,0,263.46,Hospital,MasterCard,0,1,3,6,12.72,22064.49,943,0
2559,2024-02-01 19:53:07,19,3,0,280.74,Suburban Branch,Visa,0,1,2,2,25.93,1119.07,2227,0
9275,2024-04-26 23:58:49,23,4,0,337.0,Remote Village,Amex,0,1,3,4,17.3,36715.91,358,0
8667,2024-09-19 04:03:50,4,3,0,375.78,University Campus,MasterCard,0,1,1,4,27.93,37786.82,1869,0
6397,2024-07-14 21:48:14,21,6,1,33.5,Airport Terminal,Amex,0,1,3,2,41.85,42626.04,3624,0
3386,2024-05-22 13:15:23,13,2,0,340.96,Downtown Branch,Amex,0,1,2,2,47.13,1246.99,2872,0
4556,2024-10-15 03:42:41,3,1,0,451.16,Suburban Branch,Visa,0,1,2,5,30.5,11926.81,3460,0
1185,2024-02-25 03:04:14,3,6,1,458.23,University Campus,MasterCard,0,1,2,2,22.91,35483.24,3112,0
6421,2024-07-11 13:21:13,13,3,0,234.94,Train Station,MasterCard,0,1,2,4,1.61,42308.63,1376,0
5052,2024-02-09 02:41:31,2,4,0,55.65,Downtown Branch,RuPay,0,1,3,7,38.1,6769.55,2016,0
5312,2024-09-27 07:28:37,7,4,0,396.68,Gas Station,Amex,0,1,3,7,18.56,29897.36,1841,0
2434,2024-12-03 08:39:07,8,1,0,395.64,Downtown Branch,Visa,0,1,1,5,44.65,23127.31,3540,0
6950,2024-09-18 00:44:44,0,2,0,45.65,Hospital,Amex,0,1,2,4,7.07,1051.86,1440,0
770,2024-05-11 21:27:17,21,5,1,332.44,Downtown Branch,Visa,0,1,2,4,5.4,713.2,2951,0
1686,2024-07-15 20:09:56,20,0,0,199.42,Suburban Branch,RuPay,1,1,1,5,27.0,20997.5,1341,0
8323,2024-06-09 23:49:01,23,6,1,62.08,Suburban Branch,RuPay,0,1,3,1,8.68,43426.79,664,0
5579,2024-04-09 11:50:24,11,1,0,193.2,Remote Village,Visa,0,1,2,3,38.53,3608.83,590,0
4427,2024-06-07 05:05:36,5,4,0,71.18,Airport Terminal,RuPay,0,1,3,2,1.63,5080.87,2788,0
467,2024-04-08 09:02:45,9,0,0,250.99,Hotel Lobby,Amex,0,1,3,4,48.66,11874.7,1808,0
6266,2024-11-14 15:15:00,15,3,0,346.01,Hotel Lobby,RuPay,0,1,1,2,17.42,41117.36,82,0
5735,2024-10-07 09:25:19,9,0,0,116.9,Gas Station,Visa,1,1,2,3,44.18,36141.18,1705,0
5192,2024-07-18 11:04:26,11,3,0,471.49,Downtown Branch,RuPay,0,1,2,8,1.97,43235.3,1529,0
5391,2024-01-03 19:20:46,19,2,0,245.1,Suburban Branch,Visa,1,1,3,4,8.79,4138.15,1931,0
861,2024-05-20 16:11:20,16,0,0,368.46,Shopping Mall,MasterCard,0,1,2,3,46.3,4892.78,1970,0
7271,2024-03-21 16:29:21,16,3,0,412.82,Hotel Lobby,MasterCard,0,1,1,7,23.78,15661.28,438,0
